dataset,frequency_bin,normalized_power,signal_count,normalization
Kodak-24,1,1.0,24,per-signal radial PSD divided by bin 1
Kodak-24,2,0.3923174203421352,24,per-signal radial PSD divided by bin 1
Kodak-24,3,0.1791440660683505,24,per-signal radial PSD divided by bin 1
Kodak-24,4,0.12045414623218131,24,per-signal radial PSD divided by bin 1
Kodak-24,5,0.059327931110829714,24,per-signal radial PSD divided by bin 1
Kodak-24,6,0.04400933970101817,24,per-signal radial PSD divided by bin 1
Kodak-24,7,0.029149095068944687,24,per-signal radial PSD divided by bin 1
Kodak-24,8,0.02069127797878284,24,per-signal radial PSD divided by bin 1
Kodak-24,9,0.016871424337024862,24,per-signal radial PSD divided by bin 1
Kodak-24,10,0.012889497162269599,24,per-signal radial PSD divided by bin 1
Kodak-24,11,0.011638133571797328,24,per-signal radial PSD divided by bin 1
Kodak-24,12,0.009221145151601102,24,per-signal radial PSD divided by bin 1
Kodak-24,13,0.007424693415937519,24,per-signal radial PSD divided by bin 1
Kodak-24,14,0.006061984654645813,24,per-signal radial PSD divided by bin 1
Kodak-24,15,0.004988719077252395,24,per-signal radial PSD divided by bin 1
Kodak-24,16,0.004750589026435638,24,per-signal radial PSD divided by bin 1
Kodak-24,17,0.00378859225954219,24,per-signal radial PSD divided by bin 1
Kodak-24,18,0.0035598113388617537,24,per-signal radial PSD divided by bin 1
Kodak-24,19,0.003118171601939161,24,per-signal radial PSD divided by bin 1
Kodak-24,20,0.002537255137282,24,per-signal radial PSD divided by bin 1
Kodak-24,21,0.0023709942066756228,24,per-signal radial PSD divided by bin 1
Kodak-24,22,0.0020533631606586378,24,per-signal radial PSD divided by bin 1
Kodak-24,23,0.00194553189145792,24,per-signal radial PSD divided by bin 1
Kodak-24,24,0.001787956661715122,24,per-signal radial PSD divided by bin 1
Kodak-24,25,0.0016906190581534638,24,per-signal radial PSD divided by bin 1
Kodak-24,26,0.0015100050052851007,24,per-signal radial PSD divided by bin 1
Kodak-24,27,0.0014274544743550551,24,per-signal radial PSD divided by bin 1
Kodak-24,28,0.0012167515789544218,24,per-signal radial PSD divided by bin 1
Kodak-24,29,0.0011021799276186362,24,per-signal radial PSD divided by bin 1
Kodak-24,30,0.0010697665915375895,24,per-signal radial PSD divided by bin 1
Kodak-24,31,0.0009908982869414856,24,per-signal radial PSD divided by bin 1
Kodak-24,32,0.0010239218022373463,24,per-signal radial PSD divided by bin 1
Kodak-24,33,0.0009586945605460998,24,per-signal radial PSD divided by bin 1
Kodak-24,34,0.0008176228161067174,24,per-signal radial PSD divided by bin 1
Kodak-24,35,0.0007840828356899956,24,per-signal radial PSD divided by bin 1
Kodak-24,36,0.000692801631745396,24,per-signal radial PSD divided by bin 1
Kodak-24,37,0.000647256563060964,24,per-signal radial PSD divided by bin 1
Kodak-24,38,0.0006057501272916376,24,per-signal radial PSD divided by bin 1
Kodak-24,39,0.0005771018926373487,24,per-signal radial PSD divided by bin 1
Kodak-24,40,0.0005998766138409884,24,per-signal radial PSD divided by bin 1
Kodak-24,41,0.0005293180262433604,24,per-signal radial PSD divided by bin 1
Kodak-24,42,0.0005126985244175968,24,per-signal radial PSD divided by bin 1
Kodak-24,43,0.0004828821195017926,24,per-signal radial PSD divided by bin 1
Kodak-24,44,0.0004420365881575928,24,per-signal radial PSD divided by bin 1
Kodak-24,45,0.00047991238470422126,24,per-signal radial PSD divided by bin 1
Kodak-24,46,0.00040380136589645297,24,per-signal radial PSD divided by bin 1
Kodak-24,47,0.0003879587533869092,24,per-signal radial PSD divided by bin 1
Kodak-24,48,0.0003851700011207275,24,per-signal radial PSD divided by bin 1
Kodak-24,49,0.0004261940729105771,24,per-signal radial PSD divided by bin 1
Kodak-24,50,0.00042177174797172805,24,per-signal radial PSD divided by bin 1
Kodak-24,51,0.0003877745023787396,24,per-signal radial PSD divided by bin 1
Kodak-24,52,0.0003906861759284531,24,per-signal radial PSD divided by bin 1
Kodak-24,53,0.00040822307065680445,24,per-signal radial PSD divided by bin 1
Kodak-24,54,0.00037850176526274683,24,per-signal radial PSD divided by bin 1
Kodak-24,55,0.00032514181720318136,24,per-signal radial PSD divided by bin 1
Kodak-24,56,0.00031169921524180997,24,per-signal radial PSD divided by bin 1
Kodak-24,57,0.0002859307133922164,24,per-signal radial PSD divided by bin 1
Kodak-24,58,0.0002660935515335606,24,per-signal radial PSD divided by bin 1
Kodak-24,59,0.0002455281496032777,24,per-signal radial PSD divided by bin 1
Kodak-24,60,0.00026213685627911684,24,per-signal radial PSD divided by bin 1
Kodak-24,61,0.00024655090580919615,24,per-signal radial PSD divided by bin 1
Kodak-24,62,0.00022178002847306105,24,per-signal radial PSD divided by bin 1
Kodak-24,63,0.0002013319861886919,24,per-signal radial PSD divided by bin 1
Kodak-24,64,0.0002076436621239625,24,per-signal radial PSD divided by bin 1
Kodak-24,65,0.0001925941179632192,24,per-signal radial PSD divided by bin 1
Kodak-24,66,0.0002051711538074735,24,per-signal radial PSD divided by bin 1
Kodak-24,67,0.0001806455401344644,24,per-signal radial PSD divided by bin 1
Kodak-24,68,0.00017701468493756608,24,per-signal radial PSD divided by bin 1
Kodak-24,69,0.00018286728211292465,24,per-signal radial PSD divided by bin 1
Kodak-24,70,0.0001753132302961018,24,per-signal radial PSD divided by bin 1
Kodak-24,71,0.00017476413857724183,24,per-signal radial PSD divided by bin 1
Kodak-24,72,0.0001653121280603314,24,per-signal radial PSD divided by bin 1
Kodak-24,73,0.00016513161767826973,24,per-signal radial PSD divided by bin 1
Kodak-24,74,0.00015387461048556084,24,per-signal radial PSD divided by bin 1
Kodak-24,75,0.000159162560161406,24,per-signal radial PSD divided by bin 1
Kodak-24,76,0.00015239948879546306,24,per-signal radial PSD divided by bin 1
Kodak-24,77,0.00013613454852390508,24,per-signal radial PSD divided by bin 1
Kodak-24,78,0.00015051873676668844,24,per-signal radial PSD divided by bin 1
Kodak-24,79,0.00012528697944765425,24,per-signal radial PSD divided by bin 1
Kodak-24,80,0.00012229337707198192,24,per-signal radial PSD divided by bin 1
Kodak-24,81,0.0001196319014561392,24,per-signal radial PSD divided by bin 1
Kodak-24,82,0.00010776763520557275,24,per-signal radial PSD divided by bin 1
Kodak-24,83,0.00011668757381513608,24,per-signal radial PSD divided by bin 1
Kodak-24,84,0.00011231330275162411,24,per-signal radial PSD divided by bin 1
Kodak-24,85,0.00010428937039829316,24,per-signal radial PSD divided by bin 1
Kodak-24,86,9.747149578987635e-05,24,per-signal radial PSD divided by bin 1
Kodak-24,87,9.739446979990602e-05,24,per-signal radial PSD divided by bin 1
Kodak-24,88,9.407442383397724e-05,24,per-signal radial PSD divided by bin 1
Kodak-24,89,8.886821271083437e-05,24,per-signal radial PSD divided by bin 1
Kodak-24,90,9.429005006596004e-05,24,per-signal radial PSD divided by bin 1
Kodak-24,91,9.066577702516024e-05,24,per-signal radial PSD divided by bin 1
Kodak-24,92,9.041460128250731e-05,24,per-signal radial PSD divided by bin 1
Kodak-24,93,8.939293177437887e-05,24,per-signal radial PSD divided by bin 1
Kodak-24,94,8.50009538281045e-05,24,per-signal radial PSD divided by bin 1
Kodak-24,95,8.288103141551806e-05,24,per-signal radial PSD divided by bin 1
Kodak-24,96,8.572571429832018e-05,24,per-signal radial PSD divided by bin 1
Kodak-24,97,8.23595740810809e-05,24,per-signal radial PSD divided by bin 1
Kodak-24,98,8.234316084893192e-05,24,per-signal radial PSD divided by bin 1
Kodak-24,99,7.842919882325249e-05,24,per-signal radial PSD divided by bin 1
Kodak-24,100,7.998467126443699e-05,24,per-signal radial PSD divided by bin 1
Kodak-24,101,8.035467053149476e-05,24,per-signal radial PSD divided by bin 1
Kodak-24,102,7.946998680134713e-05,24,per-signal radial PSD divided by bin 1
Kodak-24,103,7.772119038276401e-05,24,per-signal radial PSD divided by bin 1
Kodak-24,104,7.501410497370274e-05,24,per-signal radial PSD divided by bin 1
Kodak-24,105,7.381532795740563e-05,24,per-signal radial PSD divided by bin 1
Kodak-24,106,7.103138055832561e-05,24,per-signal radial PSD divided by bin 1
Kodak-24,107,6.749298356137053e-05,24,per-signal radial PSD divided by bin 1
Kodak-24,108,6.684264067226456e-05,24,per-signal radial PSD divided by bin 1
Kodak-24,109,6.394266630976995e-05,24,per-signal radial PSD divided by bin 1
Kodak-24,110,6.60927298564951e-05,24,per-signal radial PSD divided by bin 1
Kodak-24,111,6.287030536956106e-05,24,per-signal radial PSD divided by bin 1
Kodak-24,112,6.0917303339592736e-05,24,per-signal radial PSD divided by bin 1
Kodak-24,113,5.890458823842098e-05,24,per-signal radial PSD divided by bin 1
Kodak-24,114,5.8175909682451245e-05,24,per-signal radial PSD divided by bin 1
Kodak-24,115,5.848001266778684e-05,24,per-signal radial PSD divided by bin 1
Kodak-24,116,5.461761207919393e-05,24,per-signal radial PSD divided by bin 1
Kodak-24,117,5.598130373383913e-05,24,per-signal radial PSD divided by bin 1
Kodak-24,118,5.126870792758077e-05,24,per-signal radial PSD divided by bin 1
Kodak-24,119,5.388522850421738e-05,24,per-signal radial PSD divided by bin 1
Kodak-24,120,5.303453829171693e-05,24,per-signal radial PSD divided by bin 1
Kodak-24,121,4.976276920221654e-05,24,per-signal radial PSD divided by bin 1
Kodak-24,122,5.1779262973089404e-05,24,per-signal radial PSD divided by bin 1
Kodak-24,123,5.0901475903676045e-05,24,per-signal radial PSD divided by bin 1
Kodak-24,124,5.0186923479363445e-05,24,per-signal radial PSD divided by bin 1
Kodak-24,125,4.7435064724796434e-05,24,per-signal radial PSD divided by bin 1
Kodak-24,126,4.8615789134899795e-05,24,per-signal radial PSD divided by bin 1
Kodak-24,127,4.4970996951181065e-05,24,per-signal radial PSD divided by bin 1
Kodak-24,128,4.665192901604916e-05,24,per-signal radial PSD divided by bin 1
Kodak-24,129,4.6611256786540116e-05,24,per-signal radial PSD divided by bin 1
Kodak-24,130,4.4955665103064534e-05,24,per-signal radial PSD divided by bin 1
Kodak-24,131,4.588325754296328e-05,24,per-signal radial PSD divided by bin 1
Kodak-24,132,4.481582420964337e-05,24,per-signal radial PSD divided by bin 1
Kodak-24,133,4.4150604639133204e-05,24,per-signal radial PSD divided by bin 1
Kodak-24,134,4.4240027189514607e-05,24,per-signal radial PSD divided by bin 1
Kodak-24,135,4.177223344763985e-05,24,per-signal radial PSD divided by bin 1
Kodak-24,136,4.077976325600263e-05,24,per-signal radial PSD divided by bin 1
Kodak-24,137,4.020753163005361e-05,24,per-signal radial PSD divided by bin 1
Kodak-24,138,4.089972598788286e-05,24,per-signal radial PSD divided by bin 1
Kodak-24,139,4.017020698601993e-05,24,per-signal radial PSD divided by bin 1
Kodak-24,140,3.977126599092529e-05,24,per-signal radial PSD divided by bin 1
Kodak-24,141,3.9346904620832635e-05,24,per-signal radial PSD divided by bin 1
Kodak-24,142,3.9779802823367315e-05,24,per-signal radial PSD divided by bin 1
Kodak-24,143,3.789093088405268e-05,24,per-signal radial PSD divided by bin 1
Kodak-24,144,3.845889406224197e-05,24,per-signal radial PSD divided by bin 1
Kodak-24,145,3.722111174877044e-05,24,per-signal radial PSD divided by bin 1
Kodak-24,146,4.111583076790777e-05,24,per-signal radial PSD divided by bin 1
Kodak-24,147,3.7665250815334586e-05,24,per-signal radial PSD divided by bin 1
Kodak-24,148,3.6812194562829395e-05,24,per-signal radial PSD divided by bin 1
Kodak-24,149,3.564992780927619e-05,24,per-signal radial PSD divided by bin 1
Kodak-24,150,3.713633754702589e-05,24,per-signal radial PSD divided by bin 1
Kodak-24,151,3.72341493657316e-05,24,per-signal radial PSD divided by bin 1
Kodak-24,152,3.4815613729671526e-05,24,per-signal radial PSD divided by bin 1
Kodak-24,153,3.412407439825067e-05,24,per-signal radial PSD divided by bin 1
Kodak-24,154,3.406176838102518e-05,24,per-signal radial PSD divided by bin 1
Kodak-24,155,3.362810358180404e-05,24,per-signal radial PSD divided by bin 1
Kodak-24,156,3.396886379664463e-05,24,per-signal radial PSD divided by bin 1
Kodak-24,157,3.134070740039237e-05,24,per-signal radial PSD divided by bin 1
Kodak-24,158,3.168606994398997e-05,24,per-signal radial PSD divided by bin 1
Kodak-24,159,3.0364188932285885e-05,24,per-signal radial PSD divided by bin 1
Kodak-24,160,2.9317971326216122e-05,24,per-signal radial PSD divided by bin 1
Kodak-24,161,2.962388471769549e-05,24,per-signal radial PSD divided by bin 1
Kodak-24,162,2.8877787968281744e-05,24,per-signal radial PSD divided by bin 1
Kodak-24,163,2.881091274019647e-05,24,per-signal radial PSD divided by bin 1
Kodak-24,164,2.780509381065412e-05,24,per-signal radial PSD divided by bin 1
Kodak-24,165,2.7416002185263506e-05,24,per-signal radial PSD divided by bin 1
Kodak-24,166,2.6064463285532767e-05,24,per-signal radial PSD divided by bin 1
Kodak-24,167,2.669152836511191e-05,24,per-signal radial PSD divided by bin 1
Kodak-24,168,2.6132837565081964e-05,24,per-signal radial PSD divided by bin 1
Kodak-24,169,2.5613000108596875e-05,24,per-signal radial PSD divided by bin 1
Kodak-24,170,2.440266258301497e-05,24,per-signal radial PSD divided by bin 1
Kodak-24,171,2.4501348813725996e-05,24,per-signal radial PSD divided by bin 1
Kodak-24,172,2.4959814356997397e-05,24,per-signal radial PSD divided by bin 1
Kodak-24,173,2.3352178143683886e-05,24,per-signal radial PSD divided by bin 1
Kodak-24,174,2.4364171905083226e-05,24,per-signal radial PSD divided by bin 1
Kodak-24,175,2.3800718212732297e-05,24,per-signal radial PSD divided by bin 1
Kodak-24,176,2.4523038387716856e-05,24,per-signal radial PSD divided by bin 1
Kodak-24,177,2.405614374826104e-05,24,per-signal radial PSD divided by bin 1
Kodak-24,178,2.277460329753684e-05,24,per-signal radial PSD divided by bin 1
Kodak-24,179,2.4103693149104018e-05,24,per-signal radial PSD divided by bin 1
Kodak-24,180,2.473010815489262e-05,24,per-signal radial PSD divided by bin 1
Kodak-24,181,2.165559983748412e-05,24,per-signal radial PSD divided by bin 1
Kodak-24,182,2.199317323580063e-05,24,per-signal radial PSD divided by bin 1
Kodak-24,183,2.2523702366067065e-05,24,per-signal radial PSD divided by bin 1
Kodak-24,184,2.1847298272470327e-05,24,per-signal radial PSD divided by bin 1
Kodak-24,185,2.1482752650811655e-05,24,per-signal radial PSD divided by bin 1
Kodak-24,186,2.052816558205858e-05,24,per-signal radial PSD divided by bin 1
Kodak-24,187,1.972515114055587e-05,24,per-signal radial PSD divided by bin 1
Kodak-24,188,2.0589265611995454e-05,24,per-signal radial PSD divided by bin 1
Kodak-24,189,1.9462030770370787e-05,24,per-signal radial PSD divided by bin 1
Kodak-24,190,1.851460973725779e-05,24,per-signal radial PSD divided by bin 1
Kodak-24,191,1.81641948223157e-05,24,per-signal radial PSD divided by bin 1
Kodak-24,192,1.969398121280532e-05,24,per-signal radial PSD divided by bin 1
Kodak-24,193,1.8249175386560405e-05,24,per-signal radial PSD divided by bin 1
Kodak-24,194,1.9292054829298997e-05,24,per-signal radial PSD divided by bin 1
Kodak-24,195,1.7969291714305534e-05,24,per-signal radial PSD divided by bin 1
Kodak-24,196,1.791277465158431e-05,24,per-signal radial PSD divided by bin 1
Kodak-24,197,1.79626673424499e-05,24,per-signal radial PSD divided by bin 1
Kodak-24,198,1.6884332045135046e-05,24,per-signal radial PSD divided by bin 1
Kodak-24,199,1.719977104895333e-05,24,per-signal radial PSD divided by bin 1
Kodak-24,200,1.6698205020082852e-05,24,per-signal radial PSD divided by bin 1
Kodak-24,201,1.577232886589312e-05,24,per-signal radial PSD divided by bin 1
Kodak-24,202,1.627925044745807e-05,24,per-signal radial PSD divided by bin 1
Kodak-24,203,1.5431737925891262e-05,24,per-signal radial PSD divided by bin 1
Kodak-24,204,1.6719659424429246e-05,24,per-signal radial PSD divided by bin 1
Kodak-24,205,1.5551230055983274e-05,24,per-signal radial PSD divided by bin 1
Kodak-24,206,1.4901840650470295e-05,24,per-signal radial PSD divided by bin 1
Kodak-24,207,1.5286847987370405e-05,24,per-signal radial PSD divided by bin 1
Kodak-24,208,1.4544946670442906e-05,24,per-signal radial PSD divided by bin 1
Kodak-24,209,1.4629059188613143e-05,24,per-signal radial PSD divided by bin 1
Kodak-24,210,1.4833267428366322e-05,24,per-signal radial PSD divided by bin 1
Kodak-24,211,1.3417006093451058e-05,24,per-signal radial PSD divided by bin 1
Kodak-24,212,1.3712376458817963e-05,24,per-signal radial PSD divided by bin 1
Kodak-24,213,1.3744091984293501e-05,24,per-signal radial PSD divided by bin 1
Kodak-24,214,1.3298313490767491e-05,24,per-signal radial PSD divided by bin 1
Kodak-24,215,1.3491248963724706e-05,24,per-signal radial PSD divided by bin 1
Kodak-24,216,1.3139151613162243e-05,24,per-signal radial PSD divided by bin 1
Kodak-24,217,1.3384370003543814e-05,24,per-signal radial PSD divided by bin 1
Kodak-24,218,1.2969751108248818e-05,24,per-signal radial PSD divided by bin 1
Kodak-24,219,1.2723499272293334e-05,24,per-signal radial PSD divided by bin 1
Kodak-24,220,1.3419617321165624e-05,24,per-signal radial PSD divided by bin 1
Kodak-24,221,1.2980303458707294e-05,24,per-signal radial PSD divided by bin 1
Kodak-24,222,1.245046596633262e-05,24,per-signal radial PSD divided by bin 1
Kodak-24,223,1.2001930878097658e-05,24,per-signal radial PSD divided by bin 1
Kodak-24,224,1.1842714945073885e-05,24,per-signal radial PSD divided by bin 1
Kodak-24,225,1.1391097207845992e-05,24,per-signal radial PSD divided by bin 1
Kodak-24,226,1.1380882818445864e-05,24,per-signal radial PSD divided by bin 1
Kodak-24,227,1.1381963389533382e-05,24,per-signal radial PSD divided by bin 1
Kodak-24,228,1.1213085822466588e-05,24,per-signal radial PSD divided by bin 1
Kodak-24,229,1.0658964372537515e-05,24,per-signal radial PSD divided by bin 1
Kodak-24,230,1.0411570112044634e-05,24,per-signal radial PSD divided by bin 1
Kodak-24,231,1.0752049481995903e-05,24,per-signal radial PSD divided by bin 1
Kodak-24,232,1.0415041772966421e-05,24,per-signal radial PSD divided by bin 1
Kodak-24,233,9.967377528280848e-06,24,per-signal radial PSD divided by bin 1
Kodak-24,234,1.0272846451194297e-05,24,per-signal radial PSD divided by bin 1
Kodak-24,235,1.0282435725207941e-05,24,per-signal radial PSD divided by bin 1
Kodak-24,236,9.864557173345338e-06,24,per-signal radial PSD divided by bin 1
Kodak-24,237,9.982629786990532e-06,24,per-signal radial PSD divided by bin 1
Kodak-24,238,9.573412704133227e-06,24,per-signal radial PSD divided by bin 1
Kodak-24,239,9.449272982524339e-06,24,per-signal radial PSD divided by bin 1
Kodak-24,240,9.226205124391042e-06,24,per-signal radial PSD divided by bin 1
Kodak-24,241,9.009993583314195e-06,24,per-signal radial PSD divided by bin 1
Kodak-24,242,8.920252281029383e-06,24,per-signal radial PSD divided by bin 1
Kodak-24,243,8.80566513572203e-06,24,per-signal radial PSD divided by bin 1
Kodak-24,244,8.642353899551223e-06,24,per-signal radial PSD divided by bin 1
Kodak-24,245,8.746522513603839e-06,24,per-signal radial PSD divided by bin 1
Kodak-24,246,8.25044183136167e-06,24,per-signal radial PSD divided by bin 1
Kodak-24,247,8.35187725784823e-06,24,per-signal radial PSD divided by bin 1
Kodak-24,248,8.507478009811085e-06,24,per-signal radial PSD divided by bin 1
Kodak-24,249,8.35429717917051e-06,24,per-signal radial PSD divided by bin 1
Kodak-24,250,8.016039526732033e-06,24,per-signal radial PSD divided by bin 1
Kodak-24,251,7.91764382630957e-06,24,per-signal radial PSD divided by bin 1
Kodak-24,252,8.043949048528456e-06,24,per-signal radial PSD divided by bin 1
Kodak-24,253,8.004174527070745e-06,24,per-signal radial PSD divided by bin 1
Kodak-24,254,7.652088994043308e-06,24,per-signal radial PSD divided by bin 1
Kodak-24,255,7.95043177571826e-06,24,per-signal radial PSD divided by bin 1
Kodak-24,256,7.024255333482838e-06,24,per-signal radial PSD divided by bin 1
paper-texture-10-assumption,1,1.0,37,per-map radial PSD divided by bin 1
paper-texture-10-assumption,2,0.675029697302254,37,per-map radial PSD divided by bin 1
paper-texture-10-assumption,3,0.47916371256669965,37,per-map radial PSD divided by bin 1
paper-texture-10-assumption,4,0.497685118954273,37,per-map radial PSD divided by bin 1
paper-texture-10-assumption,5,0.31762954407656446,37,per-map radial PSD divided by bin 1
paper-texture-10-assumption,6,0.3085458170203807,37,per-map radial PSD divided by bin 1
paper-texture-10-assumption,7,0.2697350955512075,37,per-map radial PSD divided by bin 1
paper-texture-10-assumption,8,0.6602325949097343,37,per-map radial PSD divided by bin 1
paper-texture-10-assumption,9,0.3217304680246229,37,per-map radial PSD divided by bin 1
paper-texture-10-assumption,10,0.20309534889307057,37,per-map radial PSD divided by bin 1
paper-texture-10-assumption,11,0.2822270791419806,37,per-map radial PSD divided by bin 1
paper-texture-10-assumption,12,2.0416439065973155,37,per-map radial PSD divided by bin 1
paper-texture-10-assumption,13,0.2769895470905892,37,per-map radial PSD divided by bin 1
paper-texture-10-assumption,14,0.1992076471388966,37,per-map radial PSD divided by bin 1
paper-texture-10-assumption,15,0.17255985352374167,37,per-map radial PSD divided by bin 1
paper-texture-10-assumption,16,0.1529878329191192,37,per-map radial PSD divided by bin 1
paper-texture-10-assumption,17,0.12312445474492263,37,per-map radial PSD divided by bin 1
paper-texture-10-assumption,18,0.13054483920209153,37,per-map radial PSD divided by bin 1
paper-texture-10-assumption,19,0.21257095825288136,37,per-map radial PSD divided by bin 1
paper-texture-10-assumption,20,0.13436000501112708,37,per-map radial PSD divided by bin 1
paper-texture-10-assumption,21,0.20203074572322288,37,per-map radial PSD divided by bin 1
paper-texture-10-assumption,22,0.595160708492147,37,per-map radial PSD divided by bin 1
paper-texture-10-assumption,23,4.408735174418419,37,per-map radial PSD divided by bin 1
paper-texture-10-assumption,24,0.7624907275718095,37,per-map radial PSD divided by bin 1
paper-texture-10-assumption,25,0.2316766185645194,37,per-map radial PSD divided by bin 1
paper-texture-10-assumption,26,0.123908456307357,37,per-map radial PSD divided by bin 1
paper-texture-10-assumption,27,0.15180223322759573,37,per-map radial PSD divided by bin 1
paper-texture-10-assumption,28,0.09370299511296278,37,per-map radial PSD divided by bin 1
paper-texture-10-assumption,29,0.078820402857846,37,per-map radial PSD divided by bin 1
paper-texture-10-assumption,30,0.09000530351560787,37,per-map radial PSD divided by bin 1
paper-texture-10-assumption,31,0.07152899664561105,37,per-map radial PSD divided by bin 1
paper-texture-10-assumption,32,0.08664234341214971,37,per-map radial PSD divided by bin 1
paper-texture-10-assumption,33,0.07892688132454759,37,per-map radial PSD divided by bin 1
paper-texture-10-assumption,34,0.0891187154588099,37,per-map radial PSD divided by bin 1
paper-texture-10-assumption,35,0.090604887888745,37,per-map radial PSD divided by bin 1
paper-texture-10-assumption,36,0.16929960152884244,37,per-map radial PSD divided by bin 1
paper-texture-10-assumption,37,0.07888539978270895,37,per-map radial PSD divided by bin 1
paper-texture-10-assumption,38,0.06179653714580218,37,per-map radial PSD divided by bin 1
paper-texture-10-assumption,39,0.06088330943636508,37,per-map radial PSD divided by bin 1
paper-texture-10-assumption,40,0.07869415528269878,37,per-map radial PSD divided by bin 1
paper-texture-10-assumption,41,0.05557641536388141,37,per-map radial PSD divided by bin 1
paper-texture-10-assumption,42,0.05699235526760321,37,per-map radial PSD divided by bin 1
paper-texture-10-assumption,43,0.052167867330821356,37,per-map radial PSD divided by bin 1
paper-texture-10-assumption,44,0.05454414062442953,37,per-map radial PSD divided by bin 1
paper-texture-10-assumption,45,0.1209498416722628,37,per-map radial PSD divided by bin 1
paper-texture-10-assumption,46,0.1585470930364024,37,per-map radial PSD divided by bin 1
paper-texture-10-assumption,47,0.09883490726719538,37,per-map radial PSD divided by bin 1
paper-texture-10-assumption,48,0.07777482056111977,37,per-map radial PSD divided by bin 1
paper-texture-10-assumption,49,0.07291112717201717,37,per-map radial PSD divided by bin 1
paper-texture-10-assumption,50,0.050477631858665405,37,per-map radial PSD divided by bin 1
paper-texture-10-assumption,51,0.04288125542601141,37,per-map radial PSD divided by bin 1
paper-texture-10-assumption,52,0.04274185577278329,37,per-map radial PSD divided by bin 1
paper-texture-10-assumption,53,0.03638561242556764,37,per-map radial PSD divided by bin 1
paper-texture-10-assumption,54,0.0313053139562301,37,per-map radial PSD divided by bin 1
paper-texture-10-assumption,55,0.03144045877341537,37,per-map radial PSD divided by bin 1
paper-texture-10-assumption,56,0.030808817343314587,37,per-map radial PSD divided by bin 1
paper-texture-10-assumption,57,0.02910115691815246,37,per-map radial PSD divided by bin 1
paper-texture-10-assumption,58,0.03657048405137059,37,per-map radial PSD divided by bin 1
paper-texture-10-assumption,59,0.042214596997491007,37,per-map radial PSD divided by bin 1
paper-texture-10-assumption,60,0.041182440117438913,37,per-map radial PSD divided by bin 1
paper-texture-10-assumption,61,0.030446154010635305,37,per-map radial PSD divided by bin 1
paper-texture-10-assumption,62,0.02707617834219603,37,per-map radial PSD divided by bin 1
paper-texture-10-assumption,63,0.027288873223511225,37,per-map radial PSD divided by bin 1
paper-texture-10-assumption,64,0.028748856995595776,37,per-map radial PSD divided by bin 1
paper-texture-10-assumption,65,0.02337989872518838,37,per-map radial PSD divided by bin 1
paper-texture-10-assumption,66,0.022234061491687017,37,per-map radial PSD divided by bin 1
paper-texture-10-assumption,67,0.022831222318938613,37,per-map radial PSD divided by bin 1
paper-texture-10-assumption,68,0.03752220453062629,37,per-map radial PSD divided by bin 1
paper-texture-10-assumption,69,0.02335393042820091,37,per-map radial PSD divided by bin 1
paper-texture-10-assumption,70,0.027909111575548838,37,per-map radial PSD divided by bin 1
paper-texture-10-assumption,71,0.027881300454770063,37,per-map radial PSD divided by bin 1
paper-texture-10-assumption,72,0.030916273694241138,37,per-map radial PSD divided by bin 1
paper-texture-10-assumption,73,0.025550644496418775,37,per-map radial PSD divided by bin 1
paper-texture-10-assumption,74,0.020615763280066805,37,per-map radial PSD divided by bin 1
paper-texture-10-assumption,75,0.020402036477911934,37,per-map radial PSD divided by bin 1
paper-texture-10-assumption,76,0.02456954243729449,37,per-map radial PSD divided by bin 1
paper-texture-10-assumption,77,0.024119525459809183,37,per-map radial PSD divided by bin 1
paper-texture-10-assumption,78,0.01769624375068555,37,per-map radial PSD divided by bin 1
paper-texture-10-assumption,79,0.01853215239692551,37,per-map radial PSD divided by bin 1
paper-texture-10-assumption,80,0.020959352230533336,37,per-map radial PSD divided by bin 1
paper-texture-10-assumption,81,0.01631156016140517,37,per-map radial PSD divided by bin 1
paper-texture-10-assumption,82,0.020061716383953213,37,per-map radial PSD divided by bin 1
paper-texture-10-assumption,83,0.019798026926024313,37,per-map radial PSD divided by bin 1
paper-texture-10-assumption,84,0.01885591027822642,37,per-map radial PSD divided by bin 1
paper-texture-10-assumption,85,0.022658503814628077,37,per-map radial PSD divided by bin 1
paper-texture-10-assumption,86,0.03547887042388939,37,per-map radial PSD divided by bin 1
paper-texture-10-assumption,87,0.02803942996399114,37,per-map radial PSD divided by bin 1
paper-texture-10-assumption,88,0.02124698809476687,37,per-map radial PSD divided by bin 1
paper-texture-10-assumption,89,0.022182568473567123,37,per-map radial PSD divided by bin 1
paper-texture-10-assumption,90,0.01646356853873137,37,per-map radial PSD divided by bin 1
paper-texture-10-assumption,91,0.01712831948456056,37,per-map radial PSD divided by bin 1
paper-texture-10-assumption,92,0.017586951022379095,37,per-map radial PSD divided by bin 1
paper-texture-10-assumption,93,0.02485975077572679,37,per-map radial PSD divided by bin 1
paper-texture-10-assumption,94,0.017656193748647877,37,per-map radial PSD divided by bin 1
paper-texture-10-assumption,95,0.02600473968631243,37,per-map radial PSD divided by bin 1
paper-texture-10-assumption,96,0.01970031966798129,37,per-map radial PSD divided by bin 1
paper-texture-10-assumption,97,0.046812901052184296,37,per-map radial PSD divided by bin 1
paper-texture-10-assumption,98,0.018588410831940017,37,per-map radial PSD divided by bin 1
paper-texture-10-assumption,99,0.0186326768144735,37,per-map radial PSD divided by bin 1
paper-texture-10-assumption,100,0.026861463003123306,37,per-map radial PSD divided by bin 1
paper-texture-10-assumption,101,0.013984793836272384,37,per-map radial PSD divided by bin 1
paper-texture-10-assumption,102,0.012408958578738643,37,per-map radial PSD divided by bin 1
paper-texture-10-assumption,103,0.011648167138522484,37,per-map radial PSD divided by bin 1
paper-texture-10-assumption,104,0.010834709818814549,37,per-map radial PSD divided by bin 1
paper-texture-10-assumption,105,0.010621206114283903,37,per-map radial PSD divided by bin 1
paper-texture-10-assumption,106,0.009845263762204749,37,per-map radial PSD divided by bin 1
paper-texture-10-assumption,107,0.009998833057467854,37,per-map radial PSD divided by bin 1
paper-texture-10-assumption,108,0.012681543948667901,37,per-map radial PSD divided by bin 1
paper-texture-10-assumption,109,0.008403242320648301,37,per-map radial PSD divided by bin 1
paper-texture-10-assumption,110,0.0081971900116713,37,per-map radial PSD divided by bin 1
paper-texture-10-assumption,111,0.007956386650025944,37,per-map radial PSD divided by bin 1
paper-texture-10-assumption,112,0.008126222893988382,37,per-map radial PSD divided by bin 1
paper-texture-10-assumption,113,0.007729789963349363,37,per-map radial PSD divided by bin 1
paper-texture-10-assumption,114,0.007619108114204804,37,per-map radial PSD divided by bin 1
paper-texture-10-assumption,115,0.007698591651146776,37,per-map radial PSD divided by bin 1
paper-texture-10-assumption,116,0.008060122007156693,37,per-map radial PSD divided by bin 1
paper-texture-10-assumption,117,0.009597246486590933,37,per-map radial PSD divided by bin 1
paper-texture-10-assumption,118,0.007682248387326223,37,per-map radial PSD divided by bin 1
paper-texture-10-assumption,119,0.007890732807052353,37,per-map radial PSD divided by bin 1
paper-texture-10-assumption,120,0.006534733576559492,37,per-map radial PSD divided by bin 1
paper-texture-10-assumption,121,0.006477960271855132,37,per-map radial PSD divided by bin 1
paper-texture-10-assumption,122,0.005975150421025257,37,per-map radial PSD divided by bin 1
paper-texture-10-assumption,123,0.006798757655349502,37,per-map radial PSD divided by bin 1
paper-texture-10-assumption,124,0.00664556834342077,37,per-map radial PSD divided by bin 1
paper-texture-10-assumption,125,0.0063942015482841,37,per-map radial PSD divided by bin 1
paper-texture-10-assumption,126,0.00723583366725294,37,per-map radial PSD divided by bin 1
paper-texture-10-assumption,127,0.006588482901991077,37,per-map radial PSD divided by bin 1
paper-texture-10-assumption,128,0.0062168109722284546,37,per-map radial PSD divided by bin 1
paper-texture-10-assumption,129,0.0057927105027373495,37,per-map radial PSD divided by bin 1
paper-texture-10-assumption,130,0.005718946312586577,37,per-map radial PSD divided by bin 1
paper-texture-10-assumption,131,0.005465096469917391,37,per-map radial PSD divided by bin 1
paper-texture-10-assumption,132,0.006370425010035734,37,per-map radial PSD divided by bin 1
paper-texture-10-assumption,133,0.005551535486232312,37,per-map radial PSD divided by bin 1
paper-texture-10-assumption,134,0.005289450823602556,37,per-map radial PSD divided by bin 1
paper-texture-10-assumption,135,0.005244284233697896,37,per-map radial PSD divided by bin 1
paper-texture-10-assumption,136,0.005713129691281957,37,per-map radial PSD divided by bin 1
paper-texture-10-assumption,137,0.004712766851333328,37,per-map radial PSD divided by bin 1
paper-texture-10-assumption,138,0.0051667935107607525,37,per-map radial PSD divided by bin 1
paper-texture-10-assumption,139,0.005942907138219953,37,per-map radial PSD divided by bin 1
paper-texture-10-assumption,140,0.0050146483484006955,37,per-map radial PSD divided by bin 1
paper-texture-10-assumption,141,0.005469263557816109,37,per-map radial PSD divided by bin 1
paper-texture-10-assumption,142,0.005159280262745328,37,per-map radial PSD divided by bin 1
paper-texture-10-assumption,143,0.005707307239810419,37,per-map radial PSD divided by bin 1
paper-texture-10-assumption,144,0.008558538005846543,37,per-map radial PSD divided by bin 1
paper-texture-10-assumption,145,0.02137859629065123,37,per-map radial PSD divided by bin 1
paper-texture-10-assumption,146,0.007809583897422573,37,per-map radial PSD divided by bin 1
paper-texture-10-assumption,147,0.004993141464664428,37,per-map radial PSD divided by bin 1
paper-texture-10-assumption,148,0.006318586595881799,37,per-map radial PSD divided by bin 1
paper-texture-10-assumption,149,0.004282437499382619,37,per-map radial PSD divided by bin 1
paper-texture-10-assumption,150,0.004400570919591374,37,per-map radial PSD divided by bin 1
paper-texture-10-assumption,151,0.004639152611514046,37,per-map radial PSD divided by bin 1
paper-texture-10-assumption,152,0.004254718273663002,37,per-map radial PSD divided by bin 1
paper-texture-10-assumption,153,0.0044360829903496435,37,per-map radial PSD divided by bin 1
paper-texture-10-assumption,154,0.004236930936379239,37,per-map radial PSD divided by bin 1
paper-texture-10-assumption,155,0.004084260136781043,37,per-map radial PSD divided by bin 1
paper-texture-10-assumption,156,0.004075656197950367,37,per-map radial PSD divided by bin 1
paper-texture-10-assumption,157,0.006306795537966735,37,per-map radial PSD divided by bin 1
paper-texture-10-assumption,158,0.004521673153362035,37,per-map radial PSD divided by bin 1
paper-texture-10-assumption,159,0.004555377719306751,37,per-map radial PSD divided by bin 1
paper-texture-10-assumption,160,0.004174480832498121,37,per-map radial PSD divided by bin 1
paper-texture-10-assumption,161,0.0042736173037448396,37,per-map radial PSD divided by bin 1
paper-texture-10-assumption,162,0.0038168776635638126,37,per-map radial PSD divided by bin 1
paper-texture-10-assumption,163,0.0041864519028717365,37,per-map radial PSD divided by bin 1
paper-texture-10-assumption,164,0.0037428584110284725,37,per-map radial PSD divided by bin 1
paper-texture-10-assumption,165,0.004200634963269161,37,per-map radial PSD divided by bin 1
paper-texture-10-assumption,166,0.004645524987721256,37,per-map radial PSD divided by bin 1
paper-texture-10-assumption,167,0.0037586033706103637,37,per-map radial PSD divided by bin 1
paper-texture-10-assumption,168,0.0037803953150151253,37,per-map radial PSD divided by bin 1
paper-texture-10-assumption,169,0.003509859780550702,37,per-map radial PSD divided by bin 1
paper-texture-10-assumption,170,0.003513770088308514,37,per-map radial PSD divided by bin 1
paper-texture-10-assumption,171,0.0035758297324715313,37,per-map radial PSD divided by bin 1
paper-texture-10-assumption,172,0.003841689509963121,37,per-map radial PSD divided by bin 1
paper-texture-10-assumption,173,0.003910140600469045,37,per-map radial PSD divided by bin 1
paper-texture-10-assumption,174,0.004162259486463904,37,per-map radial PSD divided by bin 1
paper-texture-10-assumption,175,0.004831509679875332,37,per-map radial PSD divided by bin 1
paper-texture-10-assumption,176,0.0036942895758913263,37,per-map radial PSD divided by bin 1
paper-texture-10-assumption,177,0.003367261042880883,37,per-map radial PSD divided by bin 1
paper-texture-10-assumption,178,0.0030934564530447056,37,per-map radial PSD divided by bin 1
paper-texture-10-assumption,179,0.0028033181193131587,37,per-map radial PSD divided by bin 1
paper-texture-10-assumption,180,0.0027342952498706223,37,per-map radial PSD divided by bin 1
paper-texture-10-assumption,181,0.0026031921275762315,37,per-map radial PSD divided by bin 1
paper-texture-10-assumption,182,0.002770407565863583,37,per-map radial PSD divided by bin 1
paper-texture-10-assumption,183,0.002618650967371873,37,per-map radial PSD divided by bin 1
paper-texture-10-assumption,184,0.003182729653531598,37,per-map radial PSD divided by bin 1
paper-texture-10-assumption,185,0.0028664673716293763,37,per-map radial PSD divided by bin 1
paper-texture-10-assumption,186,0.002655185387148725,37,per-map radial PSD divided by bin 1
paper-texture-10-assumption,187,0.002527529168368574,37,per-map radial PSD divided by bin 1
paper-texture-10-assumption,188,0.0027350131341163106,37,per-map radial PSD divided by bin 1
paper-texture-10-assumption,189,0.002565602872467615,37,per-map radial PSD divided by bin 1
paper-texture-10-assumption,190,0.0023951476503753684,37,per-map radial PSD divided by bin 1
paper-texture-10-assumption,191,0.002579547814512784,37,per-map radial PSD divided by bin 1
paper-texture-10-assumption,192,0.0023226873393451903,37,per-map radial PSD divided by bin 1
paper-texture-10-assumption,193,0.002384977028327105,37,per-map radial PSD divided by bin 1
paper-texture-10-assumption,194,0.002447153463327302,37,per-map radial PSD divided by bin 1
paper-texture-10-assumption,195,0.00231067751579012,37,per-map radial PSD divided by bin 1
paper-texture-10-assumption,196,0.0021828289863262433,37,per-map radial PSD divided by bin 1
paper-texture-10-assumption,197,0.0024957582929288893,37,per-map radial PSD divided by bin 1
paper-texture-10-assumption,198,0.0023428396115346343,37,per-map radial PSD divided by bin 1
paper-texture-10-assumption,199,0.0021584432991941104,37,per-map radial PSD divided by bin 1
paper-texture-10-assumption,200,0.002190958071642258,37,per-map radial PSD divided by bin 1
paper-texture-10-assumption,201,0.0022364860289090975,37,per-map radial PSD divided by bin 1
paper-texture-10-assumption,202,0.002119577708807164,37,per-map radial PSD divided by bin 1
paper-texture-10-assumption,203,0.002051115394026266,37,per-map radial PSD divided by bin 1
paper-texture-10-assumption,204,0.002111735584430489,37,per-map radial PSD divided by bin 1
paper-texture-10-assumption,205,0.0020527714732742146,37,per-map radial PSD divided by bin 1
paper-texture-10-assumption,206,0.002094282927387755,37,per-map radial PSD divided by bin 1
paper-texture-10-assumption,207,0.0021541370899517027,37,per-map radial PSD divided by bin 1
paper-texture-10-assumption,208,0.0019472134616940037,37,per-map radial PSD divided by bin 1
paper-texture-10-assumption,209,0.001969256263742577,37,per-map radial PSD divided by bin 1
paper-texture-10-assumption,210,0.0019125995624047446,37,per-map radial PSD divided by bin 1
paper-texture-10-assumption,211,0.0018210543879935046,37,per-map radial PSD divided by bin 1
paper-texture-10-assumption,212,0.0018377274177667983,37,per-map radial PSD divided by bin 1
paper-texture-10-assumption,213,0.0019465502096863933,37,per-map radial PSD divided by bin 1
paper-texture-10-assumption,214,0.0019039961812415288,37,per-map radial PSD divided by bin 1
paper-texture-10-assumption,215,0.0018880139568507367,37,per-map radial PSD divided by bin 1
paper-texture-10-assumption,216,0.0019883313421252317,37,per-map radial PSD divided by bin 1
paper-texture-10-assumption,217,0.0018760149698329634,37,per-map radial PSD divided by bin 1
paper-texture-10-assumption,218,0.0018490856080307116,37,per-map radial PSD divided by bin 1
paper-texture-10-assumption,219,0.0016869278723928554,37,per-map radial PSD divided by bin 1
paper-texture-10-assumption,220,0.0017709993381616576,37,per-map radial PSD divided by bin 1
paper-texture-10-assumption,221,0.0017488146479360733,37,per-map radial PSD divided by bin 1
paper-texture-10-assumption,222,0.001821176210395281,37,per-map radial PSD divided by bin 1
paper-texture-10-assumption,223,0.001674958144615194,37,per-map radial PSD divided by bin 1
paper-texture-10-assumption,224,0.0016759105438305857,37,per-map radial PSD divided by bin 1
paper-texture-10-assumption,225,0.001897538833649343,37,per-map radial PSD divided by bin 1
paper-texture-10-assumption,226,0.0015852633208600282,37,per-map radial PSD divided by bin 1
paper-texture-10-assumption,227,0.0016296030864646955,37,per-map radial PSD divided by bin 1
paper-texture-10-assumption,228,0.0015899129121306752,37,per-map radial PSD divided by bin 1
paper-texture-10-assumption,229,0.0015477955646476201,37,per-map radial PSD divided by bin 1
paper-texture-10-assumption,230,0.0015672800913437172,37,per-map radial PSD divided by bin 1
paper-texture-10-assumption,231,0.0015367230007433679,37,per-map radial PSD divided by bin 1
paper-texture-10-assumption,232,0.001524250352111298,37,per-map radial PSD divided by bin 1
paper-texture-10-assumption,233,0.001543943159179987,37,per-map radial PSD divided by bin 1
paper-texture-10-assumption,234,0.0016695920401641217,37,per-map radial PSD divided by bin 1
paper-texture-10-assumption,235,0.0015125805436842523,37,per-map radial PSD divided by bin 1
paper-texture-10-assumption,236,0.001544028997793768,37,per-map radial PSD divided by bin 1
paper-texture-10-assumption,237,0.0015075611378164888,37,per-map radial PSD divided by bin 1
paper-texture-10-assumption,238,0.001470868830756636,37,per-map radial PSD divided by bin 1
paper-texture-10-assumption,239,0.0013785839137663806,37,per-map radial PSD divided by bin 1
paper-texture-10-assumption,240,0.0014305340952683032,37,per-map radial PSD divided by bin 1
paper-texture-10-assumption,241,0.0013988734911543211,37,per-map radial PSD divided by bin 1
paper-texture-10-assumption,242,0.0013733179890536482,37,per-map radial PSD divided by bin 1
paper-texture-10-assumption,243,0.001491125291708298,37,per-map radial PSD divided by bin 1
paper-texture-10-assumption,244,0.0014562398175437794,37,per-map radial PSD divided by bin 1
paper-texture-10-assumption,245,0.0014051271112878374,37,per-map radial PSD divided by bin 1
paper-texture-10-assumption,246,0.001370074226362478,37,per-map radial PSD divided by bin 1
paper-texture-10-assumption,247,0.0013819519697099388,37,per-map radial PSD divided by bin 1
paper-texture-10-assumption,248,0.0013391935655523803,37,per-map radial PSD divided by bin 1
paper-texture-10-assumption,249,0.001292076211537766,37,per-map radial PSD divided by bin 1
paper-texture-10-assumption,250,0.0013231523765498486,37,per-map radial PSD divided by bin 1
paper-texture-10-assumption,251,0.001284160574806832,37,per-map radial PSD divided by bin 1
paper-texture-10-assumption,252,0.0013120775669026303,37,per-map radial PSD divided by bin 1
paper-texture-10-assumption,253,0.0013449532520155814,37,per-map radial PSD divided by bin 1
paper-texture-10-assumption,254,0.0012534774697027641,37,per-map radial PSD divided by bin 1
paper-texture-10-assumption,255,0.0012446609360856654,37,per-map radial PSD divided by bin 1
paper-texture-10-assumption,256,0.001258200284017031,37,per-map radial PSD divided by bin 1
paper-texture-10-assumption,257,0.0013372662894268763,37,per-map radial PSD divided by bin 1
paper-texture-10-assumption,258,0.0012198933184597923,37,per-map radial PSD divided by bin 1
paper-texture-10-assumption,259,0.0012584200223598498,37,per-map radial PSD divided by bin 1
paper-texture-10-assumption,260,0.0012190731222277388,37,per-map radial PSD divided by bin 1
paper-texture-10-assumption,261,0.001211670418939079,37,per-map radial PSD divided by bin 1
paper-texture-10-assumption,262,0.0012921738498647365,37,per-map radial PSD divided by bin 1
paper-texture-10-assumption,263,0.0012121810246339996,37,per-map radial PSD divided by bin 1
paper-texture-10-assumption,264,0.0012063706523536971,37,per-map radial PSD divided by bin 1
paper-texture-10-assumption,265,0.001212339157866226,37,per-map radial PSD divided by bin 1
paper-texture-10-assumption,266,0.001188269879139906,37,per-map radial PSD divided by bin 1
paper-texture-10-assumption,267,0.0011212240304942726,37,per-map radial PSD divided by bin 1
paper-texture-10-assumption,268,0.0011477858512159733,37,per-map radial PSD divided by bin 1
paper-texture-10-assumption,269,0.0010757841337831926,37,per-map radial PSD divided by bin 1
paper-texture-10-assumption,270,0.001131692403989899,37,per-map radial PSD divided by bin 1
paper-texture-10-assumption,271,0.0011358170275585077,37,per-map radial PSD divided by bin 1
paper-texture-10-assumption,272,0.0010850489307467966,37,per-map radial PSD divided by bin 1
paper-texture-10-assumption,273,0.0011005707037874475,37,per-map radial PSD divided by bin 1
paper-texture-10-assumption,274,0.0011309529397487493,37,per-map radial PSD divided by bin 1
paper-texture-10-assumption,275,0.0010540177151145064,37,per-map radial PSD divided by bin 1
paper-texture-10-assumption,276,0.0010440193045823918,37,per-map radial PSD divided by bin 1
paper-texture-10-assumption,277,0.0010314258757076874,37,per-map radial PSD divided by bin 1
paper-texture-10-assumption,278,0.0010740190875369454,37,per-map radial PSD divided by bin 1
paper-texture-10-assumption,279,0.0010584538816961798,37,per-map radial PSD divided by bin 1
paper-texture-10-assumption,280,0.0010683939724715629,37,per-map radial PSD divided by bin 1
paper-texture-10-assumption,281,0.0010536174199359107,37,per-map radial PSD divided by bin 1
paper-texture-10-assumption,282,0.0010084184080879708,37,per-map radial PSD divided by bin 1
paper-texture-10-assumption,283,0.0010565953372780534,37,per-map radial PSD divided by bin 1
paper-texture-10-assumption,284,0.0010125260105439975,37,per-map radial PSD divided by bin 1
paper-texture-10-assumption,285,0.0009948631251158319,37,per-map radial PSD divided by bin 1
paper-texture-10-assumption,286,0.0010043234900045217,37,per-map radial PSD divided by bin 1
paper-texture-10-assumption,287,0.000983101492572024,37,per-map radial PSD divided by bin 1
paper-texture-10-assumption,288,0.0009845526108887984,37,per-map radial PSD divided by bin 1
paper-texture-10-assumption,289,0.001065286086880028,37,per-map radial PSD divided by bin 1
paper-texture-10-assumption,290,0.0010065882203712173,37,per-map radial PSD divided by bin 1
paper-texture-10-assumption,291,0.0010252278201432464,37,per-map radial PSD divided by bin 1
paper-texture-10-assumption,292,0.000994252757431459,37,per-map radial PSD divided by bin 1
paper-texture-10-assumption,293,0.0009742059544299128,37,per-map radial PSD divided by bin 1
paper-texture-10-assumption,294,0.0009286833557062853,37,per-map radial PSD divided by bin 1
paper-texture-10-assumption,295,0.0009151069834183829,37,per-map radial PSD divided by bin 1
paper-texture-10-assumption,296,0.0009367846057898595,37,per-map radial PSD divided by bin 1
paper-texture-10-assumption,297,0.0009241144640602852,37,per-map radial PSD divided by bin 1
paper-texture-10-assumption,298,0.0009345551347014393,37,per-map radial PSD divided by bin 1
paper-texture-10-assumption,299,0.0009010079267832466,37,per-map radial PSD divided by bin 1
paper-texture-10-assumption,300,0.0008854560096199352,37,per-map radial PSD divided by bin 1
paper-texture-10-assumption,301,0.0009105248847157331,37,per-map radial PSD divided by bin 1
paper-texture-10-assumption,302,0.0008930717453930131,37,per-map radial PSD divided by bin 1
paper-texture-10-assumption,303,0.0009149665066018979,37,per-map radial PSD divided by bin 1
paper-texture-10-assumption,304,0.0008972871163383852,37,per-map radial PSD divided by bin 1
paper-texture-10-assumption,305,0.0008866248975760235,37,per-map radial PSD divided by bin 1
paper-texture-10-assumption,306,0.000856697177362169,37,per-map radial PSD divided by bin 1
paper-texture-10-assumption,307,0.0008703087667307645,37,per-map radial PSD divided by bin 1
paper-texture-10-assumption,308,0.0008467603677914276,37,per-map radial PSD divided by bin 1
paper-texture-10-assumption,309,0.0008546399874199766,37,per-map radial PSD divided by bin 1
paper-texture-10-assumption,310,0.0008530225875779576,37,per-map radial PSD divided by bin 1
paper-texture-10-assumption,311,0.0008367891528967323,37,per-map radial PSD divided by bin 1
paper-texture-10-assumption,312,0.0008434804816428307,37,per-map radial PSD divided by bin 1
paper-texture-10-assumption,313,0.0008318581728789332,37,per-map radial PSD divided by bin 1
paper-texture-10-assumption,314,0.0008281316003081841,37,per-map radial PSD divided by bin 1
paper-texture-10-assumption,315,0.0008363264075193926,37,per-map radial PSD divided by bin 1
paper-texture-10-assumption,316,0.0008034200580109682,37,per-map radial PSD divided by bin 1
paper-texture-10-assumption,317,0.0008239555527273661,37,per-map radial PSD divided by bin 1
paper-texture-10-assumption,318,0.0007878995208756136,37,per-map radial PSD divided by bin 1
paper-texture-10-assumption,319,0.0007866018092893173,37,per-map radial PSD divided by bin 1
paper-texture-10-assumption,320,0.0007906669897374384,37,per-map radial PSD divided by bin 1
paper-texture-10-assumption,321,0.0007982373268565626,37,per-map radial PSD divided by bin 1
paper-texture-10-assumption,322,0.0007804372781501262,37,per-map radial PSD divided by bin 1
paper-texture-10-assumption,323,0.0007775498145613426,37,per-map radial PSD divided by bin 1
paper-texture-10-assumption,324,0.0007715166015740748,37,per-map radial PSD divided by bin 1
paper-texture-10-assumption,325,0.0007609006003326924,37,per-map radial PSD divided by bin 1
paper-texture-10-assumption,326,0.0007532281129261212,37,per-map radial PSD divided by bin 1
paper-texture-10-assumption,327,0.000750590874027207,37,per-map radial PSD divided by bin 1
paper-texture-10-assumption,328,0.0007694727224924942,37,per-map radial PSD divided by bin 1
paper-texture-10-assumption,329,0.0007579413526548646,37,per-map radial PSD divided by bin 1
paper-texture-10-assumption,330,0.0007835015432591354,37,per-map radial PSD divided by bin 1
paper-texture-10-assumption,331,0.0007175090531460959,37,per-map radial PSD divided by bin 1
paper-texture-10-assumption,332,0.0007381138844565756,37,per-map radial PSD divided by bin 1
paper-texture-10-assumption,333,0.0007494205575721529,37,per-map radial PSD divided by bin 1
paper-texture-10-assumption,334,0.0007271695508244611,37,per-map radial PSD divided by bin 1
paper-texture-10-assumption,335,0.0007197633403672065,37,per-map radial PSD divided by bin 1
paper-texture-10-assumption,336,0.0007304629772919145,37,per-map radial PSD divided by bin 1
paper-texture-10-assumption,337,0.0006964981804472685,37,per-map radial PSD divided by bin 1
paper-texture-10-assumption,338,0.0007070800081127992,37,per-map radial PSD divided by bin 1
paper-texture-10-assumption,339,0.0007200600132450778,37,per-map radial PSD divided by bin 1
paper-texture-10-assumption,340,0.0006776509347843994,37,per-map radial PSD divided by bin 1
paper-texture-10-assumption,341,0.000706171411207245,37,per-map radial PSD divided by bin 1
paper-texture-10-assumption,342,0.0006891608878079913,37,per-map radial PSD divided by bin 1
paper-texture-10-assumption,343,0.0006907846222362187,37,per-map radial PSD divided by bin 1
paper-texture-10-assumption,344,0.0006875913126343868,37,per-map radial PSD divided by bin 1
paper-texture-10-assumption,345,0.0006775844201294505,37,per-map radial PSD divided by bin 1
paper-texture-10-assumption,346,0.0006664551018506045,37,per-map radial PSD divided by bin 1
paper-texture-10-assumption,347,0.0006715213917188535,37,per-map radial PSD divided by bin 1
paper-texture-10-assumption,348,0.0006668856686116082,37,per-map radial PSD divided by bin 1
paper-texture-10-assumption,349,0.000659375337104359,37,per-map radial PSD divided by bin 1
paper-texture-10-assumption,350,0.0006733588008962366,37,per-map radial PSD divided by bin 1
paper-texture-10-assumption,351,0.0006707697653796391,37,per-map radial PSD divided by bin 1
paper-texture-10-assumption,352,0.0006542005085260883,37,per-map radial PSD divided by bin 1
paper-texture-10-assumption,353,0.0006548461114113311,37,per-map radial PSD divided by bin 1
paper-texture-10-assumption,354,0.0006510383322230131,37,per-map radial PSD divided by bin 1
paper-texture-10-assumption,355,0.0006801739240652012,37,per-map radial PSD divided by bin 1
paper-texture-10-assumption,356,0.0006735585108169337,37,per-map radial PSD divided by bin 1
paper-texture-10-assumption,357,0.0006812008416377364,37,per-map radial PSD divided by bin 1
paper-texture-10-assumption,358,0.0006653072043703763,37,per-map radial PSD divided by bin 1
paper-texture-10-assumption,359,0.0006465810899631057,37,per-map radial PSD divided by bin 1
paper-texture-10-assumption,360,0.0006399847583530605,37,per-map radial PSD divided by bin 1
paper-texture-10-assumption,361,0.0006281204807106432,37,per-map radial PSD divided by bin 1
paper-texture-10-assumption,362,0.0006279612496428665,37,per-map radial PSD divided by bin 1
paper-texture-10-assumption,363,0.0006238041065637582,37,per-map radial PSD divided by bin 1
paper-texture-10-assumption,364,0.0006188938744136222,37,per-map radial PSD divided by bin 1
paper-texture-10-assumption,365,0.0006100514349826755,37,per-map radial PSD divided by bin 1
paper-texture-10-assumption,366,0.0005885022470801286,37,per-map radial PSD divided by bin 1
paper-texture-10-assumption,367,0.0006100876515329993,37,per-map radial PSD divided by bin 1
paper-texture-10-assumption,368,0.0005956407043004225,37,per-map radial PSD divided by bin 1
paper-texture-10-assumption,369,0.0006012131877067239,37,per-map radial PSD divided by bin 1
paper-texture-10-assumption,370,0.0005975534869631923,37,per-map radial PSD divided by bin 1
paper-texture-10-assumption,371,0.0005785499600766388,37,per-map radial PSD divided by bin 1
paper-texture-10-assumption,372,0.0005827651347628087,37,per-map radial PSD divided by bin 1
paper-texture-10-assumption,373,0.0005755943233475777,37,per-map radial PSD divided by bin 1
paper-texture-10-assumption,374,0.0005761965177661255,37,per-map radial PSD divided by bin 1
paper-texture-10-assumption,375,0.0005716979258608482,37,per-map radial PSD divided by bin 1
paper-texture-10-assumption,376,0.0005737363677361949,37,per-map radial PSD divided by bin 1
paper-texture-10-assumption,377,0.0005645064910616485,37,per-map radial PSD divided by bin 1
paper-texture-10-assumption,378,0.0005773444314349055,37,per-map radial PSD divided by bin 1
paper-texture-10-assumption,379,0.0005621373919545943,37,per-map radial PSD divided by bin 1
paper-texture-10-assumption,380,0.0005678514751411318,37,per-map radial PSD divided by bin 1
paper-texture-10-assumption,381,0.0005688338623228084,37,per-map radial PSD divided by bin 1
paper-texture-10-assumption,382,0.0005508669193604565,37,per-map radial PSD divided by bin 1
paper-texture-10-assumption,383,0.0005438135698074083,37,per-map radial PSD divided by bin 1
paper-texture-10-assumption,384,0.0005486119781162494,37,per-map radial PSD divided by bin 1
paper-texture-10-assumption,385,0.0005568591820311932,37,per-map radial PSD divided by bin 1
paper-texture-10-assumption,386,0.0005266660115972255,37,per-map radial PSD divided by bin 1
paper-texture-10-assumption,387,0.0005427831090502944,37,per-map radial PSD divided by bin 1
paper-texture-10-assumption,388,0.0005313475294777942,37,per-map radial PSD divided by bin 1
paper-texture-10-assumption,389,0.0005315432588891879,37,per-map radial PSD divided by bin 1
paper-texture-10-assumption,390,0.000545238793302643,37,per-map radial PSD divided by bin 1
paper-texture-10-assumption,391,0.0005390842561136403,37,per-map radial PSD divided by bin 1
paper-texture-10-assumption,392,0.000525405516365006,37,per-map radial PSD divided by bin 1
paper-texture-10-assumption,393,0.0005137390278793488,37,per-map radial PSD divided by bin 1
paper-texture-10-assumption,394,0.000528640547742775,37,per-map radial PSD divided by bin 1
paper-texture-10-assumption,395,0.0005084002741430874,37,per-map radial PSD divided by bin 1
paper-texture-10-assumption,396,0.0005128636284354749,37,per-map radial PSD divided by bin 1
paper-texture-10-assumption,397,0.0005106473926527099,37,per-map radial PSD divided by bin 1
paper-texture-10-assumption,398,0.0005018031518171105,37,per-map radial PSD divided by bin 1
paper-texture-10-assumption,399,0.0005119825992318437,37,per-map radial PSD divided by bin 1
paper-texture-10-assumption,400,0.0005140834245348898,37,per-map radial PSD divided by bin 1
paper-texture-10-assumption,401,0.0005150093060102705,37,per-map radial PSD divided by bin 1
paper-texture-10-assumption,402,0.0005014477810080803,37,per-map radial PSD divided by bin 1
paper-texture-10-assumption,403,0.0004848094079208842,37,per-map radial PSD divided by bin 1
paper-texture-10-assumption,404,0.0004885177545929422,37,per-map radial PSD divided by bin 1
paper-texture-10-assumption,405,0.0004911492444504171,37,per-map radial PSD divided by bin 1
paper-texture-10-assumption,406,0.0005040783818823013,37,per-map radial PSD divided by bin 1
paper-texture-10-assumption,407,0.0004793520811894851,37,per-map radial PSD divided by bin 1
paper-texture-10-assumption,408,0.0004779817180575071,37,per-map radial PSD divided by bin 1
paper-texture-10-assumption,409,0.0004943052050873491,37,per-map radial PSD divided by bin 1
paper-texture-10-assumption,410,0.0004855126225828498,37,per-map radial PSD divided by bin 1
paper-texture-10-assumption,411,0.0004971602746571879,37,per-map radial PSD divided by bin 1
paper-texture-10-assumption,412,0.0004848047679982452,37,per-map radial PSD divided by bin 1
paper-texture-10-assumption,413,0.0004936480919701356,37,per-map radial PSD divided by bin 1
paper-texture-10-assumption,414,0.0004777980337018842,37,per-map radial PSD divided by bin 1
paper-texture-10-assumption,415,0.0004705460815210866,37,per-map radial PSD divided by bin 1
paper-texture-10-assumption,416,0.00046719442545849676,37,per-map radial PSD divided by bin 1
paper-texture-10-assumption,417,0.0004664185980607727,37,per-map radial PSD divided by bin 1
paper-texture-10-assumption,418,0.00046442830780992866,37,per-map radial PSD divided by bin 1
paper-texture-10-assumption,419,0.00046275140614759544,37,per-map radial PSD divided by bin 1
paper-texture-10-assumption,420,0.0004507998234122875,37,per-map radial PSD divided by bin 1
paper-texture-10-assumption,421,0.0004709680628630134,37,per-map radial PSD divided by bin 1
paper-texture-10-assumption,422,0.00046567555078212865,37,per-map radial PSD divided by bin 1
paper-texture-10-assumption,423,0.0004562613158747758,37,per-map radial PSD divided by bin 1
paper-texture-10-assumption,424,0.00044600099090460674,37,per-map radial PSD divided by bin 1
paper-texture-10-assumption,425,0.00045653551936247994,37,per-map radial PSD divided by bin 1
paper-texture-10-assumption,426,0.00044895532997859134,37,per-map radial PSD divided by bin 1
paper-texture-10-assumption,427,0.0004487415265685469,37,per-map radial PSD divided by bin 1
paper-texture-10-assumption,428,0.00045397718490777973,37,per-map radial PSD divided by bin 1
paper-texture-10-assumption,429,0.0004451701857806072,37,per-map radial PSD divided by bin 1
paper-texture-10-assumption,430,0.0004537237726308303,37,per-map radial PSD divided by bin 1
paper-texture-10-assumption,431,0.0004402828477211536,37,per-map radial PSD divided by bin 1
paper-texture-10-assumption,432,0.00043330160812204337,37,per-map radial PSD divided by bin 1
paper-texture-10-assumption,433,0.00043589444852857315,37,per-map radial PSD divided by bin 1
paper-texture-10-assumption,434,0.0004279411458229275,37,per-map radial PSD divided by bin 1
paper-texture-10-assumption,435,0.0004237945475638596,37,per-map radial PSD divided by bin 1
paper-texture-10-assumption,436,0.0004334011905219639,37,per-map radial PSD divided by bin 1
paper-texture-10-assumption,437,0.00043080074439630047,37,per-map radial PSD divided by bin 1
paper-texture-10-assumption,438,0.00042150560962315596,37,per-map radial PSD divided by bin 1
paper-texture-10-assumption,439,0.0004221596730756557,37,per-map radial PSD divided by bin 1
paper-texture-10-assumption,440,0.00042495497698755104,37,per-map radial PSD divided by bin 1
paper-texture-10-assumption,441,0.00043402622551812263,37,per-map radial PSD divided by bin 1
paper-texture-10-assumption,442,0.0004192410026142115,37,per-map radial PSD divided by bin 1
paper-texture-10-assumption,443,0.00041567101237649517,37,per-map radial PSD divided by bin 1
paper-texture-10-assumption,444,0.0004149639542724439,37,per-map radial PSD divided by bin 1
paper-texture-10-assumption,445,0.00042053849540531766,37,per-map radial PSD divided by bin 1
paper-texture-10-assumption,446,0.0004140481953537264,37,per-map radial PSD divided by bin 1
paper-texture-10-assumption,447,0.0004036964054231426,37,per-map radial PSD divided by bin 1
paper-texture-10-assumption,448,0.0003976207169291556,37,per-map radial PSD divided by bin 1
paper-texture-10-assumption,449,0.0004122250655317949,37,per-map radial PSD divided by bin 1
paper-texture-10-assumption,450,0.000406379522259616,37,per-map radial PSD divided by bin 1
paper-texture-10-assumption,451,0.00040412458371984986,37,per-map radial PSD divided by bin 1
paper-texture-10-assumption,452,0.0004028047945440263,37,per-map radial PSD divided by bin 1
paper-texture-10-assumption,453,0.0003967454348048237,37,per-map radial PSD divided by bin 1
paper-texture-10-assumption,454,0.00040175417138553276,37,per-map radial PSD divided by bin 1
paper-texture-10-assumption,455,0.00040511452611979745,37,per-map radial PSD divided by bin 1
paper-texture-10-assumption,456,0.00039190717462776026,37,per-map radial PSD divided by bin 1
paper-texture-10-assumption,457,0.00038759704157881027,37,per-map radial PSD divided by bin 1
paper-texture-10-assumption,458,0.00039324158625158765,37,per-map radial PSD divided by bin 1
paper-texture-10-assumption,459,0.0003793932134120161,37,per-map radial PSD divided by bin 1
paper-texture-10-assumption,460,0.00039013618457765944,37,per-map radial PSD divided by bin 1
paper-texture-10-assumption,461,0.00038145908358760375,37,per-map radial PSD divided by bin 1
paper-texture-10-assumption,462,0.0003902212506289105,37,per-map radial PSD divided by bin 1
paper-texture-10-assumption,463,0.0003900983667069217,37,per-map radial PSD divided by bin 1
paper-texture-10-assumption,464,0.0003858558353944687,37,per-map radial PSD divided by bin 1
paper-texture-10-assumption,465,0.00037795358799562153,37,per-map radial PSD divided by bin 1
paper-texture-10-assumption,466,0.0003772021745509195,37,per-map radial PSD divided by bin 1
paper-texture-10-assumption,467,0.00037107962607396775,37,per-map radial PSD divided by bin 1
paper-texture-10-assumption,468,0.0003655547978802731,37,per-map radial PSD divided by bin 1
paper-texture-10-assumption,469,0.00036814906885695455,37,per-map radial PSD divided by bin 1
paper-texture-10-assumption,470,0.0003767655344101175,37,per-map radial PSD divided by bin 1
paper-texture-10-assumption,471,0.00036687314525582916,37,per-map radial PSD divided by bin 1
paper-texture-10-assumption,472,0.00036875608947282816,37,per-map radial PSD divided by bin 1
paper-texture-10-assumption,473,0.000371527073534486,37,per-map radial PSD divided by bin 1
paper-texture-10-assumption,474,0.0003580225674629249,37,per-map radial PSD divided by bin 1
paper-texture-10-assumption,475,0.00036264311405506054,37,per-map radial PSD divided by bin 1
paper-texture-10-assumption,476,0.00036356545172987366,37,per-map radial PSD divided by bin 1
paper-texture-10-assumption,477,0.0003624841622274213,37,per-map radial PSD divided by bin 1
paper-texture-10-assumption,478,0.00035698006258000434,37,per-map radial PSD divided by bin 1
paper-texture-10-assumption,479,0.00035937329905805893,37,per-map radial PSD divided by bin 1
paper-texture-10-assumption,480,0.00035747673226167205,37,per-map radial PSD divided by bin 1
paper-texture-10-assumption,481,0.0003602485919315557,37,per-map radial PSD divided by bin 1
paper-texture-10-assumption,482,0.0003518239698741126,37,per-map radial PSD divided by bin 1
paper-texture-10-assumption,483,0.00036003436544416675,37,per-map radial PSD divided by bin 1
paper-texture-10-assumption,484,0.00035276290854303145,37,per-map radial PSD divided by bin 1
paper-texture-10-assumption,485,0.00035493771095648747,37,per-map radial PSD divided by bin 1
paper-texture-10-assumption,486,0.0003495237559825555,37,per-map radial PSD divided by bin 1
paper-texture-10-assumption,487,0.00034651013945159606,37,per-map radial PSD divided by bin 1
paper-texture-10-assumption,488,0.0003456913788264847,37,per-map radial PSD divided by bin 1
paper-texture-10-assumption,489,0.0003487472085927775,37,per-map radial PSD divided by bin 1
paper-texture-10-assumption,490,0.0003446293139650055,37,per-map radial PSD divided by bin 1
paper-texture-10-assumption,491,0.0003409593807451972,37,per-map radial PSD divided by bin 1
paper-texture-10-assumption,492,0.0003370120787542694,37,per-map radial PSD divided by bin 1
paper-texture-10-assumption,493,0.00034087614164689825,37,per-map radial PSD divided by bin 1
paper-texture-10-assumption,494,0.00033566829965658986,37,per-map radial PSD divided by bin 1
paper-texture-10-assumption,495,0.0003373126365520002,37,per-map radial PSD divided by bin 1
paper-texture-10-assumption,496,0.0003384350367993586,37,per-map radial PSD divided by bin 1
paper-texture-10-assumption,497,0.00032866474997333446,37,per-map radial PSD divided by bin 1
paper-texture-10-assumption,498,0.0003276049735533628,37,per-map radial PSD divided by bin 1
paper-texture-10-assumption,499,0.0003319736483001843,37,per-map radial PSD divided by bin 1
paper-texture-10-assumption,500,0.00033292764367073136,37,per-map radial PSD divided by bin 1
paper-texture-10-assumption,501,0.0003373015352667966,37,per-map radial PSD divided by bin 1
paper-texture-10-assumption,502,0.0003295351596486944,37,per-map radial PSD divided by bin 1
paper-texture-10-assumption,503,0.000321550715953342,37,per-map radial PSD divided by bin 1
paper-texture-10-assumption,504,0.00032151791299943295,37,per-map radial PSD divided by bin 1
paper-texture-10-assumption,505,0.0003233501558271739,37,per-map radial PSD divided by bin 1
paper-texture-10-assumption,506,0.00031974548059391636,37,per-map radial PSD divided by bin 1
paper-texture-10-assumption,507,0.00032516040385880806,37,per-map radial PSD divided by bin 1
paper-texture-10-assumption,508,0.00032246008302989275,37,per-map radial PSD divided by bin 1
paper-texture-10-assumption,509,0.00032024202037083375,37,per-map radial PSD divided by bin 1
paper-texture-10-assumption,510,0.0003184157505495325,37,per-map radial PSD divided by bin 1
paper-texture-10-assumption,511,0.0003128634205110216,37,per-map radial PSD divided by bin 1
paper-texture-10-assumption,512,0.00031730580375154724,37,per-map radial PSD divided by bin 1
paper-texture-10-assumption,513,0.0003124736745991087,37,per-map radial PSD divided by bin 1
paper-texture-10-assumption,514,0.0003125718657911619,37,per-map radial PSD divided by bin 1
paper-texture-10-assumption,515,0.00031070438089720714,37,per-map radial PSD divided by bin 1
paper-texture-10-assumption,516,0.00030556160223823035,37,per-map radial PSD divided by bin 1
paper-texture-10-assumption,517,0.0003149205600085803,37,per-map radial PSD divided by bin 1
paper-texture-10-assumption,518,0.0003055512056312369,37,per-map radial PSD divided by bin 1
paper-texture-10-assumption,519,0.0003011143876294466,37,per-map radial PSD divided by bin 1
paper-texture-10-assumption,520,0.0002991890213975905,37,per-map radial PSD divided by bin 1
paper-texture-10-assumption,521,0.00030084894504665827,37,per-map radial PSD divided by bin 1
paper-texture-10-assumption,522,0.0003000043551337768,37,per-map radial PSD divided by bin 1
paper-texture-10-assumption,523,0.0002957060290449944,37,per-map radial PSD divided by bin 1
paper-texture-10-assumption,524,0.0003039527576196046,37,per-map radial PSD divided by bin 1
paper-texture-10-assumption,525,0.00030350638978427646,37,per-map radial PSD divided by bin 1
paper-texture-10-assumption,526,0.0002946062608806295,37,per-map radial PSD divided by bin 1
paper-texture-10-assumption,527,0.0002999262471252798,37,per-map radial PSD divided by bin 1
paper-texture-10-assumption,528,0.00029516375180019483,37,per-map radial PSD divided by bin 1
paper-texture-10-assumption,529,0.0002937871171890478,37,per-map radial PSD divided by bin 1
paper-texture-10-assumption,530,0.00029841234087036846,37,per-map radial PSD divided by bin 1
paper-texture-10-assumption,531,0.0002871142261136906,37,per-map radial PSD divided by bin 1
paper-texture-10-assumption,532,0.0002963472697947125,37,per-map radial PSD divided by bin 1
paper-texture-10-assumption,533,0.00029063729304224786,37,per-map radial PSD divided by bin 1
paper-texture-10-assumption,534,0.0002876753647212755,37,per-map radial PSD divided by bin 1
paper-texture-10-assumption,535,0.00028844395483149484,37,per-map radial PSD divided by bin 1
paper-texture-10-assumption,536,0.00028232092035725706,37,per-map radial PSD divided by bin 1
paper-texture-10-assumption,537,0.00028677865951792694,37,per-map radial PSD divided by bin 1
paper-texture-10-assumption,538,0.000283542026357396,37,per-map radial PSD divided by bin 1
paper-texture-10-assumption,539,0.00027724244178147504,37,per-map radial PSD divided by bin 1
paper-texture-10-assumption,540,0.0002759064662864937,37,per-map radial PSD divided by bin 1
paper-texture-10-assumption,541,0.00028240701016973667,37,per-map radial PSD divided by bin 1
paper-texture-10-assumption,542,0.0002869068763742724,37,per-map radial PSD divided by bin 1
paper-texture-10-assumption,543,0.00028389597630363005,37,per-map radial PSD divided by bin 1
paper-texture-10-assumption,544,0.000282260348057169,37,per-map radial PSD divided by bin 1
paper-texture-10-assumption,545,0.0002797498924315691,37,per-map radial PSD divided by bin 1
paper-texture-10-assumption,546,0.0002750822865104664,37,per-map radial PSD divided by bin 1
paper-texture-10-assumption,547,0.00028103088275082755,37,per-map radial PSD divided by bin 1
paper-texture-10-assumption,548,0.0002703095410716272,37,per-map radial PSD divided by bin 1
paper-texture-10-assumption,549,0.00027034005688776185,37,per-map radial PSD divided by bin 1
paper-texture-10-assumption,550,0.00027160764378751797,37,per-map radial PSD divided by bin 1
paper-texture-10-assumption,551,0.0002692633986632159,37,per-map radial PSD divided by bin 1
paper-texture-10-assumption,552,0.0002710628533414719,37,per-map radial PSD divided by bin 1
paper-texture-10-assumption,553,0.0002714147251001887,37,per-map radial PSD divided by bin 1
paper-texture-10-assumption,554,0.00026568126272463456,37,per-map radial PSD divided by bin 1
paper-texture-10-assumption,555,0.0002654534794318125,37,per-map radial PSD divided by bin 1
paper-texture-10-assumption,556,0.0002674899346418634,37,per-map radial PSD divided by bin 1
paper-texture-10-assumption,557,0.0002642377594331357,37,per-map radial PSD divided by bin 1
paper-texture-10-assumption,558,0.00025895884654690636,37,per-map radial PSD divided by bin 1
paper-texture-10-assumption,559,0.00026055013970131824,37,per-map radial PSD divided by bin 1
paper-texture-10-assumption,560,0.00026739023692146904,37,per-map radial PSD divided by bin 1
paper-texture-10-assumption,561,0.0002612087887925542,37,per-map radial PSD divided by bin 1
paper-texture-10-assumption,562,0.00026058858144087127,37,per-map radial PSD divided by bin 1
paper-texture-10-assumption,563,0.00026347310783760854,37,per-map radial PSD divided by bin 1
paper-texture-10-assumption,564,0.0002606225143018879,37,per-map radial PSD divided by bin 1
paper-texture-10-assumption,565,0.00025541410038931576,37,per-map radial PSD divided by bin 1
paper-texture-10-assumption,566,0.00026210207249759127,37,per-map radial PSD divided by bin 1
paper-texture-10-assumption,567,0.00025841035371656097,37,per-map radial PSD divided by bin 1
paper-texture-10-assumption,568,0.000252872156643217,37,per-map radial PSD divided by bin 1
paper-texture-10-assumption,569,0.000251927760199901,37,per-map radial PSD divided by bin 1
paper-texture-10-assumption,570,0.000252638799517973,37,per-map radial PSD divided by bin 1
paper-texture-10-assumption,571,0.00025054700148906077,37,per-map radial PSD divided by bin 1
paper-texture-10-assumption,572,0.00024923546904689935,37,per-map radial PSD divided by bin 1
paper-texture-10-assumption,573,0.000250682441686125,37,per-map radial PSD divided by bin 1
paper-texture-10-assumption,574,0.0002502649413603586,37,per-map radial PSD divided by bin 1
paper-texture-10-assumption,575,0.0002468624121752742,37,per-map radial PSD divided by bin 1
paper-texture-10-assumption,576,0.0002540131837467272,37,per-map radial PSD divided by bin 1
paper-texture-10-assumption,577,0.00024199848487800897,37,per-map radial PSD divided by bin 1
paper-texture-10-assumption,578,0.0002397710951698376,37,per-map radial PSD divided by bin 1
paper-texture-10-assumption,579,0.00024462102995372937,37,per-map radial PSD divided by bin 1
paper-texture-10-assumption,580,0.0002454847243422804,37,per-map radial PSD divided by bin 1
paper-texture-10-assumption,581,0.0002438934596859496,37,per-map radial PSD divided by bin 1
paper-texture-10-assumption,582,0.00024479737876343614,37,per-map radial PSD divided by bin 1
paper-texture-10-assumption,583,0.0002387592872385009,37,per-map radial PSD divided by bin 1
paper-texture-10-assumption,584,0.00023849276419263458,37,per-map radial PSD divided by bin 1
paper-texture-10-assumption,585,0.00023257908831354166,37,per-map radial PSD divided by bin 1
paper-texture-10-assumption,586,0.0002360760707884396,37,per-map radial PSD divided by bin 1
paper-texture-10-assumption,587,0.00023574231914854203,37,per-map radial PSD divided by bin 1
paper-texture-10-assumption,588,0.00023695163778553372,37,per-map radial PSD divided by bin 1
paper-texture-10-assumption,589,0.0002416482214422753,37,per-map radial PSD divided by bin 1
paper-texture-10-assumption,590,0.00023174163670353244,37,per-map radial PSD divided by bin 1
paper-texture-10-assumption,591,0.00023730686930028736,37,per-map radial PSD divided by bin 1
paper-texture-10-assumption,592,0.00023305034488382733,37,per-map radial PSD divided by bin 1
paper-texture-10-assumption,593,0.0002288280938314117,37,per-map radial PSD divided by bin 1
paper-texture-10-assumption,594,0.0002271765280843766,37,per-map radial PSD divided by bin 1
paper-texture-10-assumption,595,0.00023210579024395117,37,per-map radial PSD divided by bin 1
paper-texture-10-assumption,596,0.00023258787890077388,37,per-map radial PSD divided by bin 1
paper-texture-10-assumption,597,0.00022891078485226703,37,per-map radial PSD divided by bin 1
paper-texture-10-assumption,598,0.00023126864123329983,37,per-map radial PSD divided by bin 1
paper-texture-10-assumption,599,0.00022944602068411714,37,per-map radial PSD divided by bin 1
paper-texture-10-assumption,600,0.00022716498971148033,37,per-map radial PSD divided by bin 1
paper-texture-10-assumption,601,0.00022763652077901824,37,per-map radial PSD divided by bin 1
paper-texture-10-assumption,602,0.0002235701380536041,37,per-map radial PSD divided by bin 1
paper-texture-10-assumption,603,0.00022277235275994104,37,per-map radial PSD divided by bin 1
paper-texture-10-assumption,604,0.0002285939291281934,37,per-map radial PSD divided by bin 1
paper-texture-10-assumption,605,0.00022682023675632199,37,per-map radial PSD divided by bin 1
paper-texture-10-assumption,606,0.00021739763158081147,37,per-map radial PSD divided by bin 1
paper-texture-10-assumption,607,0.0002250999579731531,37,per-map radial PSD divided by bin 1
paper-texture-10-assumption,608,0.00022791311904319858,37,per-map radial PSD divided by bin 1
paper-texture-10-assumption,609,0.0002199919263139974,37,per-map radial PSD divided by bin 1
paper-texture-10-assumption,610,0.0002148158675393907,37,per-map radial PSD divided by bin 1
paper-texture-10-assumption,611,0.0002193797926929344,37,per-map radial PSD divided by bin 1
paper-texture-10-assumption,612,0.00022172666268041114,37,per-map radial PSD divided by bin 1
paper-texture-10-assumption,613,0.0002143375986228469,37,per-map radial PSD divided by bin 1
paper-texture-10-assumption,614,0.0002128713591961833,37,per-map radial PSD divided by bin 1
paper-texture-10-assumption,615,0.00021577051401897067,37,per-map radial PSD divided by bin 1
paper-texture-10-assumption,616,0.0002184305930258791,37,per-map radial PSD divided by bin 1
paper-texture-10-assumption,617,0.00021446772421032857,37,per-map radial PSD divided by bin 1
paper-texture-10-assumption,618,0.00021418434196754428,37,per-map radial PSD divided by bin 1
paper-texture-10-assumption,619,0.00021413292379609996,37,per-map radial PSD divided by bin 1
paper-texture-10-assumption,620,0.0002154973449280025,37,per-map radial PSD divided by bin 1
paper-texture-10-assumption,621,0.00021474025127601404,37,per-map radial PSD divided by bin 1
paper-texture-10-assumption,622,0.00020718287510530892,37,per-map radial PSD divided by bin 1
paper-texture-10-assumption,623,0.00021201690560016545,37,per-map radial PSD divided by bin 1
paper-texture-10-assumption,624,0.00021360875970063872,37,per-map radial PSD divided by bin 1
paper-texture-10-assumption,625,0.00020373180731134534,37,per-map radial PSD divided by bin 1
paper-texture-10-assumption,626,0.00020609244892020302,37,per-map radial PSD divided by bin 1
paper-texture-10-assumption,627,0.00020547648996783774,37,per-map radial PSD divided by bin 1
paper-texture-10-assumption,628,0.0002104943288528396,37,per-map radial PSD divided by bin 1
paper-texture-10-assumption,629,0.00020398941292919885,37,per-map radial PSD divided by bin 1
paper-texture-10-assumption,630,0.00020512378392953834,37,per-map radial PSD divided by bin 1
paper-texture-10-assumption,631,0.00020286431953566917,37,per-map radial PSD divided by bin 1
paper-texture-10-assumption,632,0.0002034497222445891,37,per-map radial PSD divided by bin 1
paper-texture-10-assumption,633,0.0002033689356503361,37,per-map radial PSD divided by bin 1
paper-texture-10-assumption,634,0.00019929483732408502,37,per-map radial PSD divided by bin 1
paper-texture-10-assumption,635,0.0002023526885848145,37,per-map radial PSD divided by bin 1
paper-texture-10-assumption,636,0.0001997096901222308,37,per-map radial PSD divided by bin 1
paper-texture-10-assumption,637,0.00020261043232716667,37,per-map radial PSD divided by bin 1
paper-texture-10-assumption,638,0.00020417536143731195,37,per-map radial PSD divided by bin 1
paper-texture-10-assumption,639,0.00019616429280526772,37,per-map radial PSD divided by bin 1
paper-texture-10-assumption,640,0.00020067783639495302,37,per-map radial PSD divided by bin 1
paper-texture-10-assumption,641,0.00019360901369069845,37,per-map radial PSD divided by bin 1
paper-texture-10-assumption,642,0.00019881437812873257,37,per-map radial PSD divided by bin 1
paper-texture-10-assumption,643,0.00019821690967884245,37,per-map radial PSD divided by bin 1
paper-texture-10-assumption,644,0.00019354012919462515,37,per-map radial PSD divided by bin 1
paper-texture-10-assumption,645,0.00019824924185787266,37,per-map radial PSD divided by bin 1
paper-texture-10-assumption,646,0.00019315858845012345,37,per-map radial PSD divided by bin 1
paper-texture-10-assumption,647,0.00019273075680222961,37,per-map radial PSD divided by bin 1
paper-texture-10-assumption,648,0.00019194814589652118,37,per-map radial PSD divided by bin 1
paper-texture-10-assumption,649,0.0001949683748274259,37,per-map radial PSD divided by bin 1
paper-texture-10-assumption,650,0.00019373996607751484,37,per-map radial PSD divided by bin 1
paper-texture-10-assumption,651,0.00018942261771234432,37,per-map radial PSD divided by bin 1
paper-texture-10-assumption,652,0.00019201922609481348,37,per-map radial PSD divided by bin 1
paper-texture-10-assumption,653,0.00018909393804144667,37,per-map radial PSD divided by bin 1
paper-texture-10-assumption,654,0.0001910115889201964,37,per-map radial PSD divided by bin 1
paper-texture-10-assumption,655,0.00018680814588479194,37,per-map radial PSD divided by bin 1
paper-texture-10-assumption,656,0.00018694268480468683,37,per-map radial PSD divided by bin 1
paper-texture-10-assumption,657,0.0001861499336558529,37,per-map radial PSD divided by bin 1
paper-texture-10-assumption,658,0.00018478590896515615,37,per-map radial PSD divided by bin 1
paper-texture-10-assumption,659,0.0001851062260708217,37,per-map radial PSD divided by bin 1
paper-texture-10-assumption,660,0.00018663241258446393,37,per-map radial PSD divided by bin 1
paper-texture-10-assumption,661,0.00018392005568138893,37,per-map radial PSD divided by bin 1
paper-texture-10-assumption,662,0.0001843859071385933,37,per-map radial PSD divided by bin 1
paper-texture-10-assumption,663,0.00018345159431067216,37,per-map radial PSD divided by bin 1
paper-texture-10-assumption,664,0.00018303437507169554,37,per-map radial PSD divided by bin 1
paper-texture-10-assumption,665,0.0001809874354403733,37,per-map radial PSD divided by bin 1
paper-texture-10-assumption,666,0.0001811311720150436,37,per-map radial PSD divided by bin 1
paper-texture-10-assumption,667,0.0001799150459739393,37,per-map radial PSD divided by bin 1
paper-texture-10-assumption,668,0.00018091949048113304,37,per-map radial PSD divided by bin 1
paper-texture-10-assumption,669,0.00017610400640388665,37,per-map radial PSD divided by bin 1
paper-texture-10-assumption,670,0.0001796389051169631,37,per-map radial PSD divided by bin 1
paper-texture-10-assumption,671,0.00017628993708539918,37,per-map radial PSD divided by bin 1
paper-texture-10-assumption,672,0.00018104713216627203,37,per-map radial PSD divided by bin 1
paper-texture-10-assumption,673,0.00017750068236962216,37,per-map radial PSD divided by bin 1
paper-texture-10-assumption,674,0.0001765588925801566,37,per-map radial PSD divided by bin 1
paper-texture-10-assumption,675,0.00017955888215035978,37,per-map radial PSD divided by bin 1
paper-texture-10-assumption,676,0.00017809862008903127,37,per-map radial PSD divided by bin 1
paper-texture-10-assumption,677,0.00017355648705475414,37,per-map radial PSD divided by bin 1
paper-texture-10-assumption,678,0.0001713962821752445,37,per-map radial PSD divided by bin 1
paper-texture-10-assumption,679,0.00017076429269531187,37,per-map radial PSD divided by bin 1
paper-texture-10-assumption,680,0.00017399380232862167,37,per-map radial PSD divided by bin 1
paper-texture-10-assumption,681,0.00017392130519729523,37,per-map radial PSD divided by bin 1
paper-texture-10-assumption,682,0.00017005140095854168,37,per-map radial PSD divided by bin 1
paper-texture-10-assumption,683,0.00017161233651724834,37,per-map radial PSD divided by bin 1
paper-texture-10-assumption,684,0.00017160381282331833,37,per-map radial PSD divided by bin 1
paper-texture-10-assumption,685,0.00017219834445871034,37,per-map radial PSD divided by bin 1
paper-texture-10-assumption,686,0.00017288638803605318,37,per-map radial PSD divided by bin 1
paper-texture-10-assumption,687,0.0001709491737449717,37,per-map radial PSD divided by bin 1
paper-texture-10-assumption,688,0.00017326005678742714,37,per-map radial PSD divided by bin 1
paper-texture-10-assumption,689,0.00016762572787468684,37,per-map radial PSD divided by bin 1
paper-texture-10-assumption,690,0.00016369416838692393,37,per-map radial PSD divided by bin 1
paper-texture-10-assumption,691,0.00016673772634477228,37,per-map radial PSD divided by bin 1
paper-texture-10-assumption,692,0.00016996803365429587,37,per-map radial PSD divided by bin 1
paper-texture-10-assumption,693,0.00016269396317129106,37,per-map radial PSD divided by bin 1
paper-texture-10-assumption,694,0.00016395611105519072,37,per-map radial PSD divided by bin 1
paper-texture-10-assumption,695,0.00016484012884432784,37,per-map radial PSD divided by bin 1
paper-texture-10-assumption,696,0.00016541452729158568,37,per-map radial PSD divided by bin 1
paper-texture-10-assumption,697,0.00016454972031157447,37,per-map radial PSD divided by bin 1
paper-texture-10-assumption,698,0.0001643359043080609,37,per-map radial PSD divided by bin 1
paper-texture-10-assumption,699,0.0001659800839880088,37,per-map radial PSD divided by bin 1
paper-texture-10-assumption,700,0.0001641574798093328,37,per-map radial PSD divided by bin 1
paper-texture-10-assumption,701,0.00016128176805468473,37,per-map radial PSD divided by bin 1
paper-texture-10-assumption,702,0.00015913189372953525,37,per-map radial PSD divided by bin 1
paper-texture-10-assumption,703,0.000159922833813832,37,per-map radial PSD divided by bin 1
paper-texture-10-assumption,704,0.00016098406395128692,37,per-map radial PSD divided by bin 1
paper-texture-10-assumption,705,0.00015658673645364235,37,per-map radial PSD divided by bin 1
paper-texture-10-assumption,706,0.000157528517513565,37,per-map radial PSD divided by bin 1
paper-texture-10-assumption,707,0.00015837130783980904,37,per-map radial PSD divided by bin 1
paper-texture-10-assumption,708,0.00015756004248088635,37,per-map radial PSD divided by bin 1
paper-texture-10-assumption,709,0.00015683599880199776,37,per-map radial PSD divided by bin 1
paper-texture-10-assumption,710,0.00015568160084538906,37,per-map radial PSD divided by bin 1
paper-texture-10-assumption,711,0.00015657796577377728,37,per-map radial PSD divided by bin 1
paper-texture-10-assumption,712,0.00015497722615936377,37,per-map radial PSD divided by bin 1
paper-texture-10-assumption,713,0.00015632052653250008,37,per-map radial PSD divided by bin 1
paper-texture-10-assumption,714,0.00015497484071140934,37,per-map radial PSD divided by bin 1
paper-texture-10-assumption,715,0.00015359219851639183,37,per-map radial PSD divided by bin 1
paper-texture-10-assumption,716,0.00015647511498447774,37,per-map radial PSD divided by bin 1
paper-texture-10-assumption,717,0.00015426003625056196,37,per-map radial PSD divided by bin 1
paper-texture-10-assumption,718,0.00015320127144091255,37,per-map radial PSD divided by bin 1
paper-texture-10-assumption,719,0.0001519810053121586,37,per-map radial PSD divided by bin 1
paper-texture-10-assumption,720,0.00014818857781895514,37,per-map radial PSD divided by bin 1
paper-texture-10-assumption,721,0.0001549088855565768,37,per-map radial PSD divided by bin 1
paper-texture-10-assumption,722,0.00015265467771246105,37,per-map radial PSD divided by bin 1
paper-texture-10-assumption,723,0.0001512537560199955,37,per-map radial PSD divided by bin 1
paper-texture-10-assumption,724,0.00015097032586565488,37,per-map radial PSD divided by bin 1
paper-texture-10-assumption,725,0.0001461614042395347,37,per-map radial PSD divided by bin 1
paper-texture-10-assumption,726,0.00014839279105905172,37,per-map radial PSD divided by bin 1
paper-texture-10-assumption,727,0.00014938599746743128,37,per-map radial PSD divided by bin 1
paper-texture-10-assumption,728,0.00015060447623324352,37,per-map radial PSD divided by bin 1
paper-texture-10-assumption,729,0.00014592929060258886,37,per-map radial PSD divided by bin 1
paper-texture-10-assumption,730,0.00014543512580618848,37,per-map radial PSD divided by bin 1
paper-texture-10-assumption,731,0.0001487094059183836,37,per-map radial PSD divided by bin 1
paper-texture-10-assumption,732,0.00014692670776536422,37,per-map radial PSD divided by bin 1
paper-texture-10-assumption,733,0.00014383199183644715,37,per-map radial PSD divided by bin 1
paper-texture-10-assumption,734,0.0001450646923975899,37,per-map radial PSD divided by bin 1
paper-texture-10-assumption,735,0.00014582718326848024,37,per-map radial PSD divided by bin 1
paper-texture-10-assumption,736,0.00014547714933705523,37,per-map radial PSD divided by bin 1
paper-texture-10-assumption,737,0.0001432420383057945,37,per-map radial PSD divided by bin 1
paper-texture-10-assumption,738,0.00014298540666823643,37,per-map radial PSD divided by bin 1
paper-texture-10-assumption,739,0.0001437440492181914,37,per-map radial PSD divided by bin 1
paper-texture-10-assumption,740,0.00014482958373317445,37,per-map radial PSD divided by bin 1
paper-texture-10-assumption,741,0.00014033319481517918,37,per-map radial PSD divided by bin 1
paper-texture-10-assumption,742,0.0001408013136696847,37,per-map radial PSD divided by bin 1
paper-texture-10-assumption,743,0.00013820146765589484,37,per-map radial PSD divided by bin 1
paper-texture-10-assumption,744,0.00014032347499706076,37,per-map radial PSD divided by bin 1
paper-texture-10-assumption,745,0.00014032812731968708,37,per-map radial PSD divided by bin 1
paper-texture-10-assumption,746,0.0001402954124542803,37,per-map radial PSD divided by bin 1
paper-texture-10-assumption,747,0.0001391003349693394,37,per-map radial PSD divided by bin 1
paper-texture-10-assumption,748,0.00013694432425729518,37,per-map radial PSD divided by bin 1
paper-texture-10-assumption,749,0.00013499501285863828,37,per-map radial PSD divided by bin 1
paper-texture-10-assumption,750,0.0001426545434330856,37,per-map radial PSD divided by bin 1
paper-texture-10-assumption,751,0.00013791216435154685,37,per-map radial PSD divided by bin 1
paper-texture-10-assumption,752,0.00013781852960733086,37,per-map radial PSD divided by bin 1
paper-texture-10-assumption,753,0.00013566155649397392,37,per-map radial PSD divided by bin 1
paper-texture-10-assumption,754,0.0001377056473872262,37,per-map radial PSD divided by bin 1
paper-texture-10-assumption,755,0.00013655439249385298,37,per-map radial PSD divided by bin 1
paper-texture-10-assumption,756,0.0001365155598152929,37,per-map radial PSD divided by bin 1
paper-texture-10-assumption,757,0.000132579579854735,37,per-map radial PSD divided by bin 1
paper-texture-10-assumption,758,0.0001324631541686429,37,per-map radial PSD divided by bin 1
paper-texture-10-assumption,759,0.00013562533583390577,37,per-map radial PSD divided by bin 1
paper-texture-10-assumption,760,0.00013423416530362672,37,per-map radial PSD divided by bin 1
paper-texture-10-assumption,761,0.0001335022389054496,37,per-map radial PSD divided by bin 1
paper-texture-10-assumption,762,0.00013268696359360716,37,per-map radial PSD divided by bin 1
paper-texture-10-assumption,763,0.00012964584043115656,37,per-map radial PSD divided by bin 1
paper-texture-10-assumption,764,0.0001298367928627844,37,per-map radial PSD divided by bin 1
paper-texture-10-assumption,765,0.00012827389656778896,37,per-map radial PSD divided by bin 1
paper-texture-10-assumption,766,0.00012822616950829344,37,per-map radial PSD divided by bin 1
paper-texture-10-assumption,767,0.00012938144944729462,37,per-map radial PSD divided by bin 1
paper-texture-10-assumption,768,0.00013160611330374238,37,per-map radial PSD divided by bin 1
paper-texture-10-assumption,769,0.00013116005911236226,37,per-map radial PSD divided by bin 1
paper-texture-10-assumption,770,0.0001288876192822541,37,per-map radial PSD divided by bin 1
paper-texture-10-assumption,771,0.00012850354189605244,37,per-map radial PSD divided by bin 1
paper-texture-10-assumption,772,0.0001280797640220932,37,per-map radial PSD divided by bin 1
paper-texture-10-assumption,773,0.00012577420614400109,37,per-map radial PSD divided by bin 1
paper-texture-10-assumption,774,0.00013184257906317327,37,per-map radial PSD divided by bin 1
paper-texture-10-assumption,775,0.00012648445320503877,37,per-map radial PSD divided by bin 1
paper-texture-10-assumption,776,0.0001284436521143654,37,per-map radial PSD divided by bin 1
paper-texture-10-assumption,777,0.00012612267090965313,37,per-map radial PSD divided by bin 1
paper-texture-10-assumption,778,0.00012663619682586356,37,per-map radial PSD divided by bin 1
paper-texture-10-assumption,779,0.00012498900910743442,37,per-map radial PSD divided by bin 1
paper-texture-10-assumption,780,0.0001242926791937413,37,per-map radial PSD divided by bin 1
paper-texture-10-assumption,781,0.00012503713255360223,37,per-map radial PSD divided by bin 1
paper-texture-10-assumption,782,0.0001240406871198746,37,per-map radial PSD divided by bin 1
paper-texture-10-assumption,783,0.00012380147994268647,37,per-map radial PSD divided by bin 1
paper-texture-10-assumption,784,0.00012383846767859006,37,per-map radial PSD divided by bin 1
paper-texture-10-assumption,785,0.00012226910753871797,37,per-map radial PSD divided by bin 1
paper-texture-10-assumption,786,0.00012208375757735322,37,per-map radial PSD divided by bin 1
paper-texture-10-assumption,787,0.00012449157317410978,37,per-map radial PSD divided by bin 1
paper-texture-10-assumption,788,0.00012476028929126512,37,per-map radial PSD divided by bin 1
paper-texture-10-assumption,789,0.00012246059383233873,37,per-map radial PSD divided by bin 1
paper-texture-10-assumption,790,0.00012289963835724073,37,per-map radial PSD divided by bin 1
paper-texture-10-assumption,791,0.00012090302933326008,37,per-map radial PSD divided by bin 1
paper-texture-10-assumption,792,0.0001224059353105507,37,per-map radial PSD divided by bin 1
paper-texture-10-assumption,793,0.00012161450372785533,37,per-map radial PSD divided by bin 1
paper-texture-10-assumption,794,0.00011953132689182188,37,per-map radial PSD divided by bin 1
paper-texture-10-assumption,795,0.00012165385270409495,37,per-map radial PSD divided by bin 1
paper-texture-10-assumption,796,0.00012059357015285242,37,per-map radial PSD divided by bin 1
paper-texture-10-assumption,797,0.00011837865734858718,37,per-map radial PSD divided by bin 1
paper-texture-10-assumption,798,0.00011840363617380279,37,per-map radial PSD divided by bin 1
paper-texture-10-assumption,799,0.00011993496968762733,37,per-map radial PSD divided by bin 1
paper-texture-10-assumption,800,0.0001183333710632944,37,per-map radial PSD divided by bin 1
paper-texture-10-assumption,801,0.00011770307277374861,37,per-map radial PSD divided by bin 1
paper-texture-10-assumption,802,0.00011831214830563965,37,per-map radial PSD divided by bin 1
paper-texture-10-assumption,803,0.00011856853318909809,37,per-map radial PSD divided by bin 1
paper-texture-10-assumption,804,0.00011680784219705574,37,per-map radial PSD divided by bin 1
paper-texture-10-assumption,805,0.00011522140532991335,37,per-map radial PSD divided by bin 1
paper-texture-10-assumption,806,0.0001169559938676592,37,per-map radial PSD divided by bin 1
paper-texture-10-assumption,807,0.0001170567410781117,37,per-map radial PSD divided by bin 1
paper-texture-10-assumption,808,0.00011579001605021957,37,per-map radial PSD divided by bin 1
paper-texture-10-assumption,809,0.00011521923053268968,37,per-map radial PSD divided by bin 1
paper-texture-10-assumption,810,0.00011387179479976213,37,per-map radial PSD divided by bin 1
paper-texture-10-assumption,811,0.00011425004574283525,37,per-map radial PSD divided by bin 1
paper-texture-10-assumption,812,0.00011313252391743857,37,per-map radial PSD divided by bin 1
paper-texture-10-assumption,813,0.00011447752950983254,37,per-map radial PSD divided by bin 1
paper-texture-10-assumption,814,0.00011385130932403591,37,per-map radial PSD divided by bin 1
paper-texture-10-assumption,815,0.00011302836061258653,37,per-map radial PSD divided by bin 1
paper-texture-10-assumption,816,0.00011355331872316573,37,per-map radial PSD divided by bin 1
paper-texture-10-assumption,817,0.00011300395294842532,37,per-map radial PSD divided by bin 1
paper-texture-10-assumption,818,0.00011589794416942863,37,per-map radial PSD divided by bin 1
paper-texture-10-assumption,819,0.0001114017008887861,37,per-map radial PSD divided by bin 1
paper-texture-10-assumption,820,0.00011021189647885242,37,per-map radial PSD divided by bin 1
paper-texture-10-assumption,821,0.00011121029879449174,37,per-map radial PSD divided by bin 1
paper-texture-10-assumption,822,0.00010873009406354903,37,per-map radial PSD divided by bin 1
paper-texture-10-assumption,823,0.00011375969014884307,37,per-map radial PSD divided by bin 1
paper-texture-10-assumption,824,0.0001101237605264806,37,per-map radial PSD divided by bin 1
paper-texture-10-assumption,825,0.00010919126069162273,37,per-map radial PSD divided by bin 1
paper-texture-10-assumption,826,0.00011096574558462821,37,per-map radial PSD divided by bin 1
paper-texture-10-assumption,827,0.0001104245153367431,37,per-map radial PSD divided by bin 1
paper-texture-10-assumption,828,0.00010876656523882544,37,per-map radial PSD divided by bin 1
paper-texture-10-assumption,829,0.0001072650939464599,37,per-map radial PSD divided by bin 1
paper-texture-10-assumption,830,0.00010507838716117278,37,per-map radial PSD divided by bin 1
paper-texture-10-assumption,831,0.00010683363417503545,37,per-map radial PSD divided by bin 1
paper-texture-10-assumption,832,0.00010584632506795257,37,per-map radial PSD divided by bin 1
paper-texture-10-assumption,833,0.00010652691049475734,37,per-map radial PSD divided by bin 1
paper-texture-10-assumption,834,0.00010707033049416024,37,per-map radial PSD divided by bin 1
paper-texture-10-assumption,835,0.00010766802546186718,37,per-map radial PSD divided by bin 1
paper-texture-10-assumption,836,0.00010634827189258689,37,per-map radial PSD divided by bin 1
paper-texture-10-assumption,837,0.00010616301333373657,37,per-map radial PSD divided by bin 1
paper-texture-10-assumption,838,0.00010614969861215223,37,per-map radial PSD divided by bin 1
paper-texture-10-assumption,839,0.0001029759123703339,37,per-map radial PSD divided by bin 1
paper-texture-10-assumption,840,0.00010616536432741376,37,per-map radial PSD divided by bin 1
paper-texture-10-assumption,841,0.00010459376145162026,37,per-map radial PSD divided by bin 1
paper-texture-10-assumption,842,0.00010525918763754174,37,per-map radial PSD divided by bin 1
paper-texture-10-assumption,843,0.00010293241239144942,37,per-map radial PSD divided by bin 1
paper-texture-10-assumption,844,0.00010471273590507253,37,per-map radial PSD divided by bin 1
paper-texture-10-assumption,845,0.00010390045860369136,37,per-map radial PSD divided by bin 1
paper-texture-10-assumption,846,0.0001033744456443723,37,per-map radial PSD divided by bin 1
paper-texture-10-assumption,847,0.00010215758487598692,37,per-map radial PSD divided by bin 1
paper-texture-10-assumption,848,0.00010266847441125238,37,per-map radial PSD divided by bin 1
paper-texture-10-assumption,849,0.00010191463782561305,37,per-map radial PSD divided by bin 1
paper-texture-10-assumption,850,0.00010182874112999222,37,per-map radial PSD divided by bin 1
paper-texture-10-assumption,851,0.00010057176230149849,37,per-map radial PSD divided by bin 1
paper-texture-10-assumption,852,0.00010009042529578466,37,per-map radial PSD divided by bin 1
paper-texture-10-assumption,853,9.995998640162846e-05,37,per-map radial PSD divided by bin 1
paper-texture-10-assumption,854,9.911252637650367e-05,37,per-map radial PSD divided by bin 1
paper-texture-10-assumption,855,0.00010316851539736644,37,per-map radial PSD divided by bin 1
paper-texture-10-assumption,856,0.00010097771696797364,37,per-map radial PSD divided by bin 1
paper-texture-10-assumption,857,9.721266006979487e-05,37,per-map radial PSD divided by bin 1
paper-texture-10-assumption,858,0.00010186726505702942,37,per-map radial PSD divided by bin 1
paper-texture-10-assumption,859,9.92463116749769e-05,37,per-map radial PSD divided by bin 1
paper-texture-10-assumption,860,0.00010048149186886691,37,per-map radial PSD divided by bin 1
paper-texture-10-assumption,861,9.756663138156573e-05,37,per-map radial PSD divided by bin 1
paper-texture-10-assumption,862,9.896500978995282e-05,37,per-map radial PSD divided by bin 1
paper-texture-10-assumption,863,9.667438488333769e-05,37,per-map radial PSD divided by bin 1
paper-texture-10-assumption,864,9.723316927213515e-05,37,per-map radial PSD divided by bin 1
paper-texture-10-assumption,865,9.721305355475848e-05,37,per-map radial PSD divided by bin 1
paper-texture-10-assumption,866,9.700863730064084e-05,37,per-map radial PSD divided by bin 1
paper-texture-10-assumption,867,9.824325825448342e-05,37,per-map radial PSD divided by bin 1
paper-texture-10-assumption,868,9.665913814252992e-05,37,per-map radial PSD divided by bin 1
paper-texture-10-assumption,869,9.648191328701844e-05,37,per-map radial PSD divided by bin 1
paper-texture-10-assumption,870,9.624561384495138e-05,37,per-map radial PSD divided by bin 1
paper-texture-10-assumption,871,9.394217262008954e-05,37,per-map radial PSD divided by bin 1
paper-texture-10-assumption,872,9.558113916939967e-05,37,per-map radial PSD divided by bin 1
paper-texture-10-assumption,873,9.533822413474557e-05,37,per-map radial PSD divided by bin 1
paper-texture-10-assumption,874,9.724941704164074e-05,37,per-map radial PSD divided by bin 1
paper-texture-10-assumption,875,9.453527311813737e-05,37,per-map radial PSD divided by bin 1
paper-texture-10-assumption,876,9.533243502584091e-05,37,per-map radial PSD divided by bin 1
paper-texture-10-assumption,877,9.437763265212361e-05,37,per-map radial PSD divided by bin 1
paper-texture-10-assumption,878,9.588315602461477e-05,37,per-map radial PSD divided by bin 1
paper-texture-10-assumption,879,9.40106505874292e-05,37,per-map radial PSD divided by bin 1
paper-texture-10-assumption,880,9.324112310678388e-05,37,per-map radial PSD divided by bin 1
paper-texture-10-assumption,881,9.324730874673578e-05,37,per-map radial PSD divided by bin 1
paper-texture-10-assumption,882,9.236126977767506e-05,37,per-map radial PSD divided by bin 1
paper-texture-10-assumption,883,9.333954456004366e-05,37,per-map radial PSD divided by bin 1
paper-texture-10-assumption,884,9.380529314706554e-05,37,per-map radial PSD divided by bin 1
paper-texture-10-assumption,885,9.19612597795554e-05,37,per-map radial PSD divided by bin 1
paper-texture-10-assumption,886,9.395870421469442e-05,37,per-map radial PSD divided by bin 1
paper-texture-10-assumption,887,9.050139218590572e-05,37,per-map radial PSD divided by bin 1
paper-texture-10-assumption,888,9.051311620476325e-05,37,per-map radial PSD divided by bin 1
paper-texture-10-assumption,889,9.287103978934617e-05,37,per-map radial PSD divided by bin 1
paper-texture-10-assumption,890,8.978937655580938e-05,37,per-map radial PSD divided by bin 1
paper-texture-10-assumption,891,9.178446548039575e-05,37,per-map radial PSD divided by bin 1
paper-texture-10-assumption,892,9.149673166225271e-05,37,per-map radial PSD divided by bin 1
paper-texture-10-assumption,893,9.024255193286327e-05,37,per-map radial PSD divided by bin 1
paper-texture-10-assumption,894,8.898438373416059e-05,37,per-map radial PSD divided by bin 1
paper-texture-10-assumption,895,9.093213497740338e-05,37,per-map radial PSD divided by bin 1
paper-texture-10-assumption,896,9.00907041476848e-05,37,per-map radial PSD divided by bin 1
paper-texture-10-assumption,897,9.002357519055552e-05,37,per-map radial PSD divided by bin 1
paper-texture-10-assumption,898,8.96674059389874e-05,37,per-map radial PSD divided by bin 1
paper-texture-10-assumption,899,8.738984044565328e-05,37,per-map radial PSD divided by bin 1
paper-texture-10-assumption,900,8.815246942566942e-05,37,per-map radial PSD divided by bin 1
paper-texture-10-assumption,901,8.640656820618425e-05,37,per-map radial PSD divided by bin 1
paper-texture-10-assumption,902,8.846096758661377e-05,37,per-map radial PSD divided by bin 1
paper-texture-10-assumption,903,8.791088620069185e-05,37,per-map radial PSD divided by bin 1
paper-texture-10-assumption,904,8.85116634690683e-05,37,per-map radial PSD divided by bin 1
paper-texture-10-assumption,905,8.737147294113981e-05,37,per-map radial PSD divided by bin 1
paper-texture-10-assumption,906,8.813237616548665e-05,37,per-map radial PSD divided by bin 1
paper-texture-10-assumption,907,8.746877993022178e-05,37,per-map radial PSD divided by bin 1
paper-texture-10-assumption,908,8.72884785193619e-05,37,per-map radial PSD divided by bin 1
paper-texture-10-assumption,909,8.71054716520174e-05,37,per-map radial PSD divided by bin 1
paper-texture-10-assumption,910,8.720047519170794e-05,37,per-map radial PSD divided by bin 1
paper-texture-10-assumption,911,8.699995019277347e-05,37,per-map radial PSD divided by bin 1
paper-texture-10-assumption,912,8.573051407065241e-05,37,per-map radial PSD divided by bin 1
paper-texture-10-assumption,913,8.377160790193872e-05,37,per-map radial PSD divided by bin 1
paper-texture-10-assumption,914,8.711113305111079e-05,37,per-map radial PSD divided by bin 1
paper-texture-10-assumption,915,8.608246666672555e-05,37,per-map radial PSD divided by bin 1
paper-texture-10-assumption,916,8.375192023989499e-05,37,per-map radial PSD divided by bin 1
paper-texture-10-assumption,917,8.477725632478684e-05,37,per-map radial PSD divided by bin 1
paper-texture-10-assumption,918,8.612182708842468e-05,37,per-map radial PSD divided by bin 1
paper-texture-10-assumption,919,8.45606640258464e-05,37,per-map radial PSD divided by bin 1
paper-texture-10-assumption,920,8.446305697280434e-05,37,per-map radial PSD divided by bin 1
paper-texture-10-assumption,921,8.506210850630005e-05,37,per-map radial PSD divided by bin 1
paper-texture-10-assumption,922,8.42204858192378e-05,37,per-map radial PSD divided by bin 1
paper-texture-10-assumption,923,8.574060046909327e-05,37,per-map radial PSD divided by bin 1
paper-texture-10-assumption,924,8.302210403976758e-05,37,per-map radial PSD divided by bin 1
paper-texture-10-assumption,925,8.40374303850403e-05,37,per-map radial PSD divided by bin 1
paper-texture-10-assumption,926,8.521993436752512e-05,37,per-map radial PSD divided by bin 1
paper-texture-10-assumption,927,8.297862227814351e-05,37,per-map radial PSD divided by bin 1
paper-texture-10-assumption,928,8.399049668529948e-05,37,per-map radial PSD divided by bin 1
paper-texture-10-assumption,929,8.156099201329123e-05,37,per-map radial PSD divided by bin 1
paper-texture-10-assumption,930,8.259940291366454e-05,37,per-map radial PSD divided by bin 1
paper-texture-10-assumption,931,8.178054704814625e-05,37,per-map radial PSD divided by bin 1
paper-texture-10-assumption,932,8.063323727259769e-05,37,per-map radial PSD divided by bin 1
paper-texture-10-assumption,933,8.035883262219662e-05,37,per-map radial PSD divided by bin 1
paper-texture-10-assumption,934,8.12569819671401e-05,37,per-map radial PSD divided by bin 1
paper-texture-10-assumption,935,8.143394820350087e-05,37,per-map radial PSD divided by bin 1
paper-texture-10-assumption,936,8.13475111443799e-05,37,per-map radial PSD divided by bin 1
paper-texture-10-assumption,937,7.94974582773786e-05,37,per-map radial PSD divided by bin 1
paper-texture-10-assumption,938,8.354567055464716e-05,37,per-map radial PSD divided by bin 1
paper-texture-10-assumption,939,7.945024497845762e-05,37,per-map radial PSD divided by bin 1
paper-texture-10-assumption,940,8.124203484165538e-05,37,per-map radial PSD divided by bin 1
paper-texture-10-assumption,941,8.02664351085265e-05,37,per-map radial PSD divided by bin 1
paper-texture-10-assumption,942,8.111986770040444e-05,37,per-map radial PSD divided by bin 1
paper-texture-10-assumption,943,7.926673484357635e-05,37,per-map radial PSD divided by bin 1
paper-texture-10-assumption,944,8.013992019253945e-05,37,per-map radial PSD divided by bin 1
paper-texture-10-assumption,945,7.874622821992638e-05,37,per-map radial PSD divided by bin 1
paper-texture-10-assumption,946,8.00163753485464e-05,37,per-map radial PSD divided by bin 1
paper-texture-10-assumption,947,7.751794427958216e-05,37,per-map radial PSD divided by bin 1
paper-texture-10-assumption,948,7.855158075680124e-05,37,per-map radial PSD divided by bin 1
paper-texture-10-assumption,949,7.888639884135784e-05,37,per-map radial PSD divided by bin 1
paper-texture-10-assumption,950,7.784699463972201e-05,37,per-map radial PSD divided by bin 1
paper-texture-10-assumption,951,7.797111961069467e-05,37,per-map radial PSD divided by bin 1
paper-texture-10-assumption,952,7.723459183390063e-05,37,per-map radial PSD divided by bin 1
paper-texture-10-assumption,953,7.647631628412077e-05,37,per-map radial PSD divided by bin 1
paper-texture-10-assumption,954,7.698743678387965e-05,37,per-map radial PSD divided by bin 1
paper-texture-10-assumption,955,7.584584909740628e-05,37,per-map radial PSD divided by bin 1
paper-texture-10-assumption,956,7.47709912374731e-05,37,per-map radial PSD divided by bin 1
paper-texture-10-assumption,957,7.638859752796096e-05,37,per-map radial PSD divided by bin 1
paper-texture-10-assumption,958,7.612937625766655e-05,37,per-map radial PSD divided by bin 1
paper-texture-10-assumption,959,7.608395219645586e-05,37,per-map radial PSD divided by bin 1
paper-texture-10-assumption,960,7.587526240385768e-05,37,per-map radial PSD divided by bin 1
paper-texture-10-assumption,961,7.391466732566694e-05,37,per-map radial PSD divided by bin 1
paper-texture-10-assumption,962,7.5729201018881e-05,37,per-map radial PSD divided by bin 1
paper-texture-10-assumption,963,7.638450702042255e-05,37,per-map radial PSD divided by bin 1
paper-texture-10-assumption,964,7.363316492925071e-05,37,per-map radial PSD divided by bin 1
paper-texture-10-assumption,965,7.325900210614039e-05,37,per-map radial PSD divided by bin 1
paper-texture-10-assumption,966,7.41633014472621e-05,37,per-map radial PSD divided by bin 1
paper-texture-10-assumption,967,7.461759917737061e-05,37,per-map radial PSD divided by bin 1
paper-texture-10-assumption,968,7.44606804926185e-05,37,per-map radial PSD divided by bin 1
paper-texture-10-assumption,969,7.536574605508659e-05,37,per-map radial PSD divided by bin 1
paper-texture-10-assumption,970,7.315633558490141e-05,37,per-map radial PSD divided by bin 1
paper-texture-10-assumption,971,7.361690841429375e-05,37,per-map radial PSD divided by bin 1
paper-texture-10-assumption,972,7.390526425305007e-05,37,per-map radial PSD divided by bin 1
paper-texture-10-assumption,973,7.18307137840769e-05,37,per-map radial PSD divided by bin 1
paper-texture-10-assumption,974,7.117003319198475e-05,37,per-map radial PSD divided by bin 1
paper-texture-10-assumption,975,7.329133397638419e-05,37,per-map radial PSD divided by bin 1
paper-texture-10-assumption,976,7.298698148642787e-05,37,per-map radial PSD divided by bin 1
paper-texture-10-assumption,977,7.217635873797836e-05,37,per-map radial PSD divided by bin 1
paper-texture-10-assumption,978,7.098720790849297e-05,37,per-map radial PSD divided by bin 1
paper-texture-10-assumption,979,7.299841025549861e-05,37,per-map radial PSD divided by bin 1
paper-texture-10-assumption,980,7.267835309545889e-05,37,per-map radial PSD divided by bin 1
paper-texture-10-assumption,981,7.141623673511753e-05,37,per-map radial PSD divided by bin 1
paper-texture-10-assumption,982,7.116488864362545e-05,37,per-map radial PSD divided by bin 1
paper-texture-10-assumption,983,7.058045264725691e-05,37,per-map radial PSD divided by bin 1
paper-texture-10-assumption,984,6.969807279501526e-05,37,per-map radial PSD divided by bin 1
paper-texture-10-assumption,985,7.043663803168039e-05,37,per-map radial PSD divided by bin 1
paper-texture-10-assumption,986,7.047682530463536e-05,37,per-map radial PSD divided by bin 1
paper-texture-10-assumption,987,7.284748523611419e-05,37,per-map radial PSD divided by bin 1
paper-texture-10-assumption,988,6.94941223820398e-05,37,per-map radial PSD divided by bin 1
paper-texture-10-assumption,989,6.84017670901774e-05,37,per-map radial PSD divided by bin 1
paper-texture-10-assumption,990,6.938354574441007e-05,37,per-map radial PSD divided by bin 1
paper-texture-10-assumption,991,7.053521709150286e-05,37,per-map radial PSD divided by bin 1
paper-texture-10-assumption,992,7.05930968085001e-05,37,per-map radial PSD divided by bin 1
paper-texture-10-assumption,993,6.918025660969135e-05,37,per-map radial PSD divided by bin 1
paper-texture-10-assumption,994,6.876806496871071e-05,37,per-map radial PSD divided by bin 1
paper-texture-10-assumption,995,6.99293485397348e-05,37,per-map radial PSD divided by bin 1
paper-texture-10-assumption,996,6.983207996208263e-05,37,per-map radial PSD divided by bin 1
paper-texture-10-assumption,997,6.892647502631666e-05,37,per-map radial PSD divided by bin 1
paper-texture-10-assumption,998,6.959468995014098e-05,37,per-map radial PSD divided by bin 1
paper-texture-10-assumption,999,6.884414312281669e-05,37,per-map radial PSD divided by bin 1
paper-texture-10-assumption,1000,6.823200632097217e-05,37,per-map radial PSD divided by bin 1
paper-texture-10-assumption,1001,6.726831263215651e-05,37,per-map radial PSD divided by bin 1
paper-texture-10-assumption,1002,6.810637761597792e-05,37,per-map radial PSD divided by bin 1
paper-texture-10-assumption,1003,6.799904946467919e-05,37,per-map radial PSD divided by bin 1
paper-texture-10-assumption,1004,6.735704162655532e-05,37,per-map radial PSD divided by bin 1
paper-texture-10-assumption,1005,6.827202547274352e-05,37,per-map radial PSD divided by bin 1
paper-texture-10-assumption,1006,6.660134392566096e-05,37,per-map radial PSD divided by bin 1
paper-texture-10-assumption,1007,6.777984044528937e-05,37,per-map radial PSD divided by bin 1
paper-texture-10-assumption,1008,6.56497759843167e-05,37,per-map radial PSD divided by bin 1
paper-texture-10-assumption,1009,6.663096981907081e-05,37,per-map radial PSD divided by bin 1
paper-texture-10-assumption,1010,6.6242514239528e-05,37,per-map radial PSD divided by bin 1
paper-texture-10-assumption,1011,6.643547897134883e-05,37,per-map radial PSD divided by bin 1
paper-texture-10-assumption,1012,6.677393841758515e-05,37,per-map radial PSD divided by bin 1
paper-texture-10-assumption,1013,6.569888279860466e-05,37,per-map radial PSD divided by bin 1
paper-texture-10-assumption,1014,6.673773645203414e-05,37,per-map radial PSD divided by bin 1
paper-texture-10-assumption,1015,6.60602355496586e-05,37,per-map radial PSD divided by bin 1
paper-texture-10-assumption,1016,6.538421666516069e-05,37,per-map radial PSD divided by bin 1
paper-texture-10-assumption,1017,6.568475916353116e-05,37,per-map radial PSD divided by bin 1
paper-texture-10-assumption,1018,6.45574615500735e-05,37,per-map radial PSD divided by bin 1
paper-texture-10-assumption,1019,6.52128484206039e-05,37,per-map radial PSD divided by bin 1
paper-texture-10-assumption,1020,6.507397074896603e-05,37,per-map radial PSD divided by bin 1
paper-texture-10-assumption,1021,6.50055579729121e-05,37,per-map radial PSD divided by bin 1
paper-texture-10-assumption,1022,6.460557208300497e-05,37,per-map radial PSD divided by bin 1
paper-texture-10-assumption,1023,6.409547706511849e-05,37,per-map radial PSD divided by bin 1
paper-texture-10-assumption,1024,6.490646362795828e-05,37,per-map radial PSD divided by bin 1
paper-texture-10-assumption,1025,6.344254831874966e-05,37,per-map radial PSD divided by bin 1
paper-texture-10-assumption,1026,6.395727315848059e-05,37,per-map radial PSD divided by bin 1
paper-texture-10-assumption,1027,6.35715917892542e-05,37,per-map radial PSD divided by bin 1
paper-texture-10-assumption,1028,6.417479557381824e-05,37,per-map radial PSD divided by bin 1
paper-texture-10-assumption,1029,6.286711882773191e-05,37,per-map radial PSD divided by bin 1
paper-texture-10-assumption,1030,6.318862079118229e-05,37,per-map radial PSD divided by bin 1
paper-texture-10-assumption,1031,6.383261674500201e-05,37,per-map radial PSD divided by bin 1
paper-texture-10-assumption,1032,6.230307842816257e-05,37,per-map radial PSD divided by bin 1
paper-texture-10-assumption,1033,6.331352511864955e-05,37,per-map radial PSD divided by bin 1
paper-texture-10-assumption,1034,6.30416839423709e-05,37,per-map radial PSD divided by bin 1
paper-texture-10-assumption,1035,6.332119862373297e-05,37,per-map radial PSD divided by bin 1
paper-texture-10-assumption,1036,6.242621693479883e-05,37,per-map radial PSD divided by bin 1
paper-texture-10-assumption,1037,6.286075306185902e-05,37,per-map radial PSD divided by bin 1
paper-texture-10-assumption,1038,6.260635547249952e-05,37,per-map radial PSD divided by bin 1
paper-texture-10-assumption,1039,6.266152443419182e-05,37,per-map radial PSD divided by bin 1
paper-texture-10-assumption,1040,6.277056264838105e-05,37,per-map radial PSD divided by bin 1
paper-texture-10-assumption,1041,6.086917041744682e-05,37,per-map radial PSD divided by bin 1
paper-texture-10-assumption,1042,6.082832352820409e-05,37,per-map radial PSD divided by bin 1
paper-texture-10-assumption,1043,6.0655216465455215e-05,37,per-map radial PSD divided by bin 1
paper-texture-10-assumption,1044,6.022544759586162e-05,37,per-map radial PSD divided by bin 1
paper-texture-10-assumption,1045,5.984937089656956e-05,37,per-map radial PSD divided by bin 1
paper-texture-10-assumption,1046,6.076288852074581e-05,37,per-map radial PSD divided by bin 1
paper-texture-10-assumption,1047,5.969502604138082e-05,37,per-map radial PSD divided by bin 1
paper-texture-10-assumption,1048,6.011274030101287e-05,37,per-map radial PSD divided by bin 1
paper-texture-10-assumption,1049,6.064838768339517e-05,37,per-map radial PSD divided by bin 1
paper-texture-10-assumption,1050,6.03790577330185e-05,37,per-map radial PSD divided by bin 1
paper-texture-10-assumption,1051,5.974055369489875e-05,37,per-map radial PSD divided by bin 1
paper-texture-10-assumption,1052,6.079967768130401e-05,37,per-map radial PSD divided by bin 1
paper-texture-10-assumption,1053,5.9276611332976354e-05,37,per-map radial PSD divided by bin 1
paper-texture-10-assumption,1054,5.91335056870564e-05,37,per-map radial PSD divided by bin 1
paper-texture-10-assumption,1055,5.9931569672561435e-05,37,per-map radial PSD divided by bin 1
paper-texture-10-assumption,1056,6.057061130682973e-05,37,per-map radial PSD divided by bin 1
paper-texture-10-assumption,1057,5.961207778657702e-05,37,per-map radial PSD divided by bin 1
paper-texture-10-assumption,1058,5.913613760921263e-05,37,per-map radial PSD divided by bin 1
paper-texture-10-assumption,1059,5.9050572461412284e-05,37,per-map radial PSD divided by bin 1
paper-texture-10-assumption,1060,5.8536032751030956e-05,37,per-map radial PSD divided by bin 1
paper-texture-10-assumption,1061,5.889576206833255e-05,37,per-map radial PSD divided by bin 1
paper-texture-10-assumption,1062,5.936661912147162e-05,37,per-map radial PSD divided by bin 1
paper-texture-10-assumption,1063,5.8640851723541035e-05,37,per-map radial PSD divided by bin 1
paper-texture-10-assumption,1064,5.812529608781778e-05,37,per-map radial PSD divided by bin 1
paper-texture-10-assumption,1065,5.843764412503689e-05,37,per-map radial PSD divided by bin 1
paper-texture-10-assumption,1066,5.9042801254200164e-05,37,per-map radial PSD divided by bin 1
paper-texture-10-assumption,1067,5.777084164067405e-05,37,per-map radial PSD divided by bin 1
paper-texture-10-assumption,1068,5.845155161525251e-05,37,per-map radial PSD divided by bin 1
paper-texture-10-assumption,1069,5.7474208808505384e-05,37,per-map radial PSD divided by bin 1
paper-texture-10-assumption,1070,5.805011178969992e-05,37,per-map radial PSD divided by bin 1
paper-texture-10-assumption,1071,5.800486146083454e-05,37,per-map radial PSD divided by bin 1
paper-texture-10-assumption,1072,5.76539069610466e-05,37,per-map radial PSD divided by bin 1
paper-texture-10-assumption,1073,5.7186463405291155e-05,37,per-map radial PSD divided by bin 1
paper-texture-10-assumption,1074,5.693518620088819e-05,37,per-map radial PSD divided by bin 1
paper-texture-10-assumption,1075,5.774998343683782e-05,37,per-map radial PSD divided by bin 1
paper-texture-10-assumption,1076,5.6632556413666256e-05,37,per-map radial PSD divided by bin 1
paper-texture-10-assumption,1077,5.5613716430796643e-05,37,per-map radial PSD divided by bin 1
paper-texture-10-assumption,1078,5.557748868571375e-05,37,per-map radial PSD divided by bin 1
paper-texture-10-assumption,1079,5.65910257772813e-05,37,per-map radial PSD divided by bin 1
paper-texture-10-assumption,1080,5.644510406997631e-05,37,per-map radial PSD divided by bin 1
paper-texture-10-assumption,1081,5.7037016361471215e-05,37,per-map radial PSD divided by bin 1
paper-texture-10-assumption,1082,5.6495256150809263e-05,37,per-map radial PSD divided by bin 1
paper-texture-10-assumption,1083,5.592464009335944e-05,37,per-map radial PSD divided by bin 1
paper-texture-10-assumption,1084,5.5143972838598474e-05,37,per-map radial PSD divided by bin 1
paper-texture-10-assumption,1085,5.4619367982613355e-05,37,per-map radial PSD divided by bin 1
paper-texture-10-assumption,1086,5.5846395473068424e-05,37,per-map radial PSD divided by bin 1
paper-texture-10-assumption,1087,5.4798469643256996e-05,37,per-map radial PSD divided by bin 1
paper-texture-10-assumption,1088,5.5763428737759224e-05,37,per-map radial PSD divided by bin 1
paper-texture-10-assumption,1089,5.476259184398005e-05,37,per-map radial PSD divided by bin 1
paper-texture-10-assumption,1090,5.342997604270229e-05,37,per-map radial PSD divided by bin 1
paper-texture-10-assumption,1091,5.4067850042852394e-05,37,per-map radial PSD divided by bin 1
paper-texture-10-assumption,1092,5.414223748917419e-05,37,per-map radial PSD divided by bin 1
paper-texture-10-assumption,1093,5.4727510379286536e-05,37,per-map radial PSD divided by bin 1
paper-texture-10-assumption,1094,5.444959146644052e-05,37,per-map radial PSD divided by bin 1
paper-texture-10-assumption,1095,5.396335353674448e-05,37,per-map radial PSD divided by bin 1
paper-texture-10-assumption,1096,5.4477014830469644e-05,37,per-map radial PSD divided by bin 1
paper-texture-10-assumption,1097,5.427027469429662e-05,37,per-map radial PSD divided by bin 1
paper-texture-10-assumption,1098,5.42371430958868e-05,37,per-map radial PSD divided by bin 1
paper-texture-10-assumption,1099,5.398284847622456e-05,37,per-map radial PSD divided by bin 1
paper-texture-10-assumption,1100,5.316924020188073e-05,37,per-map radial PSD divided by bin 1
paper-texture-10-assumption,1101,5.275718255591198e-05,37,per-map radial PSD divided by bin 1
paper-texture-10-assumption,1102,5.309830828168533e-05,37,per-map radial PSD divided by bin 1
paper-texture-10-assumption,1103,5.354401436755443e-05,37,per-map radial PSD divided by bin 1
paper-texture-10-assumption,1104,5.398542444112674e-05,37,per-map radial PSD divided by bin 1
paper-texture-10-assumption,1105,5.3081333238084095e-05,37,per-map radial PSD divided by bin 1
paper-texture-10-assumption,1106,5.265763944190015e-05,37,per-map radial PSD divided by bin 1
paper-texture-10-assumption,1107,5.196354061353035e-05,37,per-map radial PSD divided by bin 1
paper-texture-10-assumption,1108,5.24503166442643e-05,37,per-map radial PSD divided by bin 1
paper-texture-10-assumption,1109,5.2154705212948085e-05,37,per-map radial PSD divided by bin 1
paper-texture-10-assumption,1110,5.105392655848753e-05,37,per-map radial PSD divided by bin 1
paper-texture-10-assumption,1111,5.3237489166784057e-05,37,per-map radial PSD divided by bin 1
paper-texture-10-assumption,1112,5.223910381987381e-05,37,per-map radial PSD divided by bin 1
paper-texture-10-assumption,1113,5.068490958546072e-05,37,per-map radial PSD divided by bin 1
paper-texture-10-assumption,1114,5.109224227945187e-05,37,per-map radial PSD divided by bin 1
paper-texture-10-assumption,1115,5.1928935001991726e-05,37,per-map radial PSD divided by bin 1
paper-texture-10-assumption,1116,5.179658578420129e-05,37,per-map radial PSD divided by bin 1
paper-texture-10-assumption,1117,5.1166535496204106e-05,37,per-map radial PSD divided by bin 1
paper-texture-10-assumption,1118,5.177666547507456e-05,37,per-map radial PSD divided by bin 1
paper-texture-10-assumption,1119,5.1819799378736924e-05,37,per-map radial PSD divided by bin 1
paper-texture-10-assumption,1120,5.124650889622196e-05,37,per-map radial PSD divided by bin 1
paper-texture-10-assumption,1121,5.086386563031926e-05,37,per-map radial PSD divided by bin 1
paper-texture-10-assumption,1122,5.0576741939906375e-05,37,per-map radial PSD divided by bin 1
paper-texture-10-assumption,1123,5.121874850013051e-05,37,per-map radial PSD divided by bin 1
paper-texture-10-assumption,1124,5.016805785256443e-05,37,per-map radial PSD divided by bin 1
paper-texture-10-assumption,1125,4.9254222341962e-05,37,per-map radial PSD divided by bin 1
paper-texture-10-assumption,1126,4.940661256604564e-05,37,per-map radial PSD divided by bin 1
paper-texture-10-assumption,1127,5.092070721466094e-05,37,per-map radial PSD divided by bin 1
paper-texture-10-assumption,1128,5.015778535989289e-05,37,per-map radial PSD divided by bin 1
paper-texture-10-assumption,1129,5.046963324655544e-05,37,per-map radial PSD divided by bin 1
paper-texture-10-assumption,1130,5.0394536680105574e-05,37,per-map radial PSD divided by bin 1
paper-texture-10-assumption,1131,4.92761685372633e-05,37,per-map radial PSD divided by bin 1
paper-texture-10-assumption,1132,5.0087011658104024e-05,37,per-map radial PSD divided by bin 1
paper-texture-10-assumption,1133,5.0384785382857914e-05,37,per-map radial PSD divided by bin 1
paper-texture-10-assumption,1134,4.971722198990792e-05,37,per-map radial PSD divided by bin 1
paper-texture-10-assumption,1135,4.935121525083612e-05,37,per-map radial PSD divided by bin 1
paper-texture-10-assumption,1136,4.9506183751954153e-05,37,per-map radial PSD divided by bin 1
paper-texture-10-assumption,1137,4.916448112662017e-05,37,per-map radial PSD divided by bin 1
paper-texture-10-assumption,1138,4.893715712757575e-05,37,per-map radial PSD divided by bin 1
paper-texture-10-assumption,1139,4.889816886468385e-05,37,per-map radial PSD divided by bin 1
paper-texture-10-assumption,1140,4.864991632354267e-05,37,per-map radial PSD divided by bin 1
paper-texture-10-assumption,1141,4.866000455524561e-05,37,per-map radial PSD divided by bin 1
paper-texture-10-assumption,1142,4.817273023359377e-05,37,per-map radial PSD divided by bin 1
paper-texture-10-assumption,1143,4.804714393822649e-05,37,per-map radial PSD divided by bin 1
paper-texture-10-assumption,1144,4.898310345815098e-05,37,per-map radial PSD divided by bin 1
paper-texture-10-assumption,1145,4.83421176526701e-05,37,per-map radial PSD divided by bin 1
paper-texture-10-assumption,1146,4.8624392825032526e-05,37,per-map radial PSD divided by bin 1
paper-texture-10-assumption,1147,4.8378018544347254e-05,37,per-map radial PSD divided by bin 1
paper-texture-10-assumption,1148,4.7710886632746045e-05,37,per-map radial PSD divided by bin 1
paper-texture-10-assumption,1149,4.807040954126857e-05,37,per-map radial PSD divided by bin 1
paper-texture-10-assumption,1150,4.80452042365746e-05,37,per-map radial PSD divided by bin 1
paper-texture-10-assumption,1151,4.8303975500420996e-05,37,per-map radial PSD divided by bin 1
paper-texture-10-assumption,1152,4.6856370649983186e-05,37,per-map radial PSD divided by bin 1
paper-texture-10-assumption,1153,4.730170095067693e-05,37,per-map radial PSD divided by bin 1
paper-texture-10-assumption,1154,4.714672790060409e-05,37,per-map radial PSD divided by bin 1
paper-texture-10-assumption,1155,4.73193172345184e-05,37,per-map radial PSD divided by bin 1
paper-texture-10-assumption,1156,4.6422545100682e-05,37,per-map radial PSD divided by bin 1
paper-texture-10-assumption,1157,4.681984504138115e-05,37,per-map radial PSD divided by bin 1
paper-texture-10-assumption,1158,4.6822872880304536e-05,37,per-map radial PSD divided by bin 1
paper-texture-10-assumption,1159,4.679710975448243e-05,37,per-map radial PSD divided by bin 1
paper-texture-10-assumption,1160,4.645051785630476e-05,37,per-map radial PSD divided by bin 1
paper-texture-10-assumption,1161,4.7203047100311405e-05,37,per-map radial PSD divided by bin 1
paper-texture-10-assumption,1162,4.569134480868276e-05,37,per-map radial PSD divided by bin 1
paper-texture-10-assumption,1163,4.6162357542427254e-05,37,per-map radial PSD divided by bin 1
paper-texture-10-assumption,1164,4.678883578370558e-05,37,per-map radial PSD divided by bin 1
paper-texture-10-assumption,1165,4.5548591174614665e-05,37,per-map radial PSD divided by bin 1
paper-texture-10-assumption,1166,4.5966243288830305e-05,37,per-map radial PSD divided by bin 1
paper-texture-10-assumption,1167,4.4781933452608954e-05,37,per-map radial PSD divided by bin 1
paper-texture-10-assumption,1168,4.609619583238441e-05,37,per-map radial PSD divided by bin 1
paper-texture-10-assumption,1169,4.635571534657661e-05,37,per-map radial PSD divided by bin 1
paper-texture-10-assumption,1170,4.5566432857195044e-05,37,per-map radial PSD divided by bin 1
paper-texture-10-assumption,1171,4.621180160760178e-05,37,per-map radial PSD divided by bin 1
paper-texture-10-assumption,1172,4.504318243503921e-05,37,per-map radial PSD divided by bin 1
paper-texture-10-assumption,1173,4.4301200116576774e-05,37,per-map radial PSD divided by bin 1
paper-texture-10-assumption,1174,4.4762283407490126e-05,37,per-map radial PSD divided by bin 1
paper-texture-10-assumption,1175,4.484717112725917e-05,37,per-map radial PSD divided by bin 1
paper-texture-10-assumption,1176,4.4863979289067014e-05,37,per-map radial PSD divided by bin 1
paper-texture-10-assumption,1177,4.450565866365554e-05,37,per-map radial PSD divided by bin 1
paper-texture-10-assumption,1178,4.5206256770435643e-05,37,per-map radial PSD divided by bin 1
paper-texture-10-assumption,1179,4.475615248658489e-05,37,per-map radial PSD divided by bin 1
paper-texture-10-assumption,1180,4.4382502186255636e-05,37,per-map radial PSD divided by bin 1
paper-texture-10-assumption,1181,4.437550274788635e-05,37,per-map radial PSD divided by bin 1
paper-texture-10-assumption,1182,4.476250970054435e-05,37,per-map radial PSD divided by bin 1
paper-texture-10-assumption,1183,4.490962388637898e-05,37,per-map radial PSD divided by bin 1
paper-texture-10-assumption,1184,4.462432604821437e-05,37,per-map radial PSD divided by bin 1
paper-texture-10-assumption,1185,4.4088143064214374e-05,37,per-map radial PSD divided by bin 1
paper-texture-10-assumption,1186,4.360525797904241e-05,37,per-map radial PSD divided by bin 1
paper-texture-10-assumption,1187,4.417780123804298e-05,37,per-map radial PSD divided by bin 1
paper-texture-10-assumption,1188,4.441407993813825e-05,37,per-map radial PSD divided by bin 1
paper-texture-10-assumption,1189,4.398298205147378e-05,37,per-map radial PSD divided by bin 1
paper-texture-10-assumption,1190,4.378774776697327e-05,37,per-map radial PSD divided by bin 1
paper-texture-10-assumption,1191,4.38876868452302e-05,37,per-map radial PSD divided by bin 1
paper-texture-10-assumption,1192,4.381121259442189e-05,37,per-map radial PSD divided by bin 1
paper-texture-10-assumption,1193,4.3360730073385595e-05,37,per-map radial PSD divided by bin 1
paper-texture-10-assumption,1194,4.273737066035869e-05,37,per-map radial PSD divided by bin 1
paper-texture-10-assumption,1195,4.3384806102235205e-05,37,per-map radial PSD divided by bin 1
paper-texture-10-assumption,1196,4.290948210471725e-05,37,per-map radial PSD divided by bin 1
paper-texture-10-assumption,1197,4.21183812766379e-05,37,per-map radial PSD divided by bin 1
paper-texture-10-assumption,1198,4.3083948521210313e-05,37,per-map radial PSD divided by bin 1
paper-texture-10-assumption,1199,4.258318983022286e-05,37,per-map radial PSD divided by bin 1
paper-texture-10-assumption,1200,4.27082527639373e-05,37,per-map radial PSD divided by bin 1
paper-texture-10-assumption,1201,4.190793048819484e-05,37,per-map radial PSD divided by bin 1
paper-texture-10-assumption,1202,4.222053366126631e-05,37,per-map radial PSD divided by bin 1
paper-texture-10-assumption,1203,4.147982434113204e-05,37,per-map radial PSD divided by bin 1
paper-texture-10-assumption,1204,4.263184774248845e-05,37,per-map radial PSD divided by bin 1
paper-texture-10-assumption,1205,4.2161499541777225e-05,37,per-map radial PSD divided by bin 1
paper-texture-10-assumption,1206,4.2413374378487984e-05,37,per-map radial PSD divided by bin 1
paper-texture-10-assumption,1207,4.275960526397436e-05,37,per-map radial PSD divided by bin 1
paper-texture-10-assumption,1208,4.2407375086858257e-05,37,per-map radial PSD divided by bin 1
paper-texture-10-assumption,1209,4.2207122496052667e-05,37,per-map radial PSD divided by bin 1
paper-texture-10-assumption,1210,4.161574776011315e-05,37,per-map radial PSD divided by bin 1
paper-texture-10-assumption,1211,4.1445222577616386e-05,37,per-map radial PSD divided by bin 1
paper-texture-10-assumption,1212,4.17595489154768e-05,37,per-map radial PSD divided by bin 1
paper-texture-10-assumption,1213,4.1986959899638366e-05,37,per-map radial PSD divided by bin 1
paper-texture-10-assumption,1214,4.151330098524635e-05,37,per-map radial PSD divided by bin 1
paper-texture-10-assumption,1215,4.0597812087292145e-05,37,per-map radial PSD divided by bin 1
paper-texture-10-assumption,1216,4.179628009758037e-05,37,per-map radial PSD divided by bin 1
paper-texture-10-assumption,1217,4.099917551688654e-05,37,per-map radial PSD divided by bin 1
paper-texture-10-assumption,1218,4.109029054393826e-05,37,per-map radial PSD divided by bin 1
paper-texture-10-assumption,1219,4.0773294475713695e-05,37,per-map radial PSD divided by bin 1
paper-texture-10-assumption,1220,4.062854274436866e-05,37,per-map radial PSD divided by bin 1
paper-texture-10-assumption,1221,4.012324746736962e-05,37,per-map radial PSD divided by bin 1
paper-texture-10-assumption,1222,4.032343336793308e-05,37,per-map radial PSD divided by bin 1
paper-texture-10-assumption,1223,4.021976702511371e-05,37,per-map radial PSD divided by bin 1
paper-texture-10-assumption,1224,4.0456284058856854e-05,37,per-map radial PSD divided by bin 1
paper-texture-10-assumption,1225,3.985059775728224e-05,37,per-map radial PSD divided by bin 1
paper-texture-10-assumption,1226,4.0829054012858474e-05,37,per-map radial PSD divided by bin 1
paper-texture-10-assumption,1227,3.9670124655984595e-05,37,per-map radial PSD divided by bin 1
paper-texture-10-assumption,1228,4.042281725659312e-05,37,per-map radial PSD divided by bin 1
paper-texture-10-assumption,1229,4.0131578826286813e-05,37,per-map radial PSD divided by bin 1
paper-texture-10-assumption,1230,3.912307909850529e-05,37,per-map radial PSD divided by bin 1
paper-texture-10-assumption,1231,3.974540963886395e-05,37,per-map radial PSD divided by bin 1
paper-texture-10-assumption,1232,3.948459689604254e-05,37,per-map radial PSD divided by bin 1
paper-texture-10-assumption,1233,4.019429909615365e-05,37,per-map radial PSD divided by bin 1
paper-texture-10-assumption,1234,4.0041923465192626e-05,37,per-map radial PSD divided by bin 1
paper-texture-10-assumption,1235,3.9341480375350495e-05,37,per-map radial PSD divided by bin 1
paper-texture-10-assumption,1236,3.977836070668021e-05,37,per-map radial PSD divided by bin 1
paper-texture-10-assumption,1237,3.881889430248788e-05,37,per-map radial PSD divided by bin 1
paper-texture-10-assumption,1238,3.95333369570415e-05,37,per-map radial PSD divided by bin 1
paper-texture-10-assumption,1239,3.926013754483877e-05,37,per-map radial PSD divided by bin 1
paper-texture-10-assumption,1240,3.872933680654924e-05,37,per-map radial PSD divided by bin 1
paper-texture-10-assumption,1241,3.9473990686486784e-05,37,per-map radial PSD divided by bin 1
paper-texture-10-assumption,1242,3.833186242741986e-05,37,per-map radial PSD divided by bin 1
paper-texture-10-assumption,1243,3.854130252016021e-05,37,per-map radial PSD divided by bin 1
paper-texture-10-assumption,1244,3.9002949787518914e-05,37,per-map radial PSD divided by bin 1
paper-texture-10-assumption,1245,3.8491035612089816e-05,37,per-map radial PSD divided by bin 1
paper-texture-10-assumption,1246,3.873820057505721e-05,37,per-map radial PSD divided by bin 1
paper-texture-10-assumption,1247,3.905550429974773e-05,37,per-map radial PSD divided by bin 1
paper-texture-10-assumption,1248,3.8213140761279865e-05,37,per-map radial PSD divided by bin 1
paper-texture-10-assumption,1249,3.847878949635372e-05,37,per-map radial PSD divided by bin 1
paper-texture-10-assumption,1250,3.805030901768047e-05,37,per-map radial PSD divided by bin 1
paper-texture-10-assumption,1251,3.814795136396402e-05,37,per-map radial PSD divided by bin 1
paper-texture-10-assumption,1252,3.772789738961987e-05,37,per-map radial PSD divided by bin 1
paper-texture-10-assumption,1253,3.800133450471334e-05,37,per-map radial PSD divided by bin 1
paper-texture-10-assumption,1254,3.795911524506233e-05,37,per-map radial PSD divided by bin 1
paper-texture-10-assumption,1255,3.770675336475435e-05,37,per-map radial PSD divided by bin 1
paper-texture-10-assumption,1256,3.8044557825399205e-05,37,per-map radial PSD divided by bin 1
paper-texture-10-assumption,1257,3.8456039356728826e-05,37,per-map radial PSD divided by bin 1
paper-texture-10-assumption,1258,3.7331605325717996e-05,37,per-map radial PSD divided by bin 1
paper-texture-10-assumption,1259,3.683056434948923e-05,37,per-map radial PSD divided by bin 1
paper-texture-10-assumption,1260,3.701697424846934e-05,37,per-map radial PSD divided by bin 1
paper-texture-10-assumption,1261,3.743628513729636e-05,37,per-map radial PSD divided by bin 1
paper-texture-10-assumption,1262,3.6813483566181436e-05,37,per-map radial PSD divided by bin 1
paper-texture-10-assumption,1263,3.71241891030886e-05,37,per-map radial PSD divided by bin 1
paper-texture-10-assumption,1264,3.654434478915444e-05,37,per-map radial PSD divided by bin 1
paper-texture-10-assumption,1265,3.730875108354545e-05,37,per-map radial PSD divided by bin 1
paper-texture-10-assumption,1266,3.694660368674435e-05,37,per-map radial PSD divided by bin 1
paper-texture-10-assumption,1267,3.724190376787185e-05,37,per-map radial PSD divided by bin 1
paper-texture-10-assumption,1268,3.6887388561237847e-05,37,per-map radial PSD divided by bin 1
paper-texture-10-assumption,1269,3.606815197381455e-05,37,per-map radial PSD divided by bin 1
paper-texture-10-assumption,1270,3.6458626511099695e-05,37,per-map radial PSD divided by bin 1
paper-texture-10-assumption,1271,3.649665228508882e-05,37,per-map radial PSD divided by bin 1
paper-texture-10-assumption,1272,3.6611209433973106e-05,37,per-map radial PSD divided by bin 1
paper-texture-10-assumption,1273,3.6386462202315694e-05,37,per-map radial PSD divided by bin 1
paper-texture-10-assumption,1274,3.632836132662247e-05,37,per-map radial PSD divided by bin 1
paper-texture-10-assumption,1275,3.6565280944680944e-05,37,per-map radial PSD divided by bin 1
paper-texture-10-assumption,1276,3.667649456149159e-05,37,per-map radial PSD divided by bin 1
paper-texture-10-assumption,1277,3.5453039947006824e-05,37,per-map radial PSD divided by bin 1
paper-texture-10-assumption,1278,3.612485556916858e-05,37,per-map radial PSD divided by bin 1
paper-texture-10-assumption,1279,3.5792090041654795e-05,37,per-map radial PSD divided by bin 1
paper-texture-10-assumption,1280,3.5410106651168584e-05,37,per-map radial PSD divided by bin 1
paper-texture-10-assumption,1281,3.550694707243322e-05,37,per-map radial PSD divided by bin 1
paper-texture-10-assumption,1282,3.582523219638544e-05,37,per-map radial PSD divided by bin 1
paper-texture-10-assumption,1283,3.548858786815337e-05,37,per-map radial PSD divided by bin 1
paper-texture-10-assumption,1284,3.549687254820653e-05,37,per-map radial PSD divided by bin 1
paper-texture-10-assumption,1285,3.4842946207539204e-05,37,per-map radial PSD divided by bin 1
paper-texture-10-assumption,1286,3.483872045193774e-05,37,per-map radial PSD divided by bin 1
paper-texture-10-assumption,1287,3.4984314694293616e-05,37,per-map radial PSD divided by bin 1
paper-texture-10-assumption,1288,3.4756667649796604e-05,37,per-map radial PSD divided by bin 1
paper-texture-10-assumption,1289,3.5184837332996126e-05,37,per-map radial PSD divided by bin 1
paper-texture-10-assumption,1290,3.5039565044798014e-05,37,per-map radial PSD divided by bin 1
paper-texture-10-assumption,1291,3.490973719878039e-05,37,per-map radial PSD divided by bin 1
paper-texture-10-assumption,1292,3.485410907485684e-05,37,per-map radial PSD divided by bin 1
paper-texture-10-assumption,1293,3.460074011447146e-05,37,per-map radial PSD divided by bin 1
paper-texture-10-assumption,1294,3.484345101913902e-05,37,per-map radial PSD divided by bin 1
paper-texture-10-assumption,1295,3.5402568234921076e-05,37,per-map radial PSD divided by bin 1
paper-texture-10-assumption,1296,3.420260290927113e-05,37,per-map radial PSD divided by bin 1
paper-texture-10-assumption,1297,3.4322171097839084e-05,37,per-map radial PSD divided by bin 1
paper-texture-10-assumption,1298,3.444809002798391e-05,37,per-map radial PSD divided by bin 1
paper-texture-10-assumption,1299,3.3730929864242616e-05,37,per-map radial PSD divided by bin 1
paper-texture-10-assumption,1300,3.446572200782877e-05,37,per-map radial PSD divided by bin 1
paper-texture-10-assumption,1301,3.400275227195819e-05,37,per-map radial PSD divided by bin 1
paper-texture-10-assumption,1302,3.3957504642350884e-05,37,per-map radial PSD divided by bin 1
paper-texture-10-assumption,1303,3.411380050488533e-05,37,per-map radial PSD divided by bin 1
paper-texture-10-assumption,1304,3.4009868293619675e-05,37,per-map radial PSD divided by bin 1
paper-texture-10-assumption,1305,3.4063567174966487e-05,37,per-map radial PSD divided by bin 1
paper-texture-10-assumption,1306,3.319478380185622e-05,37,per-map radial PSD divided by bin 1
paper-texture-10-assumption,1307,3.352097017500581e-05,37,per-map radial PSD divided by bin 1
paper-texture-10-assumption,1308,3.378513130368939e-05,37,per-map radial PSD divided by bin 1
paper-texture-10-assumption,1309,3.356302907911206e-05,37,per-map radial PSD divided by bin 1
paper-texture-10-assumption,1310,3.362248237636214e-05,37,per-map radial PSD divided by bin 1
paper-texture-10-assumption,1311,3.325722439673479e-05,37,per-map radial PSD divided by bin 1
paper-texture-10-assumption,1312,3.3502854671646686e-05,37,per-map radial PSD divided by bin 1
paper-texture-10-assumption,1313,3.3375196640873e-05,37,per-map radial PSD divided by bin 1
paper-texture-10-assumption,1314,3.294877799469352e-05,37,per-map radial PSD divided by bin 1
paper-texture-10-assumption,1315,3.333062047563195e-05,37,per-map radial PSD divided by bin 1
paper-texture-10-assumption,1316,3.302161924485798e-05,37,per-map radial PSD divided by bin 1
paper-texture-10-assumption,1317,3.282933213766285e-05,37,per-map radial PSD divided by bin 1
paper-texture-10-assumption,1318,3.2442483366402025e-05,37,per-map radial PSD divided by bin 1
paper-texture-10-assumption,1319,3.3175305693277786e-05,37,per-map radial PSD divided by bin 1
paper-texture-10-assumption,1320,3.382893811731213e-05,37,per-map radial PSD divided by bin 1
paper-texture-10-assumption,1321,3.238478165466846e-05,37,per-map radial PSD divided by bin 1
paper-texture-10-assumption,1322,3.285287889361664e-05,37,per-map radial PSD divided by bin 1
paper-texture-10-assumption,1323,3.228351743792258e-05,37,per-map radial PSD divided by bin 1
paper-texture-10-assumption,1324,3.278926788376267e-05,37,per-map radial PSD divided by bin 1
paper-texture-10-assumption,1325,3.2324663422787013e-05,37,per-map radial PSD divided by bin 1
paper-texture-10-assumption,1326,3.234431242874945e-05,37,per-map radial PSD divided by bin 1
paper-texture-10-assumption,1327,3.218805701614225e-05,37,per-map radial PSD divided by bin 1
paper-texture-10-assumption,1328,3.1995993286780234e-05,37,per-map radial PSD divided by bin 1
paper-texture-10-assumption,1329,3.199409476424405e-05,37,per-map radial PSD divided by bin 1
paper-texture-10-assumption,1330,3.235778088305798e-05,37,per-map radial PSD divided by bin 1
paper-texture-10-assumption,1331,3.231851395852933e-05,37,per-map radial PSD divided by bin 1
paper-texture-10-assumption,1332,3.169898088741073e-05,37,per-map radial PSD divided by bin 1
paper-texture-10-assumption,1333,3.1693282144386355e-05,37,per-map radial PSD divided by bin 1
paper-texture-10-assumption,1334,3.162594865528632e-05,37,per-map radial PSD divided by bin 1
paper-texture-10-assumption,1335,3.176618259553873e-05,37,per-map radial PSD divided by bin 1
paper-texture-10-assumption,1336,3.1581525602315606e-05,37,per-map radial PSD divided by bin 1
paper-texture-10-assumption,1337,3.152353149478789e-05,37,per-map radial PSD divided by bin 1
paper-texture-10-assumption,1338,3.109815990316962e-05,37,per-map radial PSD divided by bin 1
paper-texture-10-assumption,1339,3.175747926873532e-05,37,per-map radial PSD divided by bin 1
paper-texture-10-assumption,1340,3.1755233661041054e-05,37,per-map radial PSD divided by bin 1
paper-texture-10-assumption,1341,3.1172472489948126e-05,37,per-map radial PSD divided by bin 1
paper-texture-10-assumption,1342,3.1130554246492473e-05,37,per-map radial PSD divided by bin 1
paper-texture-10-assumption,1343,3.09253552256391e-05,37,per-map radial PSD divided by bin 1
paper-texture-10-assumption,1344,3.098247961307789e-05,37,per-map radial PSD divided by bin 1
paper-texture-10-assumption,1345,3.1128783529543355e-05,37,per-map radial PSD divided by bin 1
paper-texture-10-assumption,1346,3.122557728343436e-05,37,per-map radial PSD divided by bin 1
paper-texture-10-assumption,1347,3.08383279552034e-05,37,per-map radial PSD divided by bin 1
paper-texture-10-assumption,1348,3.0736735070175035e-05,37,per-map radial PSD divided by bin 1
paper-texture-10-assumption,1349,3.079650158354751e-05,37,per-map radial PSD divided by bin 1
paper-texture-10-assumption,1350,3.0763465256332684e-05,37,per-map radial PSD divided by bin 1
paper-texture-10-assumption,1351,3.040542857085862e-05,37,per-map radial PSD divided by bin 1
paper-texture-10-assumption,1352,3.086996360973024e-05,37,per-map radial PSD divided by bin 1
paper-texture-10-assumption,1353,3.062184134703242e-05,37,per-map radial PSD divided by bin 1
paper-texture-10-assumption,1354,3.0821867226863674e-05,37,per-map radial PSD divided by bin 1
paper-texture-10-assumption,1355,3.041860333234605e-05,37,per-map radial PSD divided by bin 1
paper-texture-10-assumption,1356,3.069053563400265e-05,37,per-map radial PSD divided by bin 1
paper-texture-10-assumption,1357,2.986114415703345e-05,37,per-map radial PSD divided by bin 1
paper-texture-10-assumption,1358,3.011332173014031e-05,37,per-map radial PSD divided by bin 1
paper-texture-10-assumption,1359,2.9770177510036785e-05,37,per-map radial PSD divided by bin 1
paper-texture-10-assumption,1360,2.987697656459491e-05,37,per-map radial PSD divided by bin 1
paper-texture-10-assumption,1361,3.033155055250364e-05,37,per-map radial PSD divided by bin 1
paper-texture-10-assumption,1362,2.9919607272374316e-05,37,per-map radial PSD divided by bin 1
paper-texture-10-assumption,1363,2.9740588322083172e-05,37,per-map radial PSD divided by bin 1
paper-texture-10-assumption,1364,2.969825435587437e-05,37,per-map radial PSD divided by bin 1
paper-texture-10-assumption,1365,2.9917449771735235e-05,37,per-map radial PSD divided by bin 1
paper-texture-10-assumption,1366,3.0086867482316082e-05,37,per-map radial PSD divided by bin 1
paper-texture-10-assumption,1367,2.9731203702029332e-05,37,per-map radial PSD divided by bin 1
paper-texture-10-assumption,1368,2.9709819013905e-05,37,per-map radial PSD divided by bin 1
paper-texture-10-assumption,1369,2.9452770560031376e-05,37,per-map radial PSD divided by bin 1
paper-texture-10-assumption,1370,2.9280823811901197e-05,37,per-map radial PSD divided by bin 1
paper-texture-10-assumption,1371,2.9499918733281018e-05,37,per-map radial PSD divided by bin 1
paper-texture-10-assumption,1372,2.9038664817076623e-05,37,per-map radial PSD divided by bin 1
paper-texture-10-assumption,1373,2.939542712406746e-05,37,per-map radial PSD divided by bin 1
paper-texture-10-assumption,1374,2.9442983292599508e-05,37,per-map radial PSD divided by bin 1
paper-texture-10-assumption,1375,2.9511731817570738e-05,37,per-map radial PSD divided by bin 1
paper-texture-10-assumption,1376,2.9259638283023595e-05,37,per-map radial PSD divided by bin 1
paper-texture-10-assumption,1377,2.9382738181500353e-05,37,per-map radial PSD divided by bin 1
paper-texture-10-assumption,1378,2.896249678618957e-05,37,per-map radial PSD divided by bin 1
paper-texture-10-assumption,1379,2.8875301536066648e-05,37,per-map radial PSD divided by bin 1
paper-texture-10-assumption,1380,2.8518397954202683e-05,37,per-map radial PSD divided by bin 1
paper-texture-10-assumption,1381,2.9163195212986894e-05,37,per-map radial PSD divided by bin 1
paper-texture-10-assumption,1382,2.8978744628367778e-05,37,per-map radial PSD divided by bin 1
paper-texture-10-assumption,1383,2.791520811177384e-05,37,per-map radial PSD divided by bin 1
paper-texture-10-assumption,1384,2.8969617721460958e-05,37,per-map radial PSD divided by bin 1
paper-texture-10-assumption,1385,2.8408110362711733e-05,37,per-map radial PSD divided by bin 1
paper-texture-10-assumption,1386,2.830630755277059e-05,37,per-map radial PSD divided by bin 1
paper-texture-10-assumption,1387,2.8438397540319092e-05,37,per-map radial PSD divided by bin 1
paper-texture-10-assumption,1388,2.824176617435792e-05,37,per-map radial PSD divided by bin 1
paper-texture-10-assumption,1389,2.8172630000206253e-05,37,per-map radial PSD divided by bin 1
paper-texture-10-assumption,1390,2.822877026472874e-05,37,per-map radial PSD divided by bin 1
paper-texture-10-assumption,1391,2.8008548263454107e-05,37,per-map radial PSD divided by bin 1
paper-texture-10-assumption,1392,2.8012650097994743e-05,37,per-map radial PSD divided by bin 1
paper-texture-10-assumption,1393,2.8351780440320042e-05,37,per-map radial PSD divided by bin 1
paper-texture-10-assumption,1394,2.8073890545939485e-05,37,per-map radial PSD divided by bin 1
paper-texture-10-assumption,1395,2.7740712581778854e-05,37,per-map radial PSD divided by bin 1
paper-texture-10-assumption,1396,2.8369823223464253e-05,37,per-map radial PSD divided by bin 1
paper-texture-10-assumption,1397,2.817341224774836e-05,37,per-map radial PSD divided by bin 1
paper-texture-10-assumption,1398,2.778261931213967e-05,37,per-map radial PSD divided by bin 1
paper-texture-10-assumption,1399,2.7864840869209443e-05,37,per-map radial PSD divided by bin 1
paper-texture-10-assumption,1400,2.7561291015719002e-05,37,per-map radial PSD divided by bin 1
paper-texture-10-assumption,1401,2.7603242493733355e-05,37,per-map radial PSD divided by bin 1
paper-texture-10-assumption,1402,2.7077960862082783e-05,37,per-map radial PSD divided by bin 1
paper-texture-10-assumption,1403,2.6900946846981144e-05,37,per-map radial PSD divided by bin 1
paper-texture-10-assumption,1404,2.7423547162695142e-05,37,per-map radial PSD divided by bin 1
paper-texture-10-assumption,1405,2.7504657999735132e-05,37,per-map radial PSD divided by bin 1
paper-texture-10-assumption,1406,2.723735379703191e-05,37,per-map radial PSD divided by bin 1
paper-texture-10-assumption,1407,2.734934672839798e-05,37,per-map radial PSD divided by bin 1
paper-texture-10-assumption,1408,2.7365013490615336e-05,37,per-map radial PSD divided by bin 1
paper-texture-10-assumption,1409,2.746686888785184e-05,37,per-map radial PSD divided by bin 1
paper-texture-10-assumption,1410,2.686577545494549e-05,37,per-map radial PSD divided by bin 1
paper-texture-10-assumption,1411,2.7184418725120904e-05,37,per-map radial PSD divided by bin 1
paper-texture-10-assumption,1412,2.6874932608805358e-05,37,per-map radial PSD divided by bin 1
paper-texture-10-assumption,1413,2.6975023228759402e-05,37,per-map radial PSD divided by bin 1
paper-texture-10-assumption,1414,2.6441260918181774e-05,37,per-map radial PSD divided by bin 1
paper-texture-10-assumption,1415,2.6759739998083703e-05,37,per-map radial PSD divided by bin 1
paper-texture-10-assumption,1416,2.6801702625042112e-05,37,per-map radial PSD divided by bin 1
paper-texture-10-assumption,1417,2.6599824531399816e-05,37,per-map radial PSD divided by bin 1
paper-texture-10-assumption,1418,2.6405481371539602e-05,37,per-map radial PSD divided by bin 1
paper-texture-10-assumption,1419,2.6707056004953998e-05,37,per-map radial PSD divided by bin 1
paper-texture-10-assumption,1420,2.6994878416602297e-05,37,per-map radial PSD divided by bin 1
paper-texture-10-assumption,1421,2.6665676376645518e-05,37,per-map radial PSD divided by bin 1
paper-texture-10-assumption,1422,2.645339767040456e-05,37,per-map radial PSD divided by bin 1
paper-texture-10-assumption,1423,2.605417917115439e-05,37,per-map radial PSD divided by bin 1
paper-texture-10-assumption,1424,2.6264183016579845e-05,37,per-map radial PSD divided by bin 1
paper-texture-10-assumption,1425,2.608777158911748e-05,37,per-map radial PSD divided by bin 1
paper-texture-10-assumption,1426,2.6214538080341033e-05,37,per-map radial PSD divided by bin 1
paper-texture-10-assumption,1427,2.56889354740171e-05,37,per-map radial PSD divided by bin 1
paper-texture-10-assumption,1428,2.5678844961147075e-05,37,per-map radial PSD divided by bin 1
paper-texture-10-assumption,1429,2.5889527926236722e-05,37,per-map radial PSD divided by bin 1
paper-texture-10-assumption,1430,2.572272399821615e-05,37,per-map radial PSD divided by bin 1
paper-texture-10-assumption,1431,2.575559741444664e-05,37,per-map radial PSD divided by bin 1
paper-texture-10-assumption,1432,2.571630643150872e-05,37,per-map radial PSD divided by bin 1
paper-texture-10-assumption,1433,2.6123348660417974e-05,37,per-map radial PSD divided by bin 1
paper-texture-10-assumption,1434,2.583277519219899e-05,37,per-map radial PSD divided by bin 1
paper-texture-10-assumption,1435,2.545842261114046e-05,37,per-map radial PSD divided by bin 1
paper-texture-10-assumption,1436,2.5511585892691212e-05,37,per-map radial PSD divided by bin 1
paper-texture-10-assumption,1437,2.5652239317426557e-05,37,per-map radial PSD divided by bin 1
paper-texture-10-assumption,1438,2.5456209318544555e-05,37,per-map radial PSD divided by bin 1
paper-texture-10-assumption,1439,2.553140984222378e-05,37,per-map radial PSD divided by bin 1
paper-texture-10-assumption,1440,2.5425316254939752e-05,37,per-map radial PSD divided by bin 1
paper-texture-10-assumption,1441,2.5315478986085367e-05,37,per-map radial PSD divided by bin 1
paper-texture-10-assumption,1442,2.5393915474393296e-05,37,per-map radial PSD divided by bin 1
paper-texture-10-assumption,1443,2.5070257129505637e-05,37,per-map radial PSD divided by bin 1
paper-texture-10-assumption,1444,2.5049629346242533e-05,37,per-map radial PSD divided by bin 1
paper-texture-10-assumption,1445,2.5240974792632e-05,37,per-map radial PSD divided by bin 1
paper-texture-10-assumption,1446,2.517886326467144e-05,37,per-map radial PSD divided by bin 1
paper-texture-10-assumption,1447,2.5050333829891907e-05,37,per-map radial PSD divided by bin 1
paper-texture-10-assumption,1448,2.4995873904307315e-05,37,per-map radial PSD divided by bin 1
paper-texture-10-assumption,1449,2.4856835596977716e-05,37,per-map radial PSD divided by bin 1
paper-texture-10-assumption,1450,2.4550875272179435e-05,37,per-map radial PSD divided by bin 1
paper-texture-10-assumption,1451,2.4713437087257666e-05,37,per-map radial PSD divided by bin 1
paper-texture-10-assumption,1452,2.5026685580748307e-05,37,per-map radial PSD divided by bin 1
paper-texture-10-assumption,1453,2.4458445237696624e-05,37,per-map radial PSD divided by bin 1
paper-texture-10-assumption,1454,2.464396152816425e-05,37,per-map radial PSD divided by bin 1
paper-texture-10-assumption,1455,2.409894475221355e-05,37,per-map radial PSD divided by bin 1
paper-texture-10-assumption,1456,2.481355887128498e-05,37,per-map radial PSD divided by bin 1
paper-texture-10-assumption,1457,2.4629199585943185e-05,37,per-map radial PSD divided by bin 1
paper-texture-10-assumption,1458,2.4648419753930855e-05,37,per-map radial PSD divided by bin 1
paper-texture-10-assumption,1459,2.443899921254813e-05,37,per-map radial PSD divided by bin 1
paper-texture-10-assumption,1460,2.4308175317263685e-05,37,per-map radial PSD divided by bin 1
paper-texture-10-assumption,1461,2.407608316301354e-05,37,per-map radial PSD divided by bin 1
paper-texture-10-assumption,1462,2.42436619029121e-05,37,per-map radial PSD divided by bin 1
paper-texture-10-assumption,1463,2.4083998145185204e-05,37,per-map radial PSD divided by bin 1
paper-texture-10-assumption,1464,2.4406238772002658e-05,37,per-map radial PSD divided by bin 1
paper-texture-10-assumption,1465,2.389168255256868e-05,37,per-map radial PSD divided by bin 1
paper-texture-10-assumption,1466,2.39923112458671e-05,37,per-map radial PSD divided by bin 1
paper-texture-10-assumption,1467,2.4455106539912887e-05,37,per-map radial PSD divided by bin 1
paper-texture-10-assumption,1468,2.4264236850498158e-05,37,per-map radial PSD divided by bin 1
paper-texture-10-assumption,1469,2.3903354463416618e-05,37,per-map radial PSD divided by bin 1
paper-texture-10-assumption,1470,2.392768667078284e-05,37,per-map radial PSD divided by bin 1
paper-texture-10-assumption,1471,2.3637825227420978e-05,37,per-map radial PSD divided by bin 1
paper-texture-10-assumption,1472,2.394446638500609e-05,37,per-map radial PSD divided by bin 1
paper-texture-10-assumption,1473,2.352933499710245e-05,37,per-map radial PSD divided by bin 1
paper-texture-10-assumption,1474,2.354907186895948e-05,37,per-map radial PSD divided by bin 1
paper-texture-10-assumption,1475,2.356753502934062e-05,37,per-map radial PSD divided by bin 1
paper-texture-10-assumption,1476,2.3588599432077348e-05,37,per-map radial PSD divided by bin 1
paper-texture-10-assumption,1477,2.3330788060169e-05,37,per-map radial PSD divided by bin 1
paper-texture-10-assumption,1478,2.33135577556151e-05,37,per-map radial PSD divided by bin 1
paper-texture-10-assumption,1479,2.32560028698414e-05,37,per-map radial PSD divided by bin 1
paper-texture-10-assumption,1480,2.3167276072237543e-05,37,per-map radial PSD divided by bin 1
paper-texture-10-assumption,1481,2.332673565830963e-05,37,per-map radial PSD divided by bin 1
paper-texture-10-assumption,1482,2.3179960968255358e-05,37,per-map radial PSD divided by bin 1
paper-texture-10-assumption,1483,2.314405350757018e-05,37,per-map radial PSD divided by bin 1
paper-texture-10-assumption,1484,2.3301106939692327e-05,37,per-map radial PSD divided by bin 1
paper-texture-10-assumption,1485,2.3289408938066203e-05,37,per-map radial PSD divided by bin 1
paper-texture-10-assumption,1486,2.3342387902000093e-05,37,per-map radial PSD divided by bin 1
paper-texture-10-assumption,1487,2.3314057562954248e-05,37,per-map radial PSD divided by bin 1
paper-texture-10-assumption,1488,2.291623505360073e-05,37,per-map radial PSD divided by bin 1
paper-texture-10-assumption,1489,2.2929349633098495e-05,37,per-map radial PSD divided by bin 1
paper-texture-10-assumption,1490,2.2770387029736e-05,37,per-map radial PSD divided by bin 1
paper-texture-10-assumption,1491,2.2527916735841572e-05,37,per-map radial PSD divided by bin 1
paper-texture-10-assumption,1492,2.286258398336492e-05,37,per-map radial PSD divided by bin 1
paper-texture-10-assumption,1493,2.2878590140271733e-05,37,per-map radial PSD divided by bin 1
paper-texture-10-assumption,1494,2.275008267892272e-05,37,per-map radial PSD divided by bin 1
paper-texture-10-assumption,1495,2.243392406967791e-05,37,per-map radial PSD divided by bin 1
paper-texture-10-assumption,1496,2.2537080337468413e-05,37,per-map radial PSD divided by bin 1
paper-texture-10-assumption,1497,2.2529493992386833e-05,37,per-map radial PSD divided by bin 1
paper-texture-10-assumption,1498,2.2478061382398215e-05,37,per-map radial PSD divided by bin 1
paper-texture-10-assumption,1499,2.232000223072166e-05,37,per-map radial PSD divided by bin 1
paper-texture-10-assumption,1500,2.2367272246465265e-05,37,per-map radial PSD divided by bin 1
paper-texture-10-assumption,1501,2.215795196613939e-05,37,per-map radial PSD divided by bin 1
paper-texture-10-assumption,1502,2.2005700835938474e-05,37,per-map radial PSD divided by bin 1
paper-texture-10-assumption,1503,2.2301897693920503e-05,37,per-map radial PSD divided by bin 1
paper-texture-10-assumption,1504,2.2115291402363788e-05,37,per-map radial PSD divided by bin 1
paper-texture-10-assumption,1505,2.185948100116847e-05,37,per-map radial PSD divided by bin 1
paper-texture-10-assumption,1506,2.227757288115458e-05,37,per-map radial PSD divided by bin 1
paper-texture-10-assumption,1507,2.2054971769071664e-05,37,per-map radial PSD divided by bin 1
paper-texture-10-assumption,1508,2.192481610771512e-05,37,per-map radial PSD divided by bin 1
paper-texture-10-assumption,1509,2.179887196066641e-05,37,per-map radial PSD divided by bin 1
paper-texture-10-assumption,1510,2.164557667886174e-05,37,per-map radial PSD divided by bin 1
paper-texture-10-assumption,1511,2.1971509878421822e-05,37,per-map radial PSD divided by bin 1
paper-texture-10-assumption,1512,2.1608479602752353e-05,37,per-map radial PSD divided by bin 1
paper-texture-10-assumption,1513,2.1785427312824314e-05,37,per-map radial PSD divided by bin 1
paper-texture-10-assumption,1514,2.1792674818351264e-05,37,per-map radial PSD divided by bin 1
paper-texture-10-assumption,1515,2.1617017193042566e-05,37,per-map radial PSD divided by bin 1
paper-texture-10-assumption,1516,2.1567276099436983e-05,37,per-map radial PSD divided by bin 1
paper-texture-10-assumption,1517,2.147222622132711e-05,37,per-map radial PSD divided by bin 1
paper-texture-10-assumption,1518,2.163433336240292e-05,37,per-map radial PSD divided by bin 1
paper-texture-10-assumption,1519,2.1599435985451857e-05,37,per-map radial PSD divided by bin 1
paper-texture-10-assumption,1520,2.1577880953374072e-05,37,per-map radial PSD divided by bin 1
paper-texture-10-assumption,1521,2.163435960033824e-05,37,per-map radial PSD divided by bin 1
paper-texture-10-assumption,1522,2.120818302778163e-05,37,per-map radial PSD divided by bin 1
paper-texture-10-assumption,1523,2.117399118910772e-05,37,per-map radial PSD divided by bin 1
paper-texture-10-assumption,1524,2.0982446916067816e-05,37,per-map radial PSD divided by bin 1
paper-texture-10-assumption,1525,2.1126686013307644e-05,37,per-map radial PSD divided by bin 1
paper-texture-10-assumption,1526,2.1177695115654894e-05,37,per-map radial PSD divided by bin 1
paper-texture-10-assumption,1527,2.1016814852501334e-05,37,per-map radial PSD divided by bin 1
paper-texture-10-assumption,1528,2.1097388529661167e-05,37,per-map radial PSD divided by bin 1
paper-texture-10-assumption,1529,2.0625801233960476e-05,37,per-map radial PSD divided by bin 1
paper-texture-10-assumption,1530,2.0770520573298074e-05,37,per-map radial PSD divided by bin 1
paper-texture-10-assumption,1531,2.0769858250965973e-05,37,per-map radial PSD divided by bin 1
paper-texture-10-assumption,1532,2.084668008884918e-05,37,per-map radial PSD divided by bin 1
paper-texture-10-assumption,1533,2.0739231116114666e-05,37,per-map radial PSD divided by bin 1
paper-texture-10-assumption,1534,2.0852757237699655e-05,37,per-map radial PSD divided by bin 1
paper-texture-10-assumption,1535,2.079665646771674e-05,37,per-map radial PSD divided by bin 1
paper-texture-10-assumption,1536,2.078197672856019e-05,37,per-map radial PSD divided by bin 1
paper-texture-10-assumption,1537,2.069535978405093e-05,37,per-map radial PSD divided by bin 1
paper-texture-10-assumption,1538,2.0491903260773737e-05,37,per-map radial PSD divided by bin 1
paper-texture-10-assumption,1539,2.0522065231084685e-05,37,per-map radial PSD divided by bin 1
paper-texture-10-assumption,1540,2.057271990197153e-05,37,per-map radial PSD divided by bin 1
paper-texture-10-assumption,1541,2.0326974540130023e-05,37,per-map radial PSD divided by bin 1
paper-texture-10-assumption,1542,2.025732221558255e-05,37,per-map radial PSD divided by bin 1
paper-texture-10-assumption,1543,2.0669914840469423e-05,37,per-map radial PSD divided by bin 1
paper-texture-10-assumption,1544,2.0020900711613294e-05,37,per-map radial PSD divided by bin 1
paper-texture-10-assumption,1545,2.018826091282935e-05,37,per-map radial PSD divided by bin 1
paper-texture-10-assumption,1546,2.0301990326146403e-05,37,per-map radial PSD divided by bin 1
paper-texture-10-assumption,1547,2.029551431205275e-05,37,per-map radial PSD divided by bin 1
paper-texture-10-assumption,1548,2.013130191186466e-05,37,per-map radial PSD divided by bin 1
paper-texture-10-assumption,1549,2.0090925300301894e-05,37,per-map radial PSD divided by bin 1
paper-texture-10-assumption,1550,1.9614646483970634e-05,37,per-map radial PSD divided by bin 1
paper-texture-10-assumption,1551,2.0189753268111883e-05,37,per-map radial PSD divided by bin 1
paper-texture-10-assumption,1552,2.009367437029802e-05,37,per-map radial PSD divided by bin 1
paper-texture-10-assumption,1553,2.037385481825049e-05,37,per-map radial PSD divided by bin 1
paper-texture-10-assumption,1554,1.9972505278057802e-05,37,per-map radial PSD divided by bin 1
paper-texture-10-assumption,1555,1.986055842582651e-05,37,per-map radial PSD divided by bin 1
paper-texture-10-assumption,1556,1.977324213020069e-05,37,per-map radial PSD divided by bin 1
paper-texture-10-assumption,1557,1.970172052811986e-05,37,per-map radial PSD divided by bin 1
paper-texture-10-assumption,1558,1.9668676813014113e-05,37,per-map radial PSD divided by bin 1
paper-texture-10-assumption,1559,1.9639879520074866e-05,37,per-map radial PSD divided by bin 1
paper-texture-10-assumption,1560,1.9842536755561443e-05,37,per-map radial PSD divided by bin 1
paper-texture-10-assumption,1561,1.9434365293368034e-05,37,per-map radial PSD divided by bin 1
paper-texture-10-assumption,1562,1.9504158790573865e-05,37,per-map radial PSD divided by bin 1
paper-texture-10-assumption,1563,1.9275448296296082e-05,37,per-map radial PSD divided by bin 1
paper-texture-10-assumption,1564,1.9643992152910235e-05,37,per-map radial PSD divided by bin 1
paper-texture-10-assumption,1565,1.9695580744335143e-05,37,per-map radial PSD divided by bin 1
paper-texture-10-assumption,1566,1.926108224726196e-05,37,per-map radial PSD divided by bin 1
paper-texture-10-assumption,1567,1.9197391802725967e-05,37,per-map radial PSD divided by bin 1
paper-texture-10-assumption,1568,1.928057000741757e-05,37,per-map radial PSD divided by bin 1
paper-texture-10-assumption,1569,1.9325744480811375e-05,37,per-map radial PSD divided by bin 1
paper-texture-10-assumption,1570,1.9495360009412996e-05,37,per-map radial PSD divided by bin 1
paper-texture-10-assumption,1571,1.9005001892620922e-05,37,per-map radial PSD divided by bin 1
paper-texture-10-assumption,1572,1.9281333483471615e-05,37,per-map radial PSD divided by bin 1
paper-texture-10-assumption,1573,1.9325704373286052e-05,37,per-map radial PSD divided by bin 1
paper-texture-10-assumption,1574,1.912607653606587e-05,37,per-map radial PSD divided by bin 1
paper-texture-10-assumption,1575,1.8967593316065606e-05,37,per-map radial PSD divided by bin 1
paper-texture-10-assumption,1576,1.910204977097555e-05,37,per-map radial PSD divided by bin 1
paper-texture-10-assumption,1577,1.8991174702974765e-05,37,per-map radial PSD divided by bin 1
paper-texture-10-assumption,1578,1.8764247190900807e-05,37,per-map radial PSD divided by bin 1
paper-texture-10-assumption,1579,1.877106722517261e-05,37,per-map radial PSD divided by bin 1
paper-texture-10-assumption,1580,1.9007107988704102e-05,37,per-map radial PSD divided by bin 1
paper-texture-10-assumption,1581,1.8637326875366175e-05,37,per-map radial PSD divided by bin 1
paper-texture-10-assumption,1582,1.8727526005588054e-05,37,per-map radial PSD divided by bin 1
paper-texture-10-assumption,1583,1.8712670809679447e-05,37,per-map radial PSD divided by bin 1
paper-texture-10-assumption,1584,1.894568125564733e-05,37,per-map radial PSD divided by bin 1
paper-texture-10-assumption,1585,1.868957967145704e-05,37,per-map radial PSD divided by bin 1
paper-texture-10-assumption,1586,1.86803834312815e-05,37,per-map radial PSD divided by bin 1
paper-texture-10-assumption,1587,1.8565498875664404e-05,37,per-map radial PSD divided by bin 1
paper-texture-10-assumption,1588,1.8487634666845873e-05,37,per-map radial PSD divided by bin 1
paper-texture-10-assumption,1589,1.8557529478857225e-05,37,per-map radial PSD divided by bin 1
paper-texture-10-assumption,1590,1.869890976140609e-05,37,per-map radial PSD divided by bin 1
paper-texture-10-assumption,1591,1.851394510670666e-05,37,per-map radial PSD divided by bin 1
paper-texture-10-assumption,1592,1.8553792553935746e-05,37,per-map radial PSD divided by bin 1
paper-texture-10-assumption,1593,1.8680705610541578e-05,37,per-map radial PSD divided by bin 1
paper-texture-10-assumption,1594,1.8508322698879e-05,37,per-map radial PSD divided by bin 1
paper-texture-10-assumption,1595,1.839407520755082e-05,37,per-map radial PSD divided by bin 1
paper-texture-10-assumption,1596,1.820616534066673e-05,37,per-map radial PSD divided by bin 1
paper-texture-10-assumption,1597,1.8154440911277746e-05,37,per-map radial PSD divided by bin 1
paper-texture-10-assumption,1598,1.8103433947058194e-05,37,per-map radial PSD divided by bin 1
paper-texture-10-assumption,1599,1.828842344853277e-05,37,per-map radial PSD divided by bin 1
paper-texture-10-assumption,1600,1.8125609997619467e-05,37,per-map radial PSD divided by bin 1
paper-texture-10-assumption,1601,1.7988426578445223e-05,37,per-map radial PSD divided by bin 1
paper-texture-10-assumption,1602,1.792081734920291e-05,37,per-map radial PSD divided by bin 1
paper-texture-10-assumption,1603,1.8177449015812137e-05,37,per-map radial PSD divided by bin 1
paper-texture-10-assumption,1604,1.8013297481661983e-05,37,per-map radial PSD divided by bin 1
paper-texture-10-assumption,1605,1.7801775431202587e-05,37,per-map radial PSD divided by bin 1
paper-texture-10-assumption,1606,1.775581732390523e-05,37,per-map radial PSD divided by bin 1
paper-texture-10-assumption,1607,1.7874875945202235e-05,37,per-map radial PSD divided by bin 1
paper-texture-10-assumption,1608,1.7981200529254896e-05,37,per-map radial PSD divided by bin 1
paper-texture-10-assumption,1609,1.7835480892445837e-05,37,per-map radial PSD divided by bin 1
paper-texture-10-assumption,1610,1.756162908360787e-05,37,per-map radial PSD divided by bin 1
paper-texture-10-assumption,1611,1.7716726582669757e-05,37,per-map radial PSD divided by bin 1
paper-texture-10-assumption,1612,1.787222610228553e-05,37,per-map radial PSD divided by bin 1
paper-texture-10-assumption,1613,1.7815237007069886e-05,37,per-map radial PSD divided by bin 1
paper-texture-10-assumption,1614,1.761191433740051e-05,37,per-map radial PSD divided by bin 1
paper-texture-10-assumption,1615,1.7692497740258914e-05,37,per-map radial PSD divided by bin 1
paper-texture-10-assumption,1616,1.738224186562209e-05,37,per-map radial PSD divided by bin 1
paper-texture-10-assumption,1617,1.757627692808889e-05,37,per-map radial PSD divided by bin 1
paper-texture-10-assumption,1618,1.755564068101045e-05,37,per-map radial PSD divided by bin 1
paper-texture-10-assumption,1619,1.7501515202670765e-05,37,per-map radial PSD divided by bin 1
paper-texture-10-assumption,1620,1.737526650968697e-05,37,per-map radial PSD divided by bin 1
paper-texture-10-assumption,1621,1.7505403420542736e-05,37,per-map radial PSD divided by bin 1
paper-texture-10-assumption,1622,1.7163199753161855e-05,37,per-map radial PSD divided by bin 1
paper-texture-10-assumption,1623,1.7472544352387667e-05,37,per-map radial PSD divided by bin 1
paper-texture-10-assumption,1624,1.7376304359906467e-05,37,per-map radial PSD divided by bin 1
paper-texture-10-assumption,1625,1.7304479432814892e-05,37,per-map radial PSD divided by bin 1
paper-texture-10-assumption,1626,1.7248821588879667e-05,37,per-map radial PSD divided by bin 1
paper-texture-10-assumption,1627,1.7010781987391004e-05,37,per-map radial PSD divided by bin 1
paper-texture-10-assumption,1628,1.711982388899527e-05,37,per-map radial PSD divided by bin 1
paper-texture-10-assumption,1629,1.7059093785238043e-05,37,per-map radial PSD divided by bin 1
paper-texture-10-assumption,1630,1.7004264932172353e-05,37,per-map radial PSD divided by bin 1
paper-texture-10-assumption,1631,1.687515382653152e-05,37,per-map radial PSD divided by bin 1
paper-texture-10-assumption,1632,1.703637937300195e-05,37,per-map radial PSD divided by bin 1
paper-texture-10-assumption,1633,1.6979705509134164e-05,37,per-map radial PSD divided by bin 1
paper-texture-10-assumption,1634,1.7222244475190623e-05,37,per-map radial PSD divided by bin 1
paper-texture-10-assumption,1635,1.6510885167803316e-05,37,per-map radial PSD divided by bin 1
paper-texture-10-assumption,1636,1.6921146390178997e-05,37,per-map radial PSD divided by bin 1
paper-texture-10-assumption,1637,1.6942233368854963e-05,37,per-map radial PSD divided by bin 1
paper-texture-10-assumption,1638,1.6807420940458343e-05,37,per-map radial PSD divided by bin 1
paper-texture-10-assumption,1639,1.659175710231246e-05,37,per-map radial PSD divided by bin 1
paper-texture-10-assumption,1640,1.663210714525688e-05,37,per-map radial PSD divided by bin 1
paper-texture-10-assumption,1641,1.657252853519136e-05,37,per-map radial PSD divided by bin 1
paper-texture-10-assumption,1642,1.654549074082335e-05,37,per-map radial PSD divided by bin 1
paper-texture-10-assumption,1643,1.644439850177692e-05,37,per-map radial PSD divided by bin 1
paper-texture-10-assumption,1644,1.6596523897299303e-05,37,per-map radial PSD divided by bin 1
paper-texture-10-assumption,1645,1.660580623822251e-05,37,per-map radial PSD divided by bin 1
paper-texture-10-assumption,1646,1.6635921922238734e-05,37,per-map radial PSD divided by bin 1
paper-texture-10-assumption,1647,1.633793845379412e-05,37,per-map radial PSD divided by bin 1
paper-texture-10-assumption,1648,1.654065607418286e-05,37,per-map radial PSD divided by bin 1
paper-texture-10-assumption,1649,1.6326033656537558e-05,37,per-map radial PSD divided by bin 1
paper-texture-10-assumption,1650,1.6291864911627196e-05,37,per-map radial PSD divided by bin 1
paper-texture-10-assumption,1651,1.614323331519158e-05,37,per-map radial PSD divided by bin 1
paper-texture-10-assumption,1652,1.625334872467943e-05,37,per-map radial PSD divided by bin 1
paper-texture-10-assumption,1653,1.6132167699477203e-05,37,per-map radial PSD divided by bin 1
paper-texture-10-assumption,1654,1.6231318309845605e-05,37,per-map radial PSD divided by bin 1
paper-texture-10-assumption,1655,1.6067814746064865e-05,37,per-map radial PSD divided by bin 1
paper-texture-10-assumption,1656,1.6237034567266767e-05,37,per-map radial PSD divided by bin 1
paper-texture-10-assumption,1657,1.6189737978215447e-05,37,per-map radial PSD divided by bin 1
paper-texture-10-assumption,1658,1.6191614984165085e-05,37,per-map radial PSD divided by bin 1
paper-texture-10-assumption,1659,1.6082475000133017e-05,37,per-map radial PSD divided by bin 1
paper-texture-10-assumption,1660,1.6120323033788383e-05,37,per-map radial PSD divided by bin 1
paper-texture-10-assumption,1661,1.606567522080611e-05,37,per-map radial PSD divided by bin 1
paper-texture-10-assumption,1662,1.596683959669544e-05,37,per-map radial PSD divided by bin 1
paper-texture-10-assumption,1663,1.6095683986483887e-05,37,per-map radial PSD divided by bin 1
paper-texture-10-assumption,1664,1.5944006523566628e-05,37,per-map radial PSD divided by bin 1
paper-texture-10-assumption,1665,1.594134021522093e-05,37,per-map radial PSD divided by bin 1
paper-texture-10-assumption,1666,1.5747394035052064e-05,37,per-map radial PSD divided by bin 1
paper-texture-10-assumption,1667,1.587827986724223e-05,37,per-map radial PSD divided by bin 1
paper-texture-10-assumption,1668,1.6137368532934606e-05,37,per-map radial PSD divided by bin 1
paper-texture-10-assumption,1669,1.5847691628452713e-05,37,per-map radial PSD divided by bin 1
paper-texture-10-assumption,1670,1.57427663020095e-05,37,per-map radial PSD divided by bin 1
paper-texture-10-assumption,1671,1.594324120066938e-05,37,per-map radial PSD divided by bin 1
paper-texture-10-assumption,1672,1.581229367824807e-05,37,per-map radial PSD divided by bin 1
paper-texture-10-assumption,1673,1.5692733016418616e-05,37,per-map radial PSD divided by bin 1
paper-texture-10-assumption,1674,1.5710476498801063e-05,37,per-map radial PSD divided by bin 1
paper-texture-10-assumption,1675,1.5525601880151616e-05,37,per-map radial PSD divided by bin 1
paper-texture-10-assumption,1676,1.5592323999708616e-05,37,per-map radial PSD divided by bin 1
paper-texture-10-assumption,1677,1.5395272502078215e-05,37,per-map radial PSD divided by bin 1
paper-texture-10-assumption,1678,1.5520697915852613e-05,37,per-map radial PSD divided by bin 1
paper-texture-10-assumption,1679,1.5477493018223788e-05,37,per-map radial PSD divided by bin 1
paper-texture-10-assumption,1680,1.5557343015182403e-05,37,per-map radial PSD divided by bin 1
paper-texture-10-assumption,1681,1.531859912240037e-05,37,per-map radial PSD divided by bin 1
paper-texture-10-assumption,1682,1.5438143578431835e-05,37,per-map radial PSD divided by bin 1
paper-texture-10-assumption,1683,1.543598731876954e-05,37,per-map radial PSD divided by bin 1
paper-texture-10-assumption,1684,1.545159017700962e-05,37,per-map radial PSD divided by bin 1
paper-texture-10-assumption,1685,1.541241691511421e-05,37,per-map radial PSD divided by bin 1
paper-texture-10-assumption,1686,1.5258867823043694e-05,37,per-map radial PSD divided by bin 1
paper-texture-10-assumption,1687,1.5151276306319107e-05,37,per-map radial PSD divided by bin 1
paper-texture-10-assumption,1688,1.5191667220929363e-05,37,per-map radial PSD divided by bin 1
paper-texture-10-assumption,1689,1.5032009156172763e-05,37,per-map radial PSD divided by bin 1
paper-texture-10-assumption,1690,1.5323201009866645e-05,37,per-map radial PSD divided by bin 1
paper-texture-10-assumption,1691,1.521211665974106e-05,37,per-map radial PSD divided by bin 1
paper-texture-10-assumption,1692,1.5167173401742652e-05,37,per-map radial PSD divided by bin 1
paper-texture-10-assumption,1693,1.504630269683697e-05,37,per-map radial PSD divided by bin 1
paper-texture-10-assumption,1694,1.4886402808191075e-05,37,per-map radial PSD divided by bin 1
paper-texture-10-assumption,1695,1.4909498271811e-05,37,per-map radial PSD divided by bin 1
paper-texture-10-assumption,1696,1.4877080363852949e-05,37,per-map radial PSD divided by bin 1
paper-texture-10-assumption,1697,1.5163653986882603e-05,37,per-map radial PSD divided by bin 1
paper-texture-10-assumption,1698,1.4888597982202768e-05,37,per-map radial PSD divided by bin 1
paper-texture-10-assumption,1699,1.4728635209901462e-05,37,per-map radial PSD divided by bin 1
paper-texture-10-assumption,1700,1.5067722856210595e-05,37,per-map radial PSD divided by bin 1
paper-texture-10-assumption,1701,1.5013192984479051e-05,37,per-map radial PSD divided by bin 1
paper-texture-10-assumption,1702,1.4942837018581357e-05,37,per-map radial PSD divided by bin 1
paper-texture-10-assumption,1703,1.4935462900542545e-05,37,per-map radial PSD divided by bin 1
paper-texture-10-assumption,1704,1.483228487059953e-05,37,per-map radial PSD divided by bin 1
paper-texture-10-assumption,1705,1.472979555930905e-05,37,per-map radial PSD divided by bin 1
paper-texture-10-assumption,1706,1.4738984462586014e-05,37,per-map radial PSD divided by bin 1
paper-texture-10-assumption,1707,1.4603983619801944e-05,37,per-map radial PSD divided by bin 1
paper-texture-10-assumption,1708,1.4610077818595769e-05,37,per-map radial PSD divided by bin 1
paper-texture-10-assumption,1709,1.4610273807388532e-05,37,per-map radial PSD divided by bin 1
paper-texture-10-assumption,1710,1.4601798187459348e-05,37,per-map radial PSD divided by bin 1
paper-texture-10-assumption,1711,1.430170857749194e-05,37,per-map radial PSD divided by bin 1
paper-texture-10-assumption,1712,1.4509626086713343e-05,37,per-map radial PSD divided by bin 1
paper-texture-10-assumption,1713,1.4557411270011068e-05,37,per-map radial PSD divided by bin 1
paper-texture-10-assumption,1714,1.4422594117196915e-05,37,per-map radial PSD divided by bin 1
paper-texture-10-assumption,1715,1.4511854937391008e-05,37,per-map radial PSD divided by bin 1
paper-texture-10-assumption,1716,1.4414571744429375e-05,37,per-map radial PSD divided by bin 1
paper-texture-10-assumption,1717,1.436666013805274e-05,37,per-map radial PSD divided by bin 1
paper-texture-10-assumption,1718,1.4277436260021425e-05,37,per-map radial PSD divided by bin 1
paper-texture-10-assumption,1719,1.4299076852608783e-05,37,per-map radial PSD divided by bin 1
paper-texture-10-assumption,1720,1.4138164167394028e-05,37,per-map radial PSD divided by bin 1
paper-texture-10-assumption,1721,1.4419240251065926e-05,37,per-map radial PSD divided by bin 1
paper-texture-10-assumption,1722,1.4526453529175487e-05,37,per-map radial PSD divided by bin 1
paper-texture-10-assumption,1723,1.4288318738213213e-05,37,per-map radial PSD divided by bin 1
paper-texture-10-assumption,1724,1.4334425958557057e-05,37,per-map radial PSD divided by bin 1
paper-texture-10-assumption,1725,1.4402403962540087e-05,37,per-map radial PSD divided by bin 1
paper-texture-10-assumption,1726,1.405380993919748e-05,37,per-map radial PSD divided by bin 1
paper-texture-10-assumption,1727,1.4055909195900643e-05,37,per-map radial PSD divided by bin 1
paper-texture-10-assumption,1728,1.4033610242435244e-05,37,per-map radial PSD divided by bin 1
paper-texture-10-assumption,1729,1.4126372608214778e-05,37,per-map radial PSD divided by bin 1
paper-texture-10-assumption,1730,1.4149371316184048e-05,37,per-map radial PSD divided by bin 1
paper-texture-10-assumption,1731,1.3979707698290079e-05,37,per-map radial PSD divided by bin 1
paper-texture-10-assumption,1732,1.3924291136534215e-05,37,per-map radial PSD divided by bin 1
paper-texture-10-assumption,1733,1.4097380732266177e-05,37,per-map radial PSD divided by bin 1
paper-texture-10-assumption,1734,1.3923604255069494e-05,37,per-map radial PSD divided by bin 1
paper-texture-10-assumption,1735,1.392982631253386e-05,37,per-map radial PSD divided by bin 1
paper-texture-10-assumption,1736,1.3867749859297354e-05,37,per-map radial PSD divided by bin 1
paper-texture-10-assumption,1737,1.3795979784544945e-05,37,per-map radial PSD divided by bin 1
paper-texture-10-assumption,1738,1.3823406829668196e-05,37,per-map radial PSD divided by bin 1
paper-texture-10-assumption,1739,1.397580850315319e-05,37,per-map radial PSD divided by bin 1
paper-texture-10-assumption,1740,1.3806539219565664e-05,37,per-map radial PSD divided by bin 1
paper-texture-10-assumption,1741,1.388636546015793e-05,37,per-map radial PSD divided by bin 1
paper-texture-10-assumption,1742,1.376013310137847e-05,37,per-map radial PSD divided by bin 1
paper-texture-10-assumption,1743,1.3656867172997046e-05,37,per-map radial PSD divided by bin 1
paper-texture-10-assumption,1744,1.3687991103532218e-05,37,per-map radial PSD divided by bin 1
paper-texture-10-assumption,1745,1.3639684729561653e-05,37,per-map radial PSD divided by bin 1
paper-texture-10-assumption,1746,1.365609445179635e-05,37,per-map radial PSD divided by bin 1
paper-texture-10-assumption,1747,1.358918974337004e-05,37,per-map radial PSD divided by bin 1
paper-texture-10-assumption,1748,1.360131184060495e-05,37,per-map radial PSD divided by bin 1
paper-texture-10-assumption,1749,1.3540430229200538e-05,37,per-map radial PSD divided by bin 1
paper-texture-10-assumption,1750,1.3462713952960443e-05,37,per-map radial PSD divided by bin 1
paper-texture-10-assumption,1751,1.3571467636203262e-05,37,per-map radial PSD divided by bin 1
paper-texture-10-assumption,1752,1.344149206802951e-05,37,per-map radial PSD divided by bin 1
paper-texture-10-assumption,1753,1.34606237098684e-05,37,per-map radial PSD divided by bin 1
paper-texture-10-assumption,1754,1.3461807173669331e-05,37,per-map radial PSD divided by bin 1
paper-texture-10-assumption,1755,1.3513729913563397e-05,37,per-map radial PSD divided by bin 1
paper-texture-10-assumption,1756,1.3509838349499407e-05,37,per-map radial PSD divided by bin 1
paper-texture-10-assumption,1757,1.3470899044119053e-05,37,per-map radial PSD divided by bin 1
paper-texture-10-assumption,1758,1.3219336973878366e-05,37,per-map radial PSD divided by bin 1
paper-texture-10-assumption,1759,1.316881917725046e-05,37,per-map radial PSD divided by bin 1
paper-texture-10-assumption,1760,1.3267481619663283e-05,37,per-map radial PSD divided by bin 1
paper-texture-10-assumption,1761,1.312056721036624e-05,37,per-map radial PSD divided by bin 1
paper-texture-10-assumption,1762,1.3294226883774324e-05,37,per-map radial PSD divided by bin 1
paper-texture-10-assumption,1763,1.326270031150086e-05,37,per-map radial PSD divided by bin 1
paper-texture-10-assumption,1764,1.3281371206786235e-05,37,per-map radial PSD divided by bin 1
paper-texture-10-assumption,1765,1.3337390242149572e-05,37,per-map radial PSD divided by bin 1
paper-texture-10-assumption,1766,1.3155985953087569e-05,37,per-map radial PSD divided by bin 1
paper-texture-10-assumption,1767,1.3331105639319043e-05,37,per-map radial PSD divided by bin 1
paper-texture-10-assumption,1768,1.2952623314638098e-05,37,per-map radial PSD divided by bin 1
paper-texture-10-assumption,1769,1.3154170175199832e-05,37,per-map radial PSD divided by bin 1
paper-texture-10-assumption,1770,1.3126631771938124e-05,37,per-map radial PSD divided by bin 1
paper-texture-10-assumption,1771,1.3075999036076467e-05,37,per-map radial PSD divided by bin 1
paper-texture-10-assumption,1772,1.3097510019920223e-05,37,per-map radial PSD divided by bin 1
paper-texture-10-assumption,1773,1.2870013317903196e-05,37,per-map radial PSD divided by bin 1
paper-texture-10-assumption,1774,1.2956264742879562e-05,37,per-map radial PSD divided by bin 1
paper-texture-10-assumption,1775,1.2865580452510706e-05,37,per-map radial PSD divided by bin 1
paper-texture-10-assumption,1776,1.2802328337785548e-05,37,per-map radial PSD divided by bin 1
paper-texture-10-assumption,1777,1.2961544138066953e-05,37,per-map radial PSD divided by bin 1
paper-texture-10-assumption,1778,1.2839232040759908e-05,37,per-map radial PSD divided by bin 1
paper-texture-10-assumption,1779,1.2931239318122921e-05,37,per-map radial PSD divided by bin 1
paper-texture-10-assumption,1780,1.2867179308010741e-05,37,per-map radial PSD divided by bin 1
paper-texture-10-assumption,1781,1.2747656492121925e-05,37,per-map radial PSD divided by bin 1
paper-texture-10-assumption,1782,1.2828352477363408e-05,37,per-map radial PSD divided by bin 1
paper-texture-10-assumption,1783,1.2604866536262165e-05,37,per-map radial PSD divided by bin 1
paper-texture-10-assumption,1784,1.2667933438867573e-05,37,per-map radial PSD divided by bin 1
paper-texture-10-assumption,1785,1.2731007578152047e-05,37,per-map radial PSD divided by bin 1
paper-texture-10-assumption,1786,1.2881334647453836e-05,37,per-map radial PSD divided by bin 1
paper-texture-10-assumption,1787,1.2664308766907893e-05,37,per-map radial PSD divided by bin 1
paper-texture-10-assumption,1788,1.2658222151623457e-05,37,per-map radial PSD divided by bin 1
paper-texture-10-assumption,1789,1.2718175523785265e-05,37,per-map radial PSD divided by bin 1
paper-texture-10-assumption,1790,1.2541088378869399e-05,37,per-map radial PSD divided by bin 1
paper-texture-10-assumption,1791,1.2575917494438782e-05,37,per-map radial PSD divided by bin 1
paper-texture-10-assumption,1792,1.2500471630306087e-05,37,per-map radial PSD divided by bin 1
paper-texture-10-assumption,1793,1.2412165704576616e-05,37,per-map radial PSD divided by bin 1
paper-texture-10-assumption,1794,1.2568781314439635e-05,37,per-map radial PSD divided by bin 1
paper-texture-10-assumption,1795,1.2507092359795319e-05,37,per-map radial PSD divided by bin 1
paper-texture-10-assumption,1796,1.2438082041317526e-05,37,per-map radial PSD divided by bin 1
paper-texture-10-assumption,1797,1.2405786886063015e-05,37,per-map radial PSD divided by bin 1
paper-texture-10-assumption,1798,1.2393896584501325e-05,37,per-map radial PSD divided by bin 1
paper-texture-10-assumption,1799,1.239250695310226e-05,37,per-map radial PSD divided by bin 1
paper-texture-10-assumption,1800,1.2307404766996443e-05,37,per-map radial PSD divided by bin 1
paper-texture-10-assumption,1801,1.233957638777592e-05,37,per-map radial PSD divided by bin 1
paper-texture-10-assumption,1802,1.2242091334309323e-05,37,per-map radial PSD divided by bin 1
paper-texture-10-assumption,1803,1.2368036219864131e-05,37,per-map radial PSD divided by bin 1
paper-texture-10-assumption,1804,1.2292896472115708e-05,37,per-map radial PSD divided by bin 1
paper-texture-10-assumption,1805,1.2262634208596481e-05,37,per-map radial PSD divided by bin 1
paper-texture-10-assumption,1806,1.2382463150783858e-05,37,per-map radial PSD divided by bin 1
paper-texture-10-assumption,1807,1.2393018097505158e-05,37,per-map radial PSD divided by bin 1
paper-texture-10-assumption,1808,1.2286662691593753e-05,37,per-map radial PSD divided by bin 1
paper-texture-10-assumption,1809,1.2316864841667816e-05,37,per-map radial PSD divided by bin 1
paper-texture-10-assumption,1810,1.2127369830390138e-05,37,per-map radial PSD divided by bin 1
paper-texture-10-assumption,1811,1.2317982578142911e-05,37,per-map radial PSD divided by bin 1
paper-texture-10-assumption,1812,1.2311010262608235e-05,37,per-map radial PSD divided by bin 1
paper-texture-10-assumption,1813,1.2069921033912165e-05,37,per-map radial PSD divided by bin 1
paper-texture-10-assumption,1814,1.2036241202558597e-05,37,per-map radial PSD divided by bin 1
paper-texture-10-assumption,1815,1.1980267992000482e-05,37,per-map radial PSD divided by bin 1
paper-texture-10-assumption,1816,1.1955696127320697e-05,37,per-map radial PSD divided by bin 1
paper-texture-10-assumption,1817,1.1968622003972562e-05,37,per-map radial PSD divided by bin 1
paper-texture-10-assumption,1818,1.2069415732639987e-05,37,per-map radial PSD divided by bin 1
paper-texture-10-assumption,1819,1.201474792863057e-05,37,per-map radial PSD divided by bin 1
paper-texture-10-assumption,1820,1.1916215753616034e-05,37,per-map radial PSD divided by bin 1
paper-texture-10-assumption,1821,1.1956203966628008e-05,37,per-map radial PSD divided by bin 1
paper-texture-10-assumption,1822,1.190207297084118e-05,37,per-map radial PSD divided by bin 1
paper-texture-10-assumption,1823,1.1926862249462408e-05,37,per-map radial PSD divided by bin 1
paper-texture-10-assumption,1824,1.2114812373164044e-05,37,per-map radial PSD divided by bin 1
paper-texture-10-assumption,1825,1.1915405509474204e-05,37,per-map radial PSD divided by bin 1
paper-texture-10-assumption,1826,1.2039724492255401e-05,37,per-map radial PSD divided by bin 1
paper-texture-10-assumption,1827,1.1803446339065703e-05,37,per-map radial PSD divided by bin 1
paper-texture-10-assumption,1828,1.1871426695031762e-05,37,per-map radial PSD divided by bin 1
paper-texture-10-assumption,1829,1.1844010312034284e-05,37,per-map radial PSD divided by bin 1
paper-texture-10-assumption,1830,1.1743027229136678e-05,37,per-map radial PSD divided by bin 1
paper-texture-10-assumption,1831,1.1765944518229545e-05,37,per-map radial PSD divided by bin 1
paper-texture-10-assumption,1832,1.1690341517387968e-05,37,per-map radial PSD divided by bin 1
paper-texture-10-assumption,1833,1.1783744902646655e-05,37,per-map radial PSD divided by bin 1
paper-texture-10-assumption,1834,1.1690763922024664e-05,37,per-map radial PSD divided by bin 1
paper-texture-10-assumption,1835,1.1599467122803346e-05,37,per-map radial PSD divided by bin 1
paper-texture-10-assumption,1836,1.172280375244961e-05,37,per-map radial PSD divided by bin 1
paper-texture-10-assumption,1837,1.1668378580126079e-05,37,per-map radial PSD divided by bin 1
paper-texture-10-assumption,1838,1.1731649692803888e-05,37,per-map radial PSD divided by bin 1
paper-texture-10-assumption,1839,1.1668935217462948e-05,37,per-map radial PSD divided by bin 1
paper-texture-10-assumption,1840,1.1580876036496836e-05,37,per-map radial PSD divided by bin 1
paper-texture-10-assumption,1841,1.1506940590103054e-05,37,per-map radial PSD divided by bin 1
paper-texture-10-assumption,1842,1.1515562775675363e-05,37,per-map radial PSD divided by bin 1
paper-texture-10-assumption,1843,1.1488024924125786e-05,37,per-map radial PSD divided by bin 1
paper-texture-10-assumption,1844,1.1641322656405751e-05,37,per-map radial PSD divided by bin 1
paper-texture-10-assumption,1845,1.1584618753798115e-05,37,per-map radial PSD divided by bin 1
paper-texture-10-assumption,1846,1.1474573091578712e-05,37,per-map radial PSD divided by bin 1
paper-texture-10-assumption,1847,1.1440951123155064e-05,37,per-map radial PSD divided by bin 1
paper-texture-10-assumption,1848,1.1506588468586422e-05,37,per-map radial PSD divided by bin 1
paper-texture-10-assumption,1849,1.1488244902804397e-05,37,per-map radial PSD divided by bin 1
paper-texture-10-assumption,1850,1.1499366358210932e-05,37,per-map radial PSD divided by bin 1
paper-texture-10-assumption,1851,1.1467867989135711e-05,37,per-map radial PSD divided by bin 1
paper-texture-10-assumption,1852,1.1427399500448828e-05,37,per-map radial PSD divided by bin 1
paper-texture-10-assumption,1853,1.1330340754074666e-05,37,per-map radial PSD divided by bin 1
paper-texture-10-assumption,1854,1.138908997527853e-05,37,per-map radial PSD divided by bin 1
paper-texture-10-assumption,1855,1.1342450489983447e-05,37,per-map radial PSD divided by bin 1
paper-texture-10-assumption,1856,1.1453137672163707e-05,37,per-map radial PSD divided by bin 1
paper-texture-10-assumption,1857,1.1279779324960093e-05,37,per-map radial PSD divided by bin 1
paper-texture-10-assumption,1858,1.1286944854647161e-05,37,per-map radial PSD divided by bin 1
paper-texture-10-assumption,1859,1.1350556319304366e-05,37,per-map radial PSD divided by bin 1
paper-texture-10-assumption,1860,1.1227709798297413e-05,37,per-map radial PSD divided by bin 1
paper-texture-10-assumption,1861,1.1215406574972532e-05,37,per-map radial PSD divided by bin 1
paper-texture-10-assumption,1862,1.1228570436655057e-05,37,per-map radial PSD divided by bin 1
paper-texture-10-assumption,1863,1.1250842414636723e-05,37,per-map radial PSD divided by bin 1
paper-texture-10-assumption,1864,1.1155559927606206e-05,37,per-map radial PSD divided by bin 1
paper-texture-10-assumption,1865,1.1180734635622542e-05,37,per-map radial PSD divided by bin 1
paper-texture-10-assumption,1866,1.1249344937345267e-05,37,per-map radial PSD divided by bin 1
paper-texture-10-assumption,1867,1.114054677536782e-05,37,per-map radial PSD divided by bin 1
paper-texture-10-assumption,1868,1.1187244972883138e-05,37,per-map radial PSD divided by bin 1
paper-texture-10-assumption,1869,1.1073946311560451e-05,37,per-map radial PSD divided by bin 1
paper-texture-10-assumption,1870,1.1153468893414747e-05,37,per-map radial PSD divided by bin 1
paper-texture-10-assumption,1871,1.1019176589065057e-05,37,per-map radial PSD divided by bin 1
paper-texture-10-assumption,1872,1.0992515205810645e-05,37,per-map radial PSD divided by bin 1
paper-texture-10-assumption,1873,1.1073560631729204e-05,37,per-map radial PSD divided by bin 1
paper-texture-10-assumption,1874,1.0863220488650181e-05,37,per-map radial PSD divided by bin 1
paper-texture-10-assumption,1875,1.1077347356623637e-05,37,per-map radial PSD divided by bin 1
paper-texture-10-assumption,1876,1.0871427503253077e-05,37,per-map radial PSD divided by bin 1
paper-texture-10-assumption,1877,1.0889963726988165e-05,37,per-map radial PSD divided by bin 1
paper-texture-10-assumption,1878,1.0923300711011215e-05,37,per-map radial PSD divided by bin 1
paper-texture-10-assumption,1879,1.0838867026688733e-05,37,per-map radial PSD divided by bin 1
paper-texture-10-assumption,1880,1.1014890911618052e-05,37,per-map radial PSD divided by bin 1
paper-texture-10-assumption,1881,1.0885122749361236e-05,37,per-map radial PSD divided by bin 1
paper-texture-10-assumption,1882,1.0809292510588763e-05,37,per-map radial PSD divided by bin 1
paper-texture-10-assumption,1883,1.077599538203504e-05,37,per-map radial PSD divided by bin 1
paper-texture-10-assumption,1884,1.0981455822656494e-05,37,per-map radial PSD divided by bin 1
paper-texture-10-assumption,1885,1.0749889228221196e-05,37,per-map radial PSD divided by bin 1
paper-texture-10-assumption,1886,1.0805837391768115e-05,37,per-map radial PSD divided by bin 1
paper-texture-10-assumption,1887,1.0954468208296209e-05,37,per-map radial PSD divided by bin 1
paper-texture-10-assumption,1888,1.0809135332556172e-05,37,per-map radial PSD divided by bin 1
paper-texture-10-assumption,1889,1.0648224554263607e-05,37,per-map radial PSD divided by bin 1
paper-texture-10-assumption,1890,1.079300252381164e-05,37,per-map radial PSD divided by bin 1
paper-texture-10-assumption,1891,1.0648490030250861e-05,37,per-map radial PSD divided by bin 1
paper-texture-10-assumption,1892,1.0752976604495832e-05,37,per-map radial PSD divided by bin 1
paper-texture-10-assumption,1893,1.0709481541281217e-05,37,per-map radial PSD divided by bin 1
paper-texture-10-assumption,1894,1.0804870965013593e-05,37,per-map radial PSD divided by bin 1
paper-texture-10-assumption,1895,1.0757007421689459e-05,37,per-map radial PSD divided by bin 1
paper-texture-10-assumption,1896,1.078128475233843e-05,37,per-map radial PSD divided by bin 1
paper-texture-10-assumption,1897,1.07042627716414e-05,37,per-map radial PSD divided by bin 1
paper-texture-10-assumption,1898,1.0736458695306129e-05,37,per-map radial PSD divided by bin 1
paper-texture-10-assumption,1899,1.0783253461615853e-05,37,per-map radial PSD divided by bin 1
paper-texture-10-assumption,1900,1.0596095768225413e-05,37,per-map radial PSD divided by bin 1
paper-texture-10-assumption,1901,1.060158860902099e-05,37,per-map radial PSD divided by bin 1
paper-texture-10-assumption,1902,1.0632868058118666e-05,37,per-map radial PSD divided by bin 1
paper-texture-10-assumption,1903,1.0565156228231716e-05,37,per-map radial PSD divided by bin 1
paper-texture-10-assumption,1904,1.0516309453126448e-05,37,per-map radial PSD divided by bin 1
paper-texture-10-assumption,1905,1.0646608956298011e-05,37,per-map radial PSD divided by bin 1
paper-texture-10-assumption,1906,1.0431352950707203e-05,37,per-map radial PSD divided by bin 1
paper-texture-10-assumption,1907,1.0476772817750115e-05,37,per-map radial PSD divided by bin 1
paper-texture-10-assumption,1908,1.0407612788028706e-05,37,per-map radial PSD divided by bin 1
paper-texture-10-assumption,1909,1.0493604888426627e-05,37,per-map radial PSD divided by bin 1
paper-texture-10-assumption,1910,1.0238396903993037e-05,37,per-map radial PSD divided by bin 1
paper-texture-10-assumption,1911,1.036162389612852e-05,37,per-map radial PSD divided by bin 1
paper-texture-10-assumption,1912,1.0385586819326431e-05,37,per-map radial PSD divided by bin 1
paper-texture-10-assumption,1913,1.0493350377176433e-05,37,per-map radial PSD divided by bin 1
paper-texture-10-assumption,1914,1.0328262718146906e-05,37,per-map radial PSD divided by bin 1
paper-texture-10-assumption,1915,1.0274299370909758e-05,37,per-map radial PSD divided by bin 1
paper-texture-10-assumption,1916,1.037382885819695e-05,37,per-map radial PSD divided by bin 1
paper-texture-10-assumption,1917,1.0331141911907452e-05,37,per-map radial PSD divided by bin 1
paper-texture-10-assumption,1918,1.0394041140464473e-05,37,per-map radial PSD divided by bin 1
paper-texture-10-assumption,1919,1.0290742525251462e-05,37,per-map radial PSD divided by bin 1
paper-texture-10-assumption,1920,1.0296229873265746e-05,37,per-map radial PSD divided by bin 1
paper-texture-10-assumption,1921,1.0364459891368037e-05,37,per-map radial PSD divided by bin 1
paper-texture-10-assumption,1922,1.0298835302138502e-05,37,per-map radial PSD divided by bin 1
paper-texture-10-assumption,1923,1.030043962042514e-05,37,per-map radial PSD divided by bin 1
paper-texture-10-assumption,1924,1.0254045344240705e-05,37,per-map radial PSD divided by bin 1
paper-texture-10-assumption,1925,1.0111961080197372e-05,37,per-map radial PSD divided by bin 1
paper-texture-10-assumption,1926,1.0236406282609757e-05,37,per-map radial PSD divided by bin 1
paper-texture-10-assumption,1927,1.022869274540318e-05,37,per-map radial PSD divided by bin 1
paper-texture-10-assumption,1928,1.0224757222817893e-05,37,per-map radial PSD divided by bin 1
paper-texture-10-assumption,1929,1.0246021130796694e-05,37,per-map radial PSD divided by bin 1
paper-texture-10-assumption,1930,1.0170651419647673e-05,37,per-map radial PSD divided by bin 1
paper-texture-10-assumption,1931,1.0162292944774084e-05,37,per-map radial PSD divided by bin 1
paper-texture-10-assumption,1932,1.0074679881632669e-05,37,per-map radial PSD divided by bin 1
paper-texture-10-assumption,1933,1.0148651087190691e-05,37,per-map radial PSD divided by bin 1
paper-texture-10-assumption,1934,1.0073109466292808e-05,37,per-map radial PSD divided by bin 1
paper-texture-10-assumption,1935,1.0070254720903631e-05,37,per-map radial PSD divided by bin 1
paper-texture-10-assumption,1936,1.000105719311068e-05,37,per-map radial PSD divided by bin 1
paper-texture-10-assumption,1937,1.0051979249720358e-05,37,per-map radial PSD divided by bin 1
paper-texture-10-assumption,1938,1.0040788846746693e-05,37,per-map radial PSD divided by bin 1
paper-texture-10-assumption,1939,1.0100988182116758e-05,37,per-map radial PSD divided by bin 1
paper-texture-10-assumption,1940,1.007828256527249e-05,37,per-map radial PSD divided by bin 1
paper-texture-10-assumption,1941,1.0095603247692155e-05,37,per-map radial PSD divided by bin 1
paper-texture-10-assumption,1942,1.0104508278736942e-05,37,per-map radial PSD divided by bin 1
paper-texture-10-assumption,1943,9.978126205501494e-06,37,per-map radial PSD divided by bin 1
paper-texture-10-assumption,1944,9.915973868081491e-06,37,per-map radial PSD divided by bin 1
paper-texture-10-assumption,1945,9.991061335111794e-06,37,per-map radial PSD divided by bin 1
paper-texture-10-assumption,1946,9.971695047601831e-06,37,per-map radial PSD divided by bin 1
paper-texture-10-assumption,1947,9.868092590855492e-06,37,per-map radial PSD divided by bin 1
paper-texture-10-assumption,1948,9.868797246452055e-06,37,per-map radial PSD divided by bin 1
paper-texture-10-assumption,1949,9.95614623740594e-06,37,per-map radial PSD divided by bin 1
paper-texture-10-assumption,1950,9.901928757583892e-06,37,per-map radial PSD divided by bin 1
paper-texture-10-assumption,1951,9.904716620414169e-06,37,per-map radial PSD divided by bin 1
paper-texture-10-assumption,1952,9.967546768541477e-06,37,per-map radial PSD divided by bin 1
paper-texture-10-assumption,1953,9.836965701837212e-06,37,per-map radial PSD divided by bin 1
paper-texture-10-assumption,1954,9.821597935837809e-06,37,per-map radial PSD divided by bin 1
paper-texture-10-assumption,1955,9.844840697220184e-06,37,per-map radial PSD divided by bin 1
paper-texture-10-assumption,1956,9.810404514599618e-06,37,per-map radial PSD divided by bin 1
paper-texture-10-assumption,1957,9.764713841065584e-06,37,per-map radial PSD divided by bin 1
paper-texture-10-assumption,1958,9.763385234428204e-06,37,per-map radial PSD divided by bin 1
paper-texture-10-assumption,1959,9.84715913703355e-06,37,per-map radial PSD divided by bin 1
paper-texture-10-assumption,1960,9.806174040962725e-06,37,per-map radial PSD divided by bin 1
paper-texture-10-assumption,1961,9.715722064265067e-06,37,per-map radial PSD divided by bin 1
paper-texture-10-assumption,1962,9.798192462992858e-06,37,per-map radial PSD divided by bin 1
paper-texture-10-assumption,1963,9.85388254106994e-06,37,per-map radial PSD divided by bin 1
paper-texture-10-assumption,1964,9.882217248461533e-06,37,per-map radial PSD divided by bin 1
paper-texture-10-assumption,1965,9.792254047077588e-06,37,per-map radial PSD divided by bin 1
paper-texture-10-assumption,1966,9.71401948337084e-06,37,per-map radial PSD divided by bin 1
paper-texture-10-assumption,1967,9.757359395971935e-06,37,per-map radial PSD divided by bin 1
paper-texture-10-assumption,1968,9.862221250243385e-06,37,per-map radial PSD divided by bin 1
paper-texture-10-assumption,1969,9.719722979256664e-06,37,per-map radial PSD divided by bin 1
paper-texture-10-assumption,1970,9.767926388569139e-06,37,per-map radial PSD divided by bin 1
paper-texture-10-assumption,1971,9.628401093585769e-06,37,per-map radial PSD divided by bin 1
paper-texture-10-assumption,1972,9.646733435824105e-06,37,per-map radial PSD divided by bin 1
paper-texture-10-assumption,1973,9.548646605468025e-06,37,per-map radial PSD divided by bin 1
paper-texture-10-assumption,1974,9.552967182096523e-06,37,per-map radial PSD divided by bin 1
paper-texture-10-assumption,1975,9.480043656042876e-06,37,per-map radial PSD divided by bin 1
paper-texture-10-assumption,1976,9.62907266608846e-06,37,per-map radial PSD divided by bin 1
paper-texture-10-assumption,1977,9.64973018521818e-06,37,per-map radial PSD divided by bin 1
paper-texture-10-assumption,1978,9.522895036781902e-06,37,per-map radial PSD divided by bin 1
paper-texture-10-assumption,1979,9.611080349993899e-06,37,per-map radial PSD divided by bin 1
paper-texture-10-assumption,1980,9.6692975599176e-06,37,per-map radial PSD divided by bin 1
paper-texture-10-assumption,1981,9.627038415440714e-06,37,per-map radial PSD divided by bin 1
paper-texture-10-assumption,1982,9.611226519489946e-06,37,per-map radial PSD divided by bin 1
paper-texture-10-assumption,1983,9.580364200852907e-06,37,per-map radial PSD divided by bin 1
paper-texture-10-assumption,1984,9.492202420375395e-06,37,per-map radial PSD divided by bin 1
paper-texture-10-assumption,1985,9.624126959941466e-06,37,per-map radial PSD divided by bin 1
paper-texture-10-assumption,1986,9.48034837321583e-06,37,per-map radial PSD divided by bin 1
paper-texture-10-assumption,1987,9.377840473120413e-06,37,per-map radial PSD divided by bin 1
paper-texture-10-assumption,1988,9.510602258801834e-06,37,per-map radial PSD divided by bin 1
paper-texture-10-assumption,1989,9.503041578142024e-06,37,per-map radial PSD divided by bin 1
paper-texture-10-assumption,1990,9.403551055116244e-06,37,per-map radial PSD divided by bin 1
paper-texture-10-assumption,1991,9.424906614086137e-06,37,per-map radial PSD divided by bin 1
paper-texture-10-assumption,1992,9.488136845149505e-06,37,per-map radial PSD divided by bin 1
paper-texture-10-assumption,1993,9.328675316742501e-06,37,per-map radial PSD divided by bin 1
paper-texture-10-assumption,1994,9.460880558657043e-06,37,per-map radial PSD divided by bin 1
paper-texture-10-assumption,1995,9.34823273670801e-06,37,per-map radial PSD divided by bin 1
paper-texture-10-assumption,1996,9.420414758678275e-06,37,per-map radial PSD divided by bin 1
paper-texture-10-assumption,1997,9.38236202714629e-06,37,per-map radial PSD divided by bin 1
paper-texture-10-assumption,1998,9.31925478838054e-06,37,per-map radial PSD divided by bin 1
paper-texture-10-assumption,1999,9.335197200504008e-06,37,per-map radial PSD divided by bin 1
paper-texture-10-assumption,2000,9.372293427002806e-06,37,per-map radial PSD divided by bin 1
paper-texture-10-assumption,2001,9.338061152181276e-06,37,per-map radial PSD divided by bin 1
paper-texture-10-assumption,2002,9.282113273137208e-06,37,per-map radial PSD divided by bin 1
paper-texture-10-assumption,2003,9.408510370255149e-06,37,per-map radial PSD divided by bin 1
paper-texture-10-assumption,2004,9.296590354793918e-06,37,per-map radial PSD divided by bin 1
paper-texture-10-assumption,2005,9.223895960967122e-06,37,per-map radial PSD divided by bin 1
paper-texture-10-assumption,2006,9.187865407623127e-06,37,per-map radial PSD divided by bin 1
paper-texture-10-assumption,2007,9.152901325494214e-06,37,per-map radial PSD divided by bin 1
paper-texture-10-assumption,2008,9.241690855047147e-06,37,per-map radial PSD divided by bin 1
paper-texture-10-assumption,2009,9.169796066344407e-06,37,per-map radial PSD divided by bin 1
paper-texture-10-assumption,2010,9.1946743381144e-06,37,per-map radial PSD divided by bin 1
paper-texture-10-assumption,2011,9.223129901852214e-06,37,per-map radial PSD divided by bin 1
paper-texture-10-assumption,2012,9.243643252400092e-06,37,per-map radial PSD divided by bin 1
paper-texture-10-assumption,2013,9.129935897510484e-06,37,per-map radial PSD divided by bin 1
paper-texture-10-assumption,2014,9.151748403551587e-06,37,per-map radial PSD divided by bin 1
paper-texture-10-assumption,2015,9.143124463468764e-06,37,per-map radial PSD divided by bin 1
paper-texture-10-assumption,2016,9.121959702671138e-06,37,per-map radial PSD divided by bin 1
paper-texture-10-assumption,2017,9.163685096428596e-06,37,per-map radial PSD divided by bin 1
paper-texture-10-assumption,2018,9.089236644789482e-06,37,per-map radial PSD divided by bin 1
paper-texture-10-assumption,2019,9.101299671183252e-06,37,per-map radial PSD divided by bin 1
paper-texture-10-assumption,2020,9.153082519469494e-06,37,per-map radial PSD divided by bin 1
paper-texture-10-assumption,2021,9.090249275439672e-06,37,per-map radial PSD divided by bin 1
paper-texture-10-assumption,2022,9.202178323926739e-06,37,per-map radial PSD divided by bin 1
paper-texture-10-assumption,2023,9.130477422049931e-06,37,per-map radial PSD divided by bin 1
paper-texture-10-assumption,2024,9.133491053623722e-06,37,per-map radial PSD divided by bin 1
paper-texture-10-assumption,2025,9.18773570273353e-06,37,per-map radial PSD divided by bin 1
paper-texture-10-assumption,2026,9.084076457781986e-06,37,per-map radial PSD divided by bin 1
paper-texture-10-assumption,2027,9.150862694613939e-06,37,per-map radial PSD divided by bin 1
paper-texture-10-assumption,2028,9.147207182057713e-06,37,per-map radial PSD divided by bin 1
paper-texture-10-assumption,2029,9.121986718051857e-06,37,per-map radial PSD divided by bin 1
paper-texture-10-assumption,2030,9.059018424901647e-06,37,per-map radial PSD divided by bin 1
paper-texture-10-assumption,2031,9.03755117656508e-06,37,per-map radial PSD divided by bin 1
paper-texture-10-assumption,2032,9.01286979325865e-06,37,per-map radial PSD divided by bin 1
paper-texture-10-assumption,2033,9.024351475791555e-06,37,per-map radial PSD divided by bin 1
paper-texture-10-assumption,2034,9.020738011335434e-06,37,per-map radial PSD divided by bin 1
paper-texture-10-assumption,2035,9.01611428197672e-06,37,per-map radial PSD divided by bin 1
paper-texture-10-assumption,2036,9.139979272362853e-06,37,per-map radial PSD divided by bin 1
paper-texture-10-assumption,2037,9.06878461826533e-06,37,per-map radial PSD divided by bin 1
paper-texture-10-assumption,2038,8.998857511541905e-06,37,per-map radial PSD divided by bin 1
paper-texture-10-assumption,2039,9.07630873867099e-06,37,per-map radial PSD divided by bin 1
paper-texture-10-assumption,2040,9.094115882318282e-06,37,per-map radial PSD divided by bin 1
paper-texture-10-assumption,2041,8.908439790119837e-06,37,per-map radial PSD divided by bin 1
paper-texture-10-assumption,2042,8.916888490104263e-06,37,per-map radial PSD divided by bin 1
paper-texture-10-assumption,2043,8.975392601619242e-06,37,per-map radial PSD divided by bin 1
paper-texture-10-assumption,2044,9.063543200247223e-06,37,per-map radial PSD divided by bin 1
paper-texture-10-assumption,2045,9.212253178765005e-06,37,per-map radial PSD divided by bin 1
paper-texture-10-assumption,2046,9.054487897726528e-06,37,per-map radial PSD divided by bin 1
paper-texture-10-assumption,2047,9.004903227395624e-06,37,per-map radial PSD divided by bin 1
paper-texture-10-assumption,2048,8.793157210287242e-06,37,per-map radial PSD divided by bin 1
