instance,method,seed,psnr,ssim,AO,ARM,DIFF,Displacement,metal,normal,rough,specular,encoder_params,decoder_params,total_params,compression_factor,elapsed_seconds,job_index,job_shard_rank,job_shard_world_size,git_commit,git_dirty
aerial-rocks-02,BI-Grid,0,39.6844742013419,0.9500003904104233,,36.48735393853322,36.10667718218131,56.171547262352064,,29.97231842230102,,,17825792,10252,17836044,11.287625888341607,1389.9330183769998,6,0,2,b772b1e403cb170b28475f0ef765e6b1310e7649,True
aerial-rocks-02,BI-Grid,1,39.643833966683715,0.9494754374027252,,36.48758728759507,36.06997110470685,56.12252746372556,,29.89525001070737,,,17825792,10252,17836044,11.287625888341607,1390.1450310130003,7,0,2,b772b1e403cb170b28475f0ef765e6b1310e7649,True
aerial-rocks-02,BI-Grid,2,39.68938223791578,0.9498700797557831,,36.462672977981526,36.184933764055714,56.19887748208097,,29.911044727544905,,,17825792,10252,17836044,11.287625888341607,1390.5604895540018,8,0,2,b772b1e403cb170b28475f0ef765e6b1310e7649,True
aerial-rocks-02,Grid-PEPS4F,0,39.31390273425323,0.9377203434705734,,36.060627772881915,35.67329643583883,56.02509099398445,,29.496595734307736,,,17825792,18956,17844748,11.282120207021135,3819.827361771,9,1,2,b772b1e403cb170b28475f0ef765e6b1310e7649,True
aerial-rocks-02,Grid-PEPS4F,1,39.459198035125745,0.9398119449615479,,36.10748949508932,36.19158877226775,56.010496523058826,,29.52721735008708,,,17825792,18956,17844748,11.282120207021135,3819.051886931,10,1,2,b772b1e403cb170b28475f0ef765e6b1310e7649,True
aerial-rocks-02,Grid-PEPS4F,2,39.34137096470116,0.9377578049898148,,36.05664849555615,35.81206112531062,56.02967844195555,,29.46709579598234,,,17825792,18956,17844748,11.282120207021135,3818.5722929749973,11,1,2,b772b1e403cb170b28475f0ef765e6b1310e7649,True
aerial-rocks-02,Grid-PEPS4F-25,0,38.476801208535164,0.9221606999635696,,35.20028633087458,34.224997103950216,55.98351455615037,,28.4984068431655,,,13631488,16652,13648140,14.751210934237193,2980.642984719998,21,1,2,b772b1e403cb170b28475f0ef765e6b1310e7649,True
aerial-rocks-02,Grid-PEPS4F-25,1,38.492981072192485,0.9229195863008499,,35.244140328078025,34.298342951762606,56.00615997045377,,28.423281038475537,,,13631488,16652,13648140,14.751210934237193,2981.373406753999,22,1,2,b772b1e403cb170b28475f0ef765e6b1310e7649,True
aerial-rocks-02,Grid-PEPS4F-25,2,38.44225274912194,0.9221466481685638,,35.13276323323527,34.22851816520408,56.01984092136263,,28.38788867668579,,,13631488,16652,13648140,14.751210934237193,2982.0391326789977,23,1,2,b772b1e403cb170b28475f0ef765e6b1310e7649,True
aerial-rocks-02,Grid-PinkPEPS4F,0,39.6002463819279,0.9433009177446365,,36.095735833760386,36.440968040749716,56.080320235467696,,29.7839614177338,,,17825792,12172,17837964,11.286410937929912,3181.383666532998,12,0,2,b772b1e403cb170b28475f0ef765e6b1310e7649,True
aerial-rocks-02,Grid-PinkPEPS4F,1,39.625226807784074,0.9428179115056992,,36.21945671723428,36.526212346154736,56.07365613049522,,29.681582037252046,,,17825792,12172,17837964,11.286410937929912,3180.8724567369973,13,0,2,b772b1e403cb170b28475f0ef765e6b1310e7649,True
aerial-rocks-02,Grid-PinkPEPS4F,2,39.63779806965012,0.9429116249084473,,36.17902666291901,36.63178074817593,56.09420504736775,,29.646179820137768,,,17825792,12172,17837964,11.286410937929912,3182.4253965929965,14,0,2,b772b1e403cb170b28475f0ef765e6b1310e7649,True
aerial-rocks-02,Grid-PinkPEPS4F-25,0,38.65746056489078,0.9265606850385666,,35.415703165138964,34.90131472690945,56.00660248640206,,28.306221881112666,,,13631488,11404,13642892,14.75688527036643,2606.5189792269957,24,0,2,b772b1e403cb170b28475f0ef765e6b1310e7649,True
aerial-rocks-02,Grid-PinkPEPS4F-25,1,38.63361724303047,0.9263584613800049,,35.3802167180236,34.91833302802708,56.058209287853884,,28.177709938217316,,,13631488,11404,13642892,14.75688527036643,2607.0448206179935,25,0,2,b772b1e403cb170b28475f0ef765e6b1310e7649,True
aerial-rocks-02,Grid-PinkPEPS4F-25,2,38.613266372986736,0.9261721819639206,,35.38479561157825,34.81675529765435,56.05394665062818,,28.19756793208616,,,13631488,11404,13642892,14.75688527036643,2605.643139448999,26,0,2,b772b1e403cb170b28475f0ef765e6b1310e7649,True
aerial-rocks-02,LPE,0,38.58378639803191,0.9317059218883514,,35.23251205777139,34.22232225679223,56.0480263634762,,28.83228491408783,,,16777216,10188,16787404,11.992717396924503,1399.6517739369992,0,0,2,b772b1e403cb170b28475f0ef765e6b1310e7649,True
aerial-rocks-02,LPE,1,38.5993130770631,0.9310549944639206,,35.2487082660278,34.28123171890109,56.012567464205986,,28.854744859117517,,,16777216,10188,16787404,11.992717396924503,1397.3491261279996,1,0,2,b772b1e403cb170b28475f0ef765e6b1310e7649,True
aerial-rocks-02,LPE,2,38.37317512811421,0.9259310513734818,,35.09522630379335,33.91841006358785,56.077898142652806,,28.401166002422826,,,16777216,10188,16787404,11.992717396924503,1398.4140032760006,2,0,2,b772b1e403cb170b28475f0ef765e6b1310e7649,True
aerial-rocks-02,NTC_N,0,38.006251902822555,0.9371910691261292,,35.24525542952546,34.868357419924145,53.081135976917366,,28.83025878492326,,,17825792,14284,17840076,11.285074794524418,1707.9403581530005,3,1,2,b772b1e403cb170b28475f0ef765e6b1310e7649,True
aerial-rocks-02,NTC_N,1,38.09920068739849,0.9373477548360825,,35.43489129042645,34.84796812728146,53.2068086947707,,28.907134637115366,,,17825792,14284,17840076,11.285074794524418,1710.2719637829996,4,1,2,b772b1e403cb170b28475f0ef765e6b1310e7649,True
aerial-rocks-02,NTC_N,2,38.07132752876546,0.9371455311775208,,35.179343353661665,34.897504922278856,53.28995041686815,,28.91851142225316,,,17825792,14284,17840076,11.285074794524418,1709.5770312860004,5,1,2,b772b1e403cb170b28475f0ef765e6b1310e7649,True
aerial-rocks-02,NTC_PEPS,0,38.33022378465813,0.9315547496080399,,35.525568012711226,35.98234922164006,52.69619363522007,,29.11678426906117,,,17825792,49100,17874892,11.263094177016566,4464.13215202,15,1,2,b772b1e403cb170b28475f0ef765e6b1310e7649,True
aerial-rocks-02,NTC_PEPS,1,38.32296783711041,0.931575283408165,,35.475982743593796,35.97143432946268,52.68976324040664,,29.154691034978516,,,17825792,49100,17874892,11.263094177016566,4479.4671529359985,16,1,2,b772b1e403cb170b28475f0ef765e6b1310e7649,True
aerial-rocks-02,NTC_PEPS,2,38.18933131672339,0.9284824281930923,,35.39521452567228,35.60311660005556,52.68035914177601,,29.078634999389724,,,17825792,49100,17874892,11.263094177016566,4479.409272057004,17,1,2,b772b1e403cb170b28475f0ef765e6b1310e7649,True
aerial-rocks-02,NTC_PEPS-25,0,37.193749695192125,0.9106994420289993,,34.45973594944037,33.912424606408834,52.6098418579863,,27.79299636693301,,,13369344,39308,13408652,15.014677985527554,3582.111622006996,27,1,2,b772b1e403cb170b28475f0ef765e6b1310e7649,True
aerial-rocks-02,NTC_PEPS-25,1,37.24801984099563,0.9113701581954956,,34.50419710990979,33.99895342163718,52.61338402707768,,27.875544805357876,,,13369344,39308,13408652,15.014677985527554,3581.3465619229974,28,1,2,b772b1e403cb170b28475f0ef765e6b1310e7649,True
aerial-rocks-02,NTC_PEPS-25,2,37.244050465365326,0.9118529707193375,,34.53611621506915,33.79892162315694,52.63805523096079,,28.003108792274425,,,13369344,39308,13408652,15.014677985527554,3582.4284484039963,29,1,2,b772b1e403cb170b28475f0ef765e6b1310e7649,True
aerial-rocks-02,NTC_PinkPEPS,0,38.10845016377529,0.9283263236284256,,35.295846189559114,35.52025437436861,53.04755634195189,,28.570143749221533,,,17825792,22348,17848140,11.279976064732796,5462.434992520997,18,0,2,b772b1e403cb170b28475f0ef765e6b1310e7649,True
aerial-rocks-02,NTC_PinkPEPS,1,38.096435556077736,0.9305979162454605,,35.22747839917779,35.80610240889214,52.74043997596255,,28.611721440278476,,,17825792,22348,17848140,11.279976064732796,5461.650757367002,19,0,2,b772b1e403cb170b28475f0ef765e6b1310e7649,True
aerial-rocks-02,NTC_PinkPEPS,2,38.24372715135498,0.931408479809761,,35.18782971422689,36.212106568447936,52.82701883881852,,28.74795348392659,,,17825792,22348,17848140,11.279976064732796,5460.685263829,20,0,2,b772b1e403cb170b28475f0ef765e6b1310e7649,True
aerial-rocks-02,NTC_PinkPEPS-25,0,37.16584631709961,0.9137954264879227,,34.467435578125205,34.039686212230514,52.66730124860789,,27.488962229434826,,,13369344,19084,13388428,15.03735853081482,4435.728239961994,30,0,2,b772b1e403cb170b28475f0ef765e6b1310e7649,True
aerial-rocks-02,NTC_PinkPEPS-25,1,37.300276598921,0.9148459136486053,,34.638226036637654,34.22786833033226,52.6993480592644,,27.6356639694497,,,13369344,19084,13388428,15.03735853081482,4436.712269723997,31,0,2,b772b1e403cb170b28475f0ef765e6b1310e7649,True
aerial-rocks-02,NTC_PinkPEPS-25,2,37.166446822014684,0.9127580523490906,,34.522648496528376,33.999162921728086,52.69331688148414,,27.450658988318143,,,13369344,19084,13388428,15.03735853081482,4436.50784989199,32,0,2,b772b1e403cb170b28475f0ef765e6b1310e7649,True
bench-vice-01,BI-Grid,0,30.098334550778688,0.8571847478548685,,31.067055122428204,34.311600404376115,,,24.916348125531748,,,17825792,10057,17835849,8.465811972281218,1399.8676773619954,39,1,2,b772b1e403cb170b28475f0ef765e6b1310e7649,True
bench-vice-01,BI-Grid,1,30.040286333916267,0.852773904800415,,31.142481321186445,34.37514138489542,,,24.60323629566693,,,17825792,10057,17835849,8.465811972281218,1401.168985314005,40,1,2,b772b1e403cb170b28475f0ef765e6b1310e7649,True
bench-vice-01,BI-Grid,2,30.029288246689003,0.8538512388865153,,31.07542466257143,34.31927362717576,,,24.69316645031981,,,17825792,10057,17835849,8.465811972281218,1400.5386919159937,41,1,2,b772b1e403cb170b28475f0ef765e6b1310e7649,True
bench-vice-01,Grid-PEPS4F,0,30.65856616770073,0.8691304127375284,,31.336851417896398,34.5674300067707,,,26.071417078435097,,,17825792,18761,17844553,8.461682621021664,3854.5528137770016,42,0,2,b772b1e403cb170b28475f0ef765e6b1310e7649,True
bench-vice-01,Grid-PEPS4F,1,30.844782174113778,0.8690969347953796,,31.73334002916868,34.67573217907197,,,26.12527431410069,,,17825792,18761,17844553,8.461682621021664,3853.658336214008,43,0,2,b772b1e403cb170b28475f0ef765e6b1310e7649,True
bench-vice-01,Grid-PEPS4F,2,30.833213079622613,0.8682569662729899,,31.681334340736225,34.72895198629966,,,26.089352911831956,,,17825792,18761,17844553,8.461682621021664,3853.3793766519957,44,0,2,b772b1e403cb170b28475f0ef765e6b1310e7649,True
bench-vice-01,Grid-PEPS4F-25,0,29.837968564191044,0.8288816610972086,,30.875893993232573,34.11205005389775,,,24.525961645442816,,,13631488,16457,13647945,11.063566273164202,2973.955641110995,54,0,2,69d50e4d73d98d5ee2f1baed1f9faf11d2ca39b8,True
bench-vice-01,Grid-PEPS4F-25,1,29.90476100487925,0.8376303513844808,,30.86839760829484,34.10858501724364,,,24.737300389099275,,,13631488,16457,13647945,11.063566273164202,2973.6252244149946,55,0,2,69d50e4d73d98d5ee2f1baed1f9faf11d2ca39b8,True
bench-vice-01,Grid-PEPS4F-25,2,29.894242756660805,0.8379346330960592,,31.001192368783627,34.03192902225813,,,24.64960687894066,,,13631488,16457,13647945,11.063566273164202,2973.49465547,56,0,2,69d50e4d73d98d5ee2f1baed1f9faf11d2ca39b8,True
bench-vice-01,Grid-PinkPEPS4F,0,30.85493696322138,0.8693459828694662,,31.80051274014684,34.65852005923842,,,26.10577809027889,,,17825792,11977,17837769,8.464900739548764,3186.6648386000015,45,1,2,b772b1e403cb170b28475f0ef765e6b1310e7649,True
bench-vice-01,Grid-PinkPEPS4F,1,30.80783785671153,0.8636418978373209,,31.711503190301322,35.10452570837213,,,25.607484671461137,,,17825792,11977,17837769,8.464900739548764,3185.110881116998,46,1,2,b772b1e403cb170b28475f0ef765e6b1310e7649,True
bench-vice-01,Grid-PinkPEPS4F,2,30.86539777869739,0.8691971302032471,,31.94747274255775,34.811920645600985,,,25.83679994793343,,,17825792,11977,17837769,8.464900739548764,3185.9424621439975,47,1,2,b772b1e403cb170b28475f0ef765e6b1310e7649,True
bench-vice-01,Grid-PinkPEPS4F-25,0,29.903383768546504,0.8394673069318136,,30.71874674459685,34.23367545145736,,,24.75772910958531,,,13631488,11209,13642697,11.067822146896614,2608.1175975829974,57,1,2,69d50e4d73d98d5ee2f1baed1f9faf11d2ca39b8,True
bench-vice-01,Grid-PinkPEPS4F-25,1,29.885597753079896,0.839719275633494,,30.914237680987874,33.899814701075854,,,24.84274087717596,,,13631488,11209,13642697,11.067822146896614,2607.595660770996,58,1,2,69d50e4d73d98d5ee2f1baed1f9faf11d2ca39b8,True
bench-vice-01,Grid-PinkPEPS4F-25,2,30.037819883064042,0.839686115582784,,31.238811910074507,34.259357992888496,,,24.615289746229124,,,13631488,11209,13642697,11.067822146896614,2607.7927115789935,59,1,2,69d50e4d73d98d5ee2f1baed1f9faf11d2ca39b8,True
bench-vice-01,LPE,0,29.501452086078842,0.8496337135632833,,30.30695229722388,33.34124380667812,,,24.856160154334532,,,16777216,9993,16787209,8.994642528129601,1397.4810365640005,33,1,2,b772b1e403cb170b28475f0ef765e6b1310e7649,True
bench-vice-01,LPE,1,29.606942515833726,0.8532918492952982,,30.36051586939375,33.418411185224166,,,25.041900492883265,,,16777216,9993,16787209,8.994642528129601,1398.3833746750024,34,1,2,b772b1e403cb170b28475f0ef765e6b1310e7649,True
bench-vice-01,LPE,2,29.494581900787054,0.8536930481592814,,30.15470191810966,33.10463791993773,,,25.224405864313777,,,16777216,9993,16787209,8.994642528129601,1398.1519230970007,35,1,2,b772b1e403cb170b28475f0ef765e6b1310e7649,True
bench-vice-01,NTC_N,0,29.566885319578947,0.8469637632369995,,30.545222324664543,33.381806755644945,,,24.773626878427358,,,17825792,14089,17839881,8.46389861008602,1697.8884997089917,36,0,2,b772b1e403cb170b28475f0ef765e6b1310e7649,True
bench-vice-01,NTC_N,1,29.501063185246185,0.8380317091941833,,30.652426163144682,33.60199312935255,,,24.248770263241326,,,17825792,14089,17839881,8.46389861008602,1695.1120217849966,37,0,2,b772b1e403cb170b28475f0ef765e6b1310e7649,True
bench-vice-01,NTC_N,2,29.772722741057617,0.8519521355628967,,30.67506243353754,33.81458915363136,,,24.828516636003943,,,17825792,14089,17839881,8.46389861008602,1693.8044121280109,38,0,2,b772b1e403cb170b28475f0ef765e6b1310e7649,True
bench-vice-01,NTC_PEPS,0,31.257362717107245,0.8767191767692566,,31.661451969216582,35.13132027162124,,,26.979315910483916,,,17825792,48905,17874697,8.447412786913254,4446.717968394005,48,0,2,b772b1e403cb170b28475f0ef765e6b1310e7649,True
bench-vice-01,NTC_PEPS,1,31.18019480230393,0.8733958204587301,,31.814693992609197,34.97287937904821,,,26.753011035254385,,,17825792,48905,17874697,8.447412786913254,4446.805697879012,49,0,2,b772b1e403cb170b28475f0ef765e6b1310e7649,True
bench-vice-01,NTC_PEPS,2,31.269440152023368,0.8707964022954305,,32.431371151195535,34.67775503366979,,,26.69919427120478,,,17825792,48905,17874697,8.447412786913254,4447.560973924003,50,0,2,69d50e4d73d98d5ee2f1baed1f9faf11d2ca39b8,True
bench-vice-01,NTC_PEPS-25,0,30.144325257419343,0.8410850167274475,,31.009983791279367,34.04078855496196,,,25.3822034260167,,,13369344,39113,13408457,11.26117225867227,3568.055754671994,60,0,2,c3f7fa875a356de41b2e3ab1530c8995e30ebcfe,True
bench-vice-01,NTC_PEPS-25,1,30.238446180954497,0.8455497622489929,,30.948376211563826,34.20857658725373,,,25.558385744045935,,,13369344,39113,13408457,11.26117225867227,3567.0301265090093,61,0,2,c3f7fa875a356de41b2e3ab1530c8995e30ebcfe,True
bench-vice-01,NTC_PEPS-25,2,30.3650803061886,0.8494023084640503,,31.275155106990184,34.186115967931855,,,25.63396984364376,,,13369344,39113,13408457,11.26117225867227,3566.589047652,62,0,2,c3f7fa875a356de41b2e3ab1530c8995e30ebcfe,True
bench-vice-01,NTC_PinkPEPS,0,31.218962029608917,0.8773389061292013,,31.994881772264335,35.01093849397391,,,26.651065822588507,,,17825792,22153,17847945,8.460074479162728,5480.493741478,51,1,2,b772b1e403cb170b28475f0ef765e6b1310e7649,True
bench-vice-01,NTC_PinkPEPS,1,31.378592603550675,0.8811520139376322,,32.283701618495634,34.90464572209304,,,26.947430470063352,,,17825792,22153,17847945,8.460074479162728,5482.078895108003,52,1,2,b772b1e403cb170b28475f0ef765e6b1310e7649,True
bench-vice-01,NTC_PinkPEPS,2,31.449317238711433,0.8785902460416158,,32.539606789869005,34.88360087053905,,,26.924744055726244,,,17825792,22153,17847945,8.460074479162728,5482.709337816996,53,1,2,b772b1e403cb170b28475f0ef765e6b1310e7649,True
bench-vice-01,NTC_PinkPEPS-25,0,30.110783283505885,0.8474195202191671,,30.807072520797885,34.036096565486815,,,25.489180764232955,,,13369344,18889,13388233,11.278183162781826,4442.337801877002,63,1,2,69d50e4d73d98d5ee2f1baed1f9faf11d2ca39b8,True
bench-vice-01,NTC_PinkPEPS-25,1,30.234476636052467,0.8514695366223654,,30.953477662598736,34.13812501600114,,,25.61182722955753,,,13369344,18889,13388233,11.278183162781826,4442.504981919003,64,1,2,c3f7fa875a356de41b2e3ab1530c8995e30ebcfe,True
bench-vice-01,NTC_PinkPEPS-25,2,30.03623055351763,0.8482206662495931,,30.868813511828492,33.835906028486924,,,25.40397212023748,,,13369344,18889,13388233,11.278183162781826,4442.965515787,65,1,2,c3f7fa875a356de41b2e3ab1530c8995e30ebcfe,True
bricks-090,BI-Grid,0,42.12934571250278,0.9525266885757446,39.80215461491251,,39.59414469634539,58.375658469706444,,34.31935837288992,38.555412408659656,,17825792,10447,17836239,14.10937810375831,1401.2380120140006,72,0,2,c3f7fa875a356de41b2e3ab1530c8995e30ebcfe,True
bricks-090,BI-Grid,1,42.05353315192087,0.9515093326568603,39.97880909406054,,39.19061466116656,58.74110371540269,,34.32876859213542,38.02836969683913,,17825792,10447,17836239,14.10937810375831,1400.1125969770073,73,0,2,c3f7fa875a356de41b2e3ab1530c8995e30ebcfe,True
bricks-090,BI-Grid,2,42.136394021424124,0.9523115634918213,40.04499757441265,,39.38854306018169,58.53840691916639,,34.34923564830354,38.36078690505635,,17825792,10447,17836239,14.10937810375831,1399.4761858139973,74,0,2,c3f7fa875a356de41b2e3ab1530c8995e30ebcfe,True
bricks-090,Grid-PEPS4F,0,41.929316922012916,0.9431812763214111,38.483035266537236,,40.06211796278964,57.77342850574914,,33.27804210284029,40.04996077214825,,17825792,19151,17844943,14.102496152551455,3831.074032294986,75,1,2,c3f7fa875a356de41b2e3ab1530c8995e30ebcfe,True
bricks-090,Grid-PEPS4F,1,42.05471186313081,0.9443926334381103,38.463440442401556,,40.36463207833957,57.69761842711364,,33.0417546181612,40.7061137496381,,17825792,19151,17844943,14.102496152551455,3830.9208881349914,76,1,2,c3f7fa875a356de41b2e3ab1530c8995e30ebcfe,True
bricks-090,Grid-PEPS4F,2,41.96755788714634,0.9435527682304382,38.61275575084959,,39.94199286209216,58.046799472741164,,33.43068005896662,39.805561291082185,,17825792,19151,17844943,14.102496152551455,3830.1159393810085,77,1,2,c3f7fa875a356de41b2e3ab1530c8995e30ebcfe,True
bricks-090,Grid-PEPS4F-25,0,40.64821210039887,0.9293063879013062,37.599872122687984,,38.24071296414709,57.14318009499421,,32.445302642590576,37.81199267757451,,13631488,16847,13648335,18.438750221180825,2957.0352615540032,87,1,2,687a3310d0ab2ecf213197615433f6ae7c2a8a13,True
bricks-090,Grid-PEPS4F-25,1,40.74471835235939,0.930155086517334,37.779113326050606,,38.29007149199069,57.49353564635507,,32.34245978264353,37.81841151475708,,13631488,16847,13648335,18.438750221180825,2958.110515358014,88,1,2,687a3310d0ab2ecf213197615433f6ae7c2a8a13,True
bricks-090,Grid-PEPS4F-25,2,40.88852018769894,0.9315592885017395,37.91553342164797,,38.339323492694334,57.70374077026059,,32.55691822123459,37.9270850326572,,13631488,16847,13648335,18.438750221180825,2959.3836500140023,89,1,2,687a3310d0ab2ecf213197615433f6ae7c2a8a13,True
bricks-090,Grid-PinkPEPS4F,0,42.34155337115418,0.947942590713501,39.15225326369202,,40.50357411172306,58.19271521480864,,33.436140133206415,40.423084132340755,,17825792,12367,17838159,14.107859448948739,3191.082139754988,78,0,2,c3f7fa875a356de41b2e3ab1530c8995e30ebcfe,True
bricks-090,Grid-PinkPEPS4F,1,42.34143337141285,0.9476033568382263,38.95400539706721,,40.61436524725461,58.208547725765456,,33.35094563265956,40.57930285431741,,17825792,12367,17838159,14.107859448948739,3191.9596095150046,79,0,2,c3f7fa875a356de41b2e3ab1530c8995e30ebcfe,True
bricks-090,Grid-PinkPEPS4F,2,42.308891531515926,0.9466506481170655,38.977514732044554,,40.54693406360124,58.286194033205724,,33.32768564672757,40.40612918200054,,17825792,12367,17838159,14.107859448948739,3190.1366057520063,80,0,2,c3f7fa875a356de41b2e3ab1530c8995e30ebcfe,True
bricks-090,Grid-PinkPEPS4F-25,0,40.867514712925775,0.9328362822532654,38.12347749121312,,38.30455045765546,57.6780312125479,,32.66314443458068,37.56836996863173,,13631488,11599,13643087,18.445842938625255,2609.4079102349933,90,0,2,687a3310d0ab2ecf213197615433f6ae7c2a8a13,True
bricks-090,Grid-PinkPEPS4F-25,1,40.9336800618424,0.9327335357666016,38.331867407776016,,38.3260288297099,57.79890080289721,,32.590164843753875,37.62143842507503,,13631488,11599,13643087,18.445842938625255,2608.6438992780168,91,0,2,687a3310d0ab2ecf213197615433f6ae7c2a8a13,True
bricks-090,Grid-PinkPEPS4F-25,2,40.90967804542847,0.9332549452781678,38.17624603589099,,38.34534404769565,57.83747305602573,,32.62498216479202,37.56434492273797,,13631488,11599,13643087,18.445842938625255,2610.295866520988,92,0,2,687a3310d0ab2ecf213197615433f6ae7c2a8a13,True
bricks-090,LPE,0,40.90459786603883,0.9382260918617249,38.56351873563416,,37.76567694691832,57.89878349028177,,33.12450940033537,37.1705007570245,,16777216,10383,16787599,14.99072261614064,1401.572282246998,66,0,2,c3f7fa875a356de41b2e3ab1530c8995e30ebcfe,True
bricks-090,LPE,1,41.13258082131216,0.9413285732269288,38.92668293297802,,37.9604978806509,58.08909350961835,,33.43564160347482,37.25098817983873,,16777216,10383,16787599,14.99072261614064,1407.2549135139998,67,0,2,c3f7fa875a356de41b2e3ab1530c8995e30ebcfe,True
bricks-090,LPE,2,40.97014512753064,0.9396974802017212,38.4995714454653,,37.90938932045022,57.98253858063962,,33.204039584835,37.25518670626306,,16777216,10383,16787599,14.99072261614064,1406.4881725070009,68,0,2,c3f7fa875a356de41b2e3ab1530c8995e30ebcfe,True
bricks-090,NTC_N,0,41.042199785718054,0.9483681440353393,38.84527563833003,,38.80973151047053,55.69403724580474,,33.65824902710768,38.2037055068773,,17825792,14479,17840271,14.106189306205046,1709.4026516919985,69,1,2,c3f7fa875a356de41b2e3ab1530c8995e30ebcfe,True
bricks-090,NTC_N,1,41.23626576615909,0.9490105032920837,38.69913025346787,,39.39834522279632,55.67360491042422,,33.32573967403021,39.084508770076816,,17825792,14479,17840271,14.106189306205046,1713.2907065219915,70,1,2,c3f7fa875a356de41b2e3ab1530c8995e30ebcfe,True
bricks-090,NTC_N,2,41.03195838204192,0.9470851302146912,38.75187404617999,,39.04236882947641,55.676628972552436,,33.130338951987,38.558581110013776,,17825792,14479,17840271,14.106189306205046,1712.6301853850018,71,1,2,c3f7fa875a356de41b2e3ab1530c8995e30ebcfe,True
bricks-090,NTC_PEPS,0,42.35464647461365,0.9474777936935425,38.56681603072496,,41.07260823992079,55.666343363381415,,33.317192024309115,43.150272714731976,,17825792,49295,17875087,14.078714134370367,4476.815768809,81,1,2,c3f7fa875a356de41b2e3ab1530c8995e30ebcfe,True
bricks-090,NTC_PEPS,1,42.26351111267364,0.9465437889099121,38.22499919225426,,41.16628916622665,55.54830032731359,,33.18656115041885,43.19140572715489,,17825792,49295,17875087,14.078714134370367,4476.40584310799,82,1,2,c3f7fa875a356de41b2e3ab1530c8995e30ebcfe,True
bricks-090,NTC_PEPS,2,42.27573312722585,0.9469666242599487,38.3439842276682,,41.135570625470166,55.51843346360109,,33.30881550642221,43.071861812967605,,17825792,49295,17875087,14.078714134370367,1631.4427321980183,83,1,2,687a3310d0ab2ecf213197615433f6ae7c2a8a13,True
bricks-090,NTC_PEPS-25,0,40.76860998938844,0.9331892490386963,37.32943587555695,,39.36610599764436,54.70407034929309,,32.45028794631448,39.993149778133315,,13369344,39503,13408847,18.768074540637237,3579.336907377001,93,1,2,687a3310d0ab2ecf213197615433f6ae7c2a8a13,True
bricks-090,NTC_PEPS-25,1,40.6860070855398,0.9323145627975464,37.14964766424388,,39.311817140587706,54.69737815164133,,32.35003566837645,39.921156802849644,,13369344,39503,13408847,18.768074540637237,3578.2680686899985,94,1,2,687a3310d0ab2ecf213197615433f6ae7c2a8a13,True
bricks-090,NTC_PEPS-25,2,40.64847671397262,0.9311474323272705,37.31590267321237,,39.20141466666348,54.71022250459008,,32.20422836001137,39.81061536538581,,13369344,39503,13408847,18.768074540637237,3578.3754213579814,95,1,2,56b21bd2ca5aaae8c0981cccb2a90a0ffb3e4254,True
bricks-090,NTC_PinkPEPS,0,42.1094818182511,0.9466079831123352,38.665155958504826,,40.81428631270403,55.69788114213846,,33.10966096280836,42.26042471509983,,17825792,22543,17848335,14.099816033260245,5464.818509956996,84,0,2,c3f7fa875a356de41b2e3ab1530c8995e30ebcfe,True
bricks-090,NTC_PinkPEPS,1,42.270379714055274,0.9468013405799866,38.40786555939454,,41.21261991971195,55.60521145711144,,33.007988829333584,43.11821280472486,,17825792,22543,17848335,14.099816033260245,238.5374670389865,85,0,2,4edab9a8cb98afb67a9e8371a383259edb4baa27,True
bricks-090,NTC_PinkPEPS,2,42.113873555272974,0.946143913269043,38.50385259725644,,41.00818312635438,55.452255699619,,32.83059126492212,42.7744850882129,,17825792,22543,17848335,14.099816033260245,5456.953397250996,86,0,2,687a3310d0ab2ecf213197615433f6ae7c2a8a13,True
bricks-090,NTC_PinkPEPS-25,0,40.63035812461386,0.9318745374679566,37.058225897693816,,39.37072454565421,54.72648137625458,,32.06920399021291,39.927154813253786,,13369344,19279,13388623,18.796424397042177,4448.7127049610135,96,0,2,687a3310d0ab2ecf213197615433f6ae7c2a8a13,True
bricks-090,NTC_PinkPEPS-25,1,40.51423370275607,0.9306203603744507,37.06037210072605,,39.24138501703524,54.44347506755388,,32.05080492887671,39.7751313995885,,13369344,19279,13388623,18.796424397042177,4447.21038875301,97,0,2,56b21bd2ca5aaae8c0981cccb2a90a0ffb3e4254,True
bricks-090,NTC_PinkPEPS-25,2,40.5768210767962,0.9316423416137696,36.993753046059574,,39.38302243062718,54.44070112369852,,32.13535540287529,39.93127338072044,,13369344,19279,13388623,18.796424397042177,4445.332255750982,98,0,2,56b21bd2ca5aaae8c0981cccb2a90a0ffb3e4254,True
cannon-01,BI-Grid,0,35.30496995339153,0.9200231234232584,,37.38092175429028,38.03003167332274,,,30.503956432561576,,,17825792,10057,17835849,8.465811972281218,1401.2718753489899,105,1,2,56b21bd2ca5aaae8c0981cccb2a90a0ffb3e4254,True
cannon-01,BI-Grid,1,35.30972657463786,0.9194210370381674,,37.42100612041885,37.915261243383696,,,30.59291236011103,,,17825792,10057,17835849,8.465811972281218,1401.1894254520012,106,1,2,56b21bd2ca5aaae8c0981cccb2a90a0ffb3e4254,True
cannon-01,BI-Grid,2,35.14560639121388,0.9185482859611511,,37.07728369284365,37.85011713627956,,,30.509418344518426,,,17825792,10057,17835849,8.465811972281218,1401.7445389959903,107,1,2,56b21bd2ca5aaae8c0981cccb2a90a0ffb3e4254,True
cannon-01,Grid-PEPS4F,0,35.545560264344566,0.9220236937204996,,36.12385627607547,38.8922840031305,,,31.62054051382773,,,17825792,18761,17844553,8.461682621021664,3853.5797050130204,108,0,2,56b21bd2ca5aaae8c0981cccb2a90a0ffb3e4254,True
cannon-01,Grid-PEPS4F,1,35.90572877821092,0.9238765637079874,,37.02987307626938,38.856992378482815,,,31.830320879880567,,,17825792,18761,17844553,8.461682621021664,3816.784961058991,109,0,2,56b21bd2ca5aaae8c0981cccb2a90a0ffb3e4254,True
cannon-01,Grid-PEPS4F,2,35.71134441862692,0.920710821946462,,36.86825296390787,38.65145119265283,,,31.614329099320067,,,17825792,18761,17844553,8.461682621021664,3816.795929660002,110,0,2,56b21bd2ca5aaae8c0981cccb2a90a0ffb3e4254,True
cannon-01,Grid-PEPS4F-25,0,34.38734336035731,0.9049894014994303,,35.767564950478544,36.82902182856142,,,30.565443302031984,,,13631488,16457,13647945,11.063566273164202,2943.0502991820103,120,0,2,56b21bd2ca5aaae8c0981cccb2a90a0ffb3e4254,True
cannon-01,Grid-PEPS4F-25,1,34.55668391686015,0.9058795173962911,,36.0403410994764,37.221048986617234,,,30.40866166448683,,,13631488,16457,13647945,11.063566273164202,2942.8332404690445,121,0,2,56b21bd2ca5aaae8c0981cccb2a90a0ffb3e4254,True
cannon-01,Grid-PEPS4F-25,2,34.53222278857904,0.9072516957918803,,35.85242550542183,37.20174072979745,,,30.542502130517835,,,13631488,16457,13647945,11.063566273164202,2941.9389205379994,122,0,2,56b21bd2ca5aaae8c0981cccb2a90a0ffb3e4254,True
cannon-01,Grid-PinkPEPS4F,0,36.14787890649111,0.9253012935320536,,37.687749201288554,39.05657318290138,,,31.699314335283397,,,17825792,11977,17837769,8.464900739548764,3187.300007743994,111,1,2,56b21bd2ca5aaae8c0981cccb2a90a0ffb3e4254,True
cannon-01,Grid-PinkPEPS4F,1,36.122134469480244,0.925145427385966,,37.438819130537226,39.231959009872114,,,31.695625268031392,,,17825792,11977,17837769,8.464900739548764,3186.70451772699,112,1,2,56b21bd2ca5aaae8c0981cccb2a90a0ffb3e4254,True
cannon-01,Grid-PinkPEPS4F,2,36.01220000893547,0.9243698914845785,,37.57256786983674,38.83187227195816,,,31.63215988501151,,,17825792,11977,17837769,8.464900739548764,3186.946932333987,113,1,2,56b21bd2ca5aaae8c0981cccb2a90a0ffb3e4254,True
cannon-01,Grid-PinkPEPS4F-25,0,34.7486312536173,0.909134030342102,,36.3523377103498,37.50147513598157,,,30.39208091452052,,,13631488,11209,13642697,11.067822146896614,2093.292167593958,123,1,2,56b21bd2ca5aaae8c0981cccb2a90a0ffb3e4254,True
cannon-01,Grid-PinkPEPS4F-25,1,34.82173921606794,0.9097840587298075,,36.49483889474717,37.60419487941646,,,30.36618387404019,,,13631488,11209,13642697,11.067822146896614,2603.2625073840027,124,1,2,56b21bd2ca5aaae8c0981cccb2a90a0ffb3e4254,True
cannon-01,Grid-PinkPEPS4F-25,2,34.776584571281,0.9081406593322754,,36.516806359677076,37.58628499880085,,,30.226662355365068,,,13631488,11209,13642697,11.067822146896614,2603.1214875120204,125,1,2,56b21bd2ca5aaae8c0981cccb2a90a0ffb3e4254,True
cannon-01,LPE,0,34.219351532726826,0.9182186325391134,,34.25906950365985,37.06895466231291,,,31.330030432207714,,,16777216,9993,16787209,8.994642528129601,1394.527790639986,99,1,2,56b21bd2ca5aaae8c0981cccb2a90a0ffb3e4254,True
cannon-01,LPE,1,34.376546771309656,0.9166348377863566,,34.83658248177274,37.11236459299911,,,31.180693239157122,,,16777216,9993,16787209,8.994642528129601,1408.3477245749964,100,1,2,56b21bd2ca5aaae8c0981cccb2a90a0ffb3e4254,True
cannon-01,LPE,2,34.28692296493936,0.9161097208658854,,34.89140175422514,37.12528410042683,,,30.84408304016611,,,16777216,9993,16787209,8.994642528129601,1407.755868075008,101,1,2,56b21bd2ca5aaae8c0981cccb2a90a0ffb3e4254,True
cannon-01,NTC_N,0,34.6244353893577,0.9127750198046366,,36.042451381867494,37.11338274726871,,,30.717472038936894,,,17825792,14089,17839881,8.46389861008602,1690.2558613489964,102,0,2,56b21bd2ca5aaae8c0981cccb2a90a0ffb3e4254,True
cannon-01,NTC_N,1,34.41904015422287,0.9110878705978394,,35.70130860042093,36.92387941315659,,,30.63193244909108,,,17825792,14089,17839881,8.46389861008602,1698.478970119002,103,0,2,56b21bd2ca5aaae8c0981cccb2a90a0ffb3e4254,True
cannon-01,NTC_N,2,34.617659728022,0.9129992922147115,,35.94890416251735,37.210087252323724,,,30.693987769224925,,,17825792,14089,17839881,8.46389861008602,1696.2149818100152,104,0,2,56b21bd2ca5aaae8c0981cccb2a90a0ffb3e4254,True
cannon-01,NTC_PEPS,0,36.18399165198746,0.9254964391390482,,37.39205968421619,38.76354510278246,,,32.396370168963735,,,17825792,48905,17874697,8.447412786913254,4444.220743173995,114,0,2,56b21bd2ca5aaae8c0981cccb2a90a0ffb3e4254,True
cannon-01,NTC_PEPS,1,36.24106080925929,0.9259892106056213,,37.51732850309206,38.937651670999365,,,32.268202253686425,,,17825792,48905,17874697,8.447412786913254,4444.784621630999,115,0,2,56b21bd2ca5aaae8c0981cccb2a90a0ffb3e4254,True
cannon-01,NTC_PEPS,2,36.140392609643605,0.9271424611409506,,37.25426506658775,38.773074956182,,,32.39383780616107,,,17825792,48905,17874697,8.447412786913254,571.3853723679786,116,0,2,56b21bd2ca5aaae8c0981cccb2a90a0ffb3e4254,True
cannon-01,NTC_PEPS-25,0,34.78052782202923,0.9060696164766947,,36.32857461253009,37.23969967017355,,,30.773309183384036,,,13369344,39113,13408457,11.26117225867227,3572.0609092609957,126,0,2,56b21bd2ca5aaae8c0981cccb2a90a0ffb3e4254,True
cannon-01,NTC_PEPS-25,1,34.839341738366095,0.9072958628336588,,36.08242587123283,37.45022197057728,,,30.98537737328818,,,13369344,39113,13408457,11.26117225867227,3570.4800511340145,127,0,2,56b21bd2ca5aaae8c0981cccb2a90a0ffb3e4254,True
cannon-01,NTC_PEPS-25,2,34.86891192505282,0.9062460859616598,,36.34224602243783,37.41509347830203,,,30.84939627441859,,,13369344,39113,13408457,11.26117225867227,3569.316629150999,128,0,2,56b21bd2ca5aaae8c0981cccb2a90a0ffb3e4254,True
cannon-01,NTC_PinkPEPS,0,35.976324483057915,0.9218275547027588,,37.19583569054451,38.910843686488484,,,31.822294072140757,,,17825792,22153,17847945,8.460074479162728,5472.438889228011,117,1,2,56b21bd2ca5aaae8c0981cccb2a90a0ffb3e4254,True
cannon-01,NTC_PinkPEPS,1,35.98756653596276,0.9209565917650858,,37.38236596094272,38.92595444448991,,,31.654379202455644,,,17825792,22153,17847945,8.460074479162728,5472.5074523449875,118,1,2,56b21bd2ca5aaae8c0981cccb2a90a0ffb3e4254,True
cannon-01,NTC_PinkPEPS,2,35.82409612453019,0.921765943368276,,36.89182132279582,38.73459393800547,,,31.845873112789302,,,17825792,22153,17847945,8.460074479162728,5472.825155068014,119,1,2,56b21bd2ca5aaae8c0981cccb2a90a0ffb3e4254,True
cannon-01,NTC_PinkPEPS-25,0,34.786879816438265,0.9065777063369751,,36.19104214599399,37.680886860994946,,,30.488710442325853,,,13369344,18889,13388233,11.278183162781826,4434.225799132022,129,1,2,56b21bd2ca5aaae8c0981cccb2a90a0ffb3e4254,True
cannon-01,NTC_PinkPEPS-25,1,34.569822646493066,0.9036182363828024,,36.206104639513256,37.12704231011375,,,30.376320989852186,,,13369344,18889,13388233,11.278183162781826,4431.44561922201,130,1,2,56b21bd2ca5aaae8c0981cccb2a90a0ffb3e4254,True
cannon-01,NTC_PinkPEPS-25,2,34.59387261957253,0.9049436450004578,,36.03404226249385,36.95870990449,,,30.78886569173374,,,13369344,18889,13388233,11.278183162781826,4429.588513931027,131,1,2,56b21bd2ca5aaae8c0981cccb2a90a0ffb3e4254,True
cardboard-box-01,BI-Grid,0,43.594054780955446,0.9757945338884989,,49.23175831811113,44.037220252986195,,,37.513185771769024,,,17825792,10057,17835849,8.465811972281218,1388.6703036149847,138,0,2,56b21bd2ca5aaae8c0981cccb2a90a0ffb3e4254,True
cardboard-box-01,BI-Grid,1,43.532313266474574,0.9755489031473795,,49.13649715813011,44.03916325808073,,,37.42127938321289,,,17825792,10057,17835849,8.465811972281218,1388.1267115150113,139,0,2,56b21bd2ca5aaae8c0981cccb2a90a0ffb3e4254,True
cardboard-box-01,BI-Grid,2,43.556863031366014,0.975428581237793,,49.34078217683294,43.948530035034366,,,37.381276882230736,,,17825792,10057,17835849,8.465811972281218,1388.0590363449883,140,0,2,56b21bd2ca5aaae8c0981cccb2a90a0ffb3e4254,True
cardboard-box-01,Grid-PEPS4F,0,43.99980048420883,0.975209633509318,,49.527052118244924,44.18377388488237,,,38.288575449499206,,,17825792,18761,17844553,8.461682621021664,3860.705879704037,141,1,2,56b21bd2ca5aaae8c0981cccb2a90a0ffb3e4254,True
cardboard-box-01,Grid-PEPS4F,1,44.217591962005564,0.9760065277417501,,49.84476502533298,44.27433162094925,,,38.53367923973445,,,17825792,18761,17844553,8.461682621021664,3859.4784673270187,142,1,2,56b21bd2ca5aaae8c0981cccb2a90a0ffb3e4254,True
cardboard-box-01,Grid-PEPS4F,2,44.086206028290746,0.9761477112770081,,49.69198699045438,44.018620986649644,,,38.54801010776822,,,17825792,18761,17844553,8.461682621021664,3859.012000205985,143,1,2,56b21bd2ca5aaae8c0981cccb2a90a0ffb3e4254,True
cardboard-box-01,Grid-PEPS4F-25,0,43.091801718811716,0.9692475994427999,,49.29514350722984,43.236216167805416,,,36.74404548139988,,,13631488,16457,13647945,11.063566273164202,2980.1502435980365,153,1,2,56b21bd2ca5aaae8c0981cccb2a90a0ffb3e4254,True
cardboard-box-01,Grid-PEPS4F-25,1,43.245274508085764,0.9697256684303284,,49.500073002179654,43.3209913769809,,,36.91475914509672,,,13631488,16457,13647945,11.063566273164202,2980.2964585190057,154,1,2,56b21bd2ca5aaae8c0981cccb2a90a0ffb3e4254,True
cardboard-box-01,Grid-PEPS4F-25,2,43.134578267410006,0.9694780309995016,,49.006291578700214,43.30281863018617,,,37.09462459334365,,,13631488,16457,13647945,11.063566273164202,2980.6311163830105,155,1,2,56b21bd2ca5aaae8c0981cccb2a90a0ffb3e4254,True
cardboard-box-01,Grid-PinkPEPS4F,0,44.08202390617071,0.9767507513364156,,49.61599543794289,44.22141783792749,,,38.40865844264175,,,17825792,11977,17837769,8.464900739548764,3179.959966972994,144,0,2,56b21bd2ca5aaae8c0981cccb2a90a0ffb3e4254,True
cardboard-box-01,Grid-PinkPEPS4F,1,44.22095166616821,0.9768061836560568,,50.01276315061063,44.32300118230888,,,38.327090665585125,,,17825792,11977,17837769,8.464900739548764,3180.860184558027,145,0,2,56b21bd2ca5aaae8c0981cccb2a90a0ffb3e4254,True
cardboard-box-01,Grid-PinkPEPS4F,2,43.985754122148876,0.9762919147809347,,49.21457212885847,44.25746353180213,,,38.48522670578603,,,17825792,11977,17837769,8.464900739548764,3181.083686058002,146,0,2,56b21bd2ca5aaae8c0981cccb2a90a0ffb3e4254,True
cardboard-box-01,Grid-PinkPEPS4F-25,0,43.093799059791245,0.9702804485956827,,49.1894104538851,43.2357991099451,,,36.856187615543526,,,13631488,11209,13642697,11.067822146896614,2599.6124526689528,156,0,2,56b21bd2ca5aaae8c0981cccb2a90a0ffb3e4254,True
cardboard-box-01,Grid-PinkPEPS4F-25,1,43.314626938259416,0.9705690344174703,,49.39489895999846,43.66303245899617,,,36.88594939578364,,,13631488,11209,13642697,11.067822146896614,2599.33687088202,157,0,2,56b21bd2ca5aaae8c0981cccb2a90a0ffb3e4254,True
cardboard-box-01,Grid-PinkPEPS4F-25,2,43.173061018526994,0.9706559379895529,,49.232157791229845,43.4167056796463,,,36.87031958470484,,,13631488,11209,13642697,11.067822146896614,2599.802171804011,158,0,2,56b21bd2ca5aaae8c0981cccb2a90a0ffb3e4254,True
cardboard-box-01,LPE,0,42.04290958811095,0.9678501089413961,,48.2180674119299,42.269694963744655,,,35.64096638865829,,,16777216,9993,16787209,8.994642528129601,1393.340923517011,132,0,2,56b21bd2ca5aaae8c0981cccb2a90a0ffb3e4254,True
cardboard-box-01,LPE,1,41.87878257039782,0.9688529372215271,,47.662998296008425,42.23467883801589,,,35.73867057716913,,,16777216,9993,16787209,8.994642528129601,1393.2976803130005,133,0,2,56b21bd2ca5aaae8c0981cccb2a90a0ffb3e4254,True
cardboard-box-01,LPE,2,41.864576247555284,0.9678618907928467,,47.6400924924733,42.34643916310951,,,35.60719708708306,,,16777216,9993,16787209,8.994642528129601,1393.3248885310022,134,0,2,56b21bd2ca5aaae8c0981cccb2a90a0ffb3e4254,True
cardboard-box-01,NTC_N,0,41.33132007310681,0.9635208249092102,,47.36980084796916,41.63287435791907,,,34.99128501343219,,,17825792,14089,17839881,8.46389861008602,1706.080885967007,135,1,2,56b21bd2ca5aaae8c0981cccb2a90a0ffb3e4254,True
cardboard-box-01,NTC_N,1,41.40474668484609,0.9640070796012878,,47.30630682846861,41.76333339055975,,,35.144599835509915,,,17825792,14089,17839881,8.46389861008602,1707.5060282259947,136,1,2,56b21bd2ca5aaae8c0981cccb2a90a0ffb3e4254,True
cardboard-box-01,NTC_N,2,41.5176472259969,0.9646967053413391,,47.26989311949949,42.10207868287018,,,35.180969875621024,,,17825792,14089,17839881,8.46389861008602,1707.08676259598,137,1,2,56b21bd2ca5aaae8c0981cccb2a90a0ffb3e4254,True
cardboard-box-01,NTC_PEPS,0,43.229508636083324,0.9714180827140808,,49.006225596067765,42.98564956210127,,,37.69665075008093,,,17825792,48905,17874697,8.447412786913254,4465.722085703048,147,1,2,56b21bd2ca5aaae8c0981cccb2a90a0ffb3e4254,True
cardboard-box-01,NTC_PEPS,1,43.157515729577675,0.9713823199272156,,48.77479567714914,42.908552448444794,,,37.78919906313908,,,17825792,48905,17874697,8.447412786913254,4463.465137554973,148,1,2,56b21bd2ca5aaae8c0981cccb2a90a0ffb3e4254,True
cardboard-box-01,NTC_PEPS,2,43.469094896956385,0.9726328055063883,,48.89724066733443,43.20847888033106,,,38.30156514320365,,,17825792,48905,17874697,8.447412786913254,4464.35438898101,149,1,2,56b21bd2ca5aaae8c0981cccb2a90a0ffb3e4254,True
cardboard-box-01,NTC_PEPS-25,0,41.7909166296362,0.9612680276234945,,47.76967562735479,41.979272223056306,,,35.623802038497494,,,13369344,39113,13408457,11.26117225867227,3571.9810873020324,159,1,2,56b21bd2ca5aaae8c0981cccb2a90a0ffb3e4254,True
cardboard-box-01,NTC_PEPS-25,1,41.96869430722833,0.9611110885938009,,48.439939183513474,41.797983409047326,,,35.6681603291242,,,13369344,39113,13408457,11.26117225867227,3571.709374822967,160,1,2,56b21bd2ca5aaae8c0981cccb2a90a0ffb3e4254,True
cardboard-box-01,NTC_PEPS-25,2,41.87444262393159,0.9610792001088461,,48.08218700855096,41.8514008370706,,,35.689740026173226,,,13369344,39113,13408457,11.26117225867227,3571.186762945028,161,1,2,56b21bd2ca5aaae8c0981cccb2a90a0ffb3e4254,True
cardboard-box-01,NTC_PinkPEPS,0,42.95524266744292,0.9710962971051534,,48.34352452133918,42.94799898494534,,,37.57420449604422,,,17825792,22153,17847945,8.460074479162728,5471.929131963989,150,0,2,56b21bd2ca5aaae8c0981cccb2a90a0ffb3e4254,True
cardboard-box-01,NTC_PinkPEPS,1,42.97434635714723,0.9724056323369344,,48.127550653121446,42.91356171605953,,,37.88192670226072,,,17825792,22153,17847945,8.460074479162728,5472.860129591019,151,0,2,56b21bd2ca5aaae8c0981cccb2a90a0ffb3e4254,True
cardboard-box-01,NTC_PinkPEPS,2,42.897146658242725,0.9718368848164877,,47.82331572092587,42.92423326130485,,,37.94389099249747,,,17825792,22153,17847945,8.460074479162728,5472.110710809997,152,0,2,56b21bd2ca5aaae8c0981cccb2a90a0ffb3e4254,True
cardboard-box-01,NTC_PinkPEPS-25,0,41.929597359094934,0.962432066599528,,47.99121561326131,41.92973207856469,,,35.867844385458795,,,13369344,18889,13388233,11.278183162781826,4436.177178726008,162,0,2,56b21bd2ca5aaae8c0981cccb2a90a0ffb3e4254,True
cardboard-box-01,NTC_PinkPEPS-25,1,41.69039689234413,0.9615970055262247,,47.90111184151939,41.77249133185019,,,35.39758750366282,,,13369344,18889,13388233,11.278183162781826,4436.4183584830025,163,0,2,56b21bd2ca5aaae8c0981cccb2a90a0ffb3e4254,True
cardboard-box-01,NTC_PinkPEPS-25,2,41.94415856687966,0.96260933081309,,48.15872087710115,41.979822521496814,,,35.693932302041,,,13369344,18889,13388233,11.278183162781826,4436.978403712972,164,0,2,56b21bd2ca5aaae8c0981cccb2a90a0ffb3e4254,True
clay-roof-tiles-02,BI-Grid,0,44.125634510018116,0.9624585509300232,,44.10765157472287,36.131897901944214,55.050879963146016,,41.21210860025937,,,17825792,10252,17836044,11.287625888341607,1399.8460979249794,171,1,2,56b21bd2ca5aaae8c0981cccb2a90a0ffb3e4254,True
clay-roof-tiles-02,BI-Grid,1,44.32962528991719,0.9635552614927292,,44.13266193951108,36.2855085804455,55.843516677865836,,41.05681396184632,,,17825792,10252,17836044,11.287625888341607,1399.6414075819775,172,1,2,56b21bd2ca5aaae8c0981cccb2a90a0ffb3e4254,True
clay-roof-tiles-02,BI-Grid,2,44.27073470646174,0.9634630084037781,,44.09876093645565,36.26077293993506,55.63863938646499,,41.084765562991265,,,17825792,10252,17836044,11.287625888341607,1400.0221065919613,173,1,2,56b21bd2ca5aaae8c0981cccb2a90a0ffb3e4254,True
clay-roof-tiles-02,Grid-PEPS4F,0,43.871024344501734,0.9555816054344177,,43.746816588085096,35.75875995576701,55.83231571312432,,40.14620512103052,,,17825792,18956,17844748,11.282120207021135,3853.4129346950212,174,0,2,56b21bd2ca5aaae8c0981cccb2a90a0ffb3e4254,True
clay-roof-tiles-02,Grid-PEPS4F,1,44.16521990290227,0.956893116235733,,43.843491545610064,35.967638294473126,56.703062252537116,,40.146687518988784,,,17825792,18956,17844748,11.282120207021135,3853.648985826003,175,0,2,56b21bd2ca5aaae8c0981cccb2a90a0ffb3e4254,True
clay-roof-tiles-02,Grid-PEPS4F,2,43.89970118490157,0.9564369916915894,,43.833860931838686,35.893020785913436,55.8162713644116,,40.05565165744258,,,17825792,18956,17844748,11.282120207021135,3853.196482066007,176,0,2,56b21bd2ca5aaae8c0981cccb2a90a0ffb3e4254,True
clay-roof-tiles-02,Grid-PEPS4F-25,0,43.027393457422804,0.9468930214643478,,43.22894420036968,34.96968180793624,55.34050460063321,,38.57044322075207,,,13631488,16652,13648140,14.751210934237193,2970.931430532015,186,0,2,56b21bd2ca5aaae8c0981cccb2a90a0ffb3e4254,True
clay-roof-tiles-02,Grid-PEPS4F-25,1,42.958515106503754,0.9469671696424484,,43.226103576293944,34.91971398286309,54.900703304947804,,38.78753956191017,,,13631488,16652,13648140,14.751210934237193,2970.9148993119597,187,0,2,56b21bd2ca5aaae8c0981cccb2a90a0ffb3e4254,True
clay-roof-tiles-02,Grid-PEPS4F-25,2,42.94896776563582,0.9475614726543427,,43.21111438891425,35.0906540519992,55.02156520748273,,38.4725374141471,,,13631488,16652,13648140,14.751210934237193,2970.558090236038,188,0,2,56b21bd2ca5aaae8c0981cccb2a90a0ffb3e4254,True
clay-roof-tiles-02,Grid-PinkPEPS4F,0,44.11084614496964,0.9590578526258469,,43.862154590976616,36.064110208255045,55.734377475981425,,40.782742304665476,,,17825792,12172,17837964,11.286410937929912,3188.305115388008,177,1,2,56b21bd2ca5aaae8c0981cccb2a90a0ffb3e4254,True
clay-roof-tiles-02,Grid-PinkPEPS4F,1,44.12418426989836,0.9588460028171539,,43.875818131977425,36.055089808757955,55.79998947495029,,40.76583966390777,,,17825792,12172,17837964,11.286410937929912,3187.4626768720336,178,1,2,56b21bd2ca5aaae8c0981cccb2a90a0ffb3e4254,True
clay-roof-tiles-02,Grid-PinkPEPS4F,2,44.34675240587699,0.9597768485546112,,43.94758574208577,36.09037592071891,56.43153645865386,,40.917511502049415,,,17825792,12172,17837964,11.286410937929912,3187.828048571013,179,1,2,56b21bd2ca5aaae8c0981cccb2a90a0ffb3e4254,True
clay-roof-tiles-02,Grid-PinkPEPS4F-25,0,43.14468311626423,0.951222687959671,,43.455279777338944,35.332488844507566,54.89717227225702,,38.89379157095339,,,13631488,11404,13642892,14.75688527036643,2604.741501894081,189,1,2,56b21bd2ca5aaae8c0981cccb2a90a0ffb3e4254,True
clay-roof-tiles-02,Grid-PinkPEPS4F-25,1,43.20496572277649,0.9509539306163788,,43.40202756941552,35.28186472849757,55.049747761245925,,39.08622283194695,,,13631488,11404,13642892,14.75688527036643,2604.289168725023,190,1,2,56b21bd2ca5aaae8c0981cccb2a90a0ffb3e4254,True
clay-roof-tiles-02,Grid-PinkPEPS4F-25,2,43.34361197676159,0.9515191465616226,,43.40357295787448,35.37599959136693,55.5217069794946,,39.07316837831037,,,13631488,11404,13642892,14.75688527036643,2603.952945448109,191,1,2,56b21bd2ca5aaae8c0981cccb2a90a0ffb3e4254,True
clay-roof-tiles-02,LPE,0,42.5576834457646,0.9514648616313934,,43.0417052838386,35.055852926244626,53.4159235513193,,38.717252021655874,,,16777216,10188,16787404,11.992717396924503,1401.7783498709905,165,1,2,56b21bd2ca5aaae8c0981cccb2a90a0ffb3e4254,True
clay-roof-tiles-02,LPE,1,42.2843479583452,0.951283261179924,,42.84455546064337,35.21599163428083,52.78705033025567,,38.28979440820093,,,16777216,10188,16787404,11.992717396924503,1400.7410299119656,166,1,2,56b21bd2ca5aaae8c0981cccb2a90a0ffb3e4254,True
clay-roof-tiles-02,LPE,2,41.99112653344084,0.9495836049318314,,42.854720158883886,34.96516483014907,51.95361883052734,,38.19100231420306,,,16777216,10188,16787404,11.992717396924503,1399.6747236339725,167,1,2,56b21bd2ca5aaae8c0981cccb2a90a0ffb3e4254,True
clay-roof-tiles-02,NTC_N,0,42.48633784625477,0.9531460255384445,,43.19707656858185,35.293814676249546,53.06183183790351,,38.392628302284166,,,17825792,14284,17840076,11.285074794524418,1695.7878792439587,168,0,2,56b21bd2ca5aaae8c0981cccb2a90a0ffb3e4254,True
clay-roof-tiles-02,NTC_N,1,42.45532988557419,0.9541167914867401,,43.220939339008936,35.35356182774556,52.565012450304536,,38.681805925237704,,,17825792,14284,17840076,11.285074794524418,1692.7036776799941,169,0,2,56b21bd2ca5aaae8c0981cccb2a90a0ffb3e4254,True
clay-roof-tiles-02,NTC_N,2,42.55502595447294,0.9543597549200058,,43.27548666212995,35.545372116958845,53.15132259929554,,38.24792243950742,,,17825792,14284,17840076,11.285074794524418,1695.120991400967,170,0,2,56b21bd2ca5aaae8c0981cccb2a90a0ffb3e4254,True
clay-roof-tiles-02,NTC_PEPS,0,43.044996111909,0.9511556625366211,,43.23787014827262,35.78869835515127,54.59744702692667,,38.555968917285426,,,17825792,49100,17874892,11.263094177016566,4463.726634530933,180,0,2,56b21bd2ca5aaae8c0981cccb2a90a0ffb3e4254,True
clay-roof-tiles-02,NTC_PEPS,1,42.97963264155173,0.9511497616767883,,43.20271650881097,35.81676105186456,54.49477288738174,,38.404280118149636,,,17825792,49100,17874892,11.263094177016566,4463.212756016059,181,0,2,56b21bd2ca5aaae8c0981cccb2a90a0ffb3e4254,True
clay-roof-tiles-02,NTC_PEPS,2,43.0817495368223,0.9503139853477478,,43.32687589707017,35.590822529834895,54.72269422198657,,38.68660549839757,,,17825792,49100,17874892,11.263094177016566,4463.463790084934,182,0,2,56b21bd2ca5aaae8c0981cccb2a90a0ffb3e4254,True
clay-roof-tiles-02,NTC_PEPS-25,0,42.100759883571534,0.939961701631546,,42.76823561180096,34.758584638522755,53.761931310247064,,37.11428797371535,,,13369344,39308,13408652,15.014677985527554,3579.9435947739985,192,0,2,56b21bd2ca5aaae8c0981cccb2a90a0ffb3e4254,True
clay-roof-tiles-02,NTC_PEPS-25,1,42.234296513133316,0.9405023157596588,,42.90982437059789,34.583022194502774,53.90311543712882,,37.54122405030377,,,13369344,39308,13408652,15.014677985527554,3580.1777441609884,193,0,2,56b21bd2ca5aaae8c0981cccb2a90a0ffb3e4254,True
clay-roof-tiles-02,NTC_PEPS-25,2,42.22068920254414,0.9409700185060501,,42.78985508398723,34.81208408718953,53.99029222291091,,37.290525416088904,,,13369344,39308,13408652,15.014677985527554,3579.313087583985,194,0,2,56b21bd2ca5aaae8c0981cccb2a90a0ffb3e4254,True
clay-roof-tiles-02,NTC_PinkPEPS,0,42.936906810316216,0.9518207311630249,,43.29232435637393,35.75220319482337,54.449604289965954,,38.25349540010161,,,17825792,22348,17848140,11.279976064732796,5481.98107413901,183,1,2,56b21bd2ca5aaae8c0981cccb2a90a0ffb3e4254,True
clay-roof-tiles-02,NTC_PinkPEPS,1,42.92619800422604,0.9526530355215073,,43.26272292246892,35.857614890111755,54.30895547518874,,38.27549872913475,,,17825792,22348,17848140,11.279976064732796,5482.0153317969525,184,1,2,56b21bd2ca5aaae8c0981cccb2a90a0ffb3e4254,True
clay-roof-tiles-02,NTC_PinkPEPS,2,42.80869153186452,0.9522008150815964,,43.18691900601444,35.81694822850699,54.02103331485681,,38.209865578079835,,,17825792,22348,17848140,11.279976064732796,5482.104805515031,185,1,2,56b21bd2ca5aaae8c0981cccb2a90a0ffb3e4254,True
clay-roof-tiles-02,NTC_PinkPEPS-25,0,42.04980829197016,0.9416731595993042,,42.7885703697784,34.79732529806772,53.481477009744495,,37.13186049029002,,,13369344,19084,13388428,15.03735853081482,4446.23592265998,195,1,2,56b21bd2ca5aaae8c0981cccb2a90a0ffb3e4254,True
clay-roof-tiles-02,NTC_PinkPEPS-25,1,41.77320533730789,0.942257359623909,,42.55100761625706,34.93421262980361,52.58131352241211,,37.0262875807588,,,13369344,19084,13388428,15.03735853081482,4446.771891254932,196,1,2,56b21bd2ca5aaae8c0981cccb2a90a0ffb3e4254,True
clay-roof-tiles-02,NTC_PinkPEPS-25,2,41.94913210422183,0.9415282756090164,,42.6920654714156,34.81200217424281,53.236754441338604,,37.05570632989031,,,13369344,19084,13388428,15.03735853081482,4446.949364181026,197,1,2,56b21bd2ca5aaae8c0981cccb2a90a0ffb3e4254,True
fabric-pattern-07,BI-Grid,0,42.10750594743699,0.9835206389427185,,43.53449084004772,41.97582232460666,,,41.07557192331726,,,17825792,10447,17836239,14.10937810375831,1402.4247771459632,204,0,2,56b21bd2ca5aaae8c0981cccb2a90a0ffb3e4254,True
fabric-pattern-07,BI-Grid,1,42.002345755240604,0.9832635402679444,,43.24528017101138,41.896475221944186,,,41.077022939359075,,,17825792,10447,17836239,14.10937810375831,1402.8065584129654,205,0,2,56b21bd2ca5aaae8c0981cccb2a90a0ffb3e4254,True
fabric-pattern-07,BI-Grid,2,42.06938896232022,0.9832702279090881,,43.79817485477155,41.891058858250666,,,40.87559338207751,,,17825792,10447,17836239,14.10937810375831,1402.6438966839341,206,0,2,56b21bd2ca5aaae8c0981cccb2a90a0ffb3e4254,True
fabric-pattern-07,Grid-PEPS4F,0,40.590241012222464,0.9752335667610168,,39.71674633821296,41.35792247166663,,,39.16069130789945,,,17825792,19151,17844943,14.102496152551455,3875.1628426749958,207,1,2,56b21bd2ca5aaae8c0981cccb2a90a0ffb3e4254,True
fabric-pattern-07,Grid-PEPS4F,1,40.46672149856935,0.974569833278656,,38.93390433857926,41.421844400385346,,,39.134169953111424,,,17825792,19151,17844943,14.102496152551455,3871.713545055012,208,1,2,56b21bd2ca5aaae8c0981cccb2a90a0ffb3e4254,True
fabric-pattern-07,Grid-PEPS4F,2,40.55669339069118,0.9755530476570129,,39.62486046010056,41.28813499221197,,,39.29420151671944,,,17825792,19151,17844943,14.102496152551455,3871.7784490949707,209,1,2,56b21bd2ca5aaae8c0981cccb2a90a0ffb3e4254,True
fabric-pattern-07,Grid-PEPS4F-25,0,38.95935559123954,0.9680155634880065,,37.69508628077211,39.46661539718574,,,38.70184548386839,,,13631488,16847,13648335,18.438750221180825,2989.793152228929,219,1,2,56b21bd2ca5aaae8c0981cccb2a90a0ffb3e4254,True
fabric-pattern-07,Grid-PEPS4F-25,1,39.0681361698675,0.9687767505645752,,37.7083966754755,39.607231478922166,,,38.81058973709549,,,13631488,16847,13648335,18.438750221180825,2991.1064354869304,220,1,2,56b21bd2ca5aaae8c0981cccb2a90a0ffb3e4254,True
fabric-pattern-07,Grid-PEPS4F-25,2,38.93724447198599,0.9677916288375854,,37.48017692924485,39.56612707647452,,,38.50766420126152,,,13631488,16847,13648335,18.438750221180825,2991.235408272012,221,1,2,56b21bd2ca5aaae8c0981cccb2a90a0ffb3e4254,True
fabric-pattern-07,Grid-PinkPEPS4F,0,41.15083449142887,0.9786039471626282,,40.80050348764301,41.77227122734976,,,39.63685528745204,,,17825792,12367,17838159,14.107859448948739,3191.5651301869657,210,0,2,56b21bd2ca5aaae8c0981cccb2a90a0ffb3e4254,True
fabric-pattern-07,Grid-PinkPEPS4F,1,41.215922870852864,0.9786371469497681,,41.12426056753446,41.824343172948225,,,39.48232426788519,,,17825792,12367,17838159,14.107859448948739,3191.8464120450662,211,0,2,56b21bd2ca5aaae8c0981cccb2a90a0ffb3e4254,True
fabric-pattern-07,Grid-PinkPEPS4F,2,41.2939812614043,0.9793349623680114,,41.52568272488237,41.739832033708026,,,39.72472748101503,,,17825792,12367,17838159,14.107859448948739,3191.565972512006,212,0,2,56b21bd2ca5aaae8c0981cccb2a90a0ffb3e4254,True
fabric-pattern-07,Grid-PinkPEPS4F-25,0,39.59302092514613,0.9719225645065308,,38.67004184154807,40.06487338464,,,39.10044263026259,,,13631488,11599,13643087,18.445842938625255,2613.3182972469367,222,0,2,56b21bd2ca5aaae8c0981cccb2a90a0ffb3e4254,True
fabric-pattern-07,Grid-PinkPEPS4F-25,1,39.67257397567905,0.9722624897956849,,38.94625515891514,40.114320436847926,,,39.07365340893632,,,13631488,11599,13643087,18.445842938625255,2613.003175162943,223,0,2,56b21bd2ca5aaae8c0981cccb2a90a0ffb3e4254,True
fabric-pattern-07,Grid-PinkPEPS4F-25,2,39.67661352242027,0.9724322557449341,,39.023449685293045,40.07499416334992,,,39.13463543675855,,,13631488,11599,13643087,18.445842938625255,2613.4350133329863,224,0,2,56b21bd2ca5aaae8c0981cccb2a90a0ffb3e4254,True
fabric-pattern-07,LPE,0,40.108382094958316,0.9751762747764587,,39.71306960893407,40.55728781779349,,,39.156977412477026,,,16777216,10383,16787599,14.99072261614064,1401.1117916590301,198,0,2,56b21bd2ca5aaae8c0981cccb2a90a0ffb3e4254,True
fabric-pattern-07,LPE,1,40.01335176045089,0.9745433688163757,,39.26232666810266,40.530715858419065,,,39.21228455889458,,,16777216,10383,16787599,14.99072261614064,1407.6772547750734,199,0,2,56b21bd2ca5aaae8c0981cccb2a90a0ffb3e4254,True
fabric-pattern-07,LPE,2,39.698380488317,0.9728298425674439,,38.7537885063745,40.21786122225165,,,39.08453026845556,,,16777216,10383,16787599,14.99072261614064,1408.2089553790865,200,0,2,56b21bd2ca5aaae8c0981cccb2a90a0ffb3e4254,True
fabric-pattern-07,NTC_N,0,40.09680970420815,0.974591064453125,,39.95549348919095,40.550289504686724,,,38.877686517789634,,,17825792,14479,17840271,14.106189306205046,1715.814251163043,201,1,2,56b21bd2ca5aaae8c0981cccb2a90a0ffb3e4254,True
fabric-pattern-07,NTC_N,1,40.00501714229794,0.9746322154998779,,40.193142624888516,40.26722040141639,,,39.030281882352014,,,17825792,14479,17840271,14.106189306205046,1714.8854607510148,202,1,2,56b21bd2ca5aaae8c0981cccb2a90a0ffb3e4254,True
fabric-pattern-07,NTC_N,2,40.067719765078095,0.9740476250648499,,39.63952799160789,40.681210101020504,,,38.65544053072109,,,17825792,14479,17840271,14.106189306205046,1715.0616248369915,203,1,2,56b21bd2ca5aaae8c0981cccb2a90a0ffb3e4254,True
fabric-pattern-07,NTC_PEPS,0,39.624278679011425,0.9662678122520447,,36.73882826027298,41.408799977176045,,,37.15616520325599,,,17825792,49295,17875087,14.078714134370367,4469.103046078002,213,1,2,56b21bd2ca5aaae8c0981cccb2a90a0ffb3e4254,True
fabric-pattern-07,NTC_PEPS,1,39.54883562289855,0.9657466530799865,,36.64018956042091,41.310668159761406,,,37.1719840747876,,,17825792,49295,17875087,14.078714134370367,4468.447716829018,214,1,2,56b21bd2ca5aaae8c0981cccb2a90a0ffb3e4254,True
fabric-pattern-07,NTC_PEPS,2,39.63612415865401,0.9664589643478394,,36.61813688025628,41.42930275083756,,,37.27457566050112,,,17825792,49295,17875087,14.078714134370367,4469.065098952968,215,1,2,56b21bd2ca5aaae8c0981cccb2a90a0ffb3e4254,True
fabric-pattern-07,NTC_PEPS-25,0,37.96207916685513,0.9558221936225891,,35.271390115963364,39.458493255268046,,,36.163525952508195,,,13369344,39503,13408847,18.768074540637237,3585.220313898986,225,1,2,56b21bd2ca5aaae8c0981cccb2a90a0ffb3e4254,True
fabric-pattern-07,NTC_PEPS-25,1,37.771200604797556,0.9547145247459412,,35.38094055157874,39.1143504103156,,,36.13201124146225,,,13369344,39503,13408847,18.768074540637237,3585.364800096024,226,1,2,56b21bd2ca5aaae8c0981cccb2a90a0ffb3e4254,True
fabric-pattern-07,NTC_PEPS-25,2,37.960781784293125,0.9556586861610412,,35.28133760418193,39.47082472461262,,,36.110097143445834,,,13369344,39503,13408847,18.768074540637237,3585.773519029026,227,1,2,56b21bd2ca5aaae8c0981cccb2a90a0ffb3e4254,True
fabric-pattern-07,NTC_PinkPEPS,0,39.66649447651753,0.9672362923622131,,36.98900945204035,41.35136654054352,,,37.28936330891673,,,17825792,22543,17848335,14.099816033260245,5485.110584031092,216,0,2,56b21bd2ca5aaae8c0981cccb2a90a0ffb3e4254,True
fabric-pattern-07,NTC_PinkPEPS,1,39.72708405340729,0.9677963733673096,,37.43628564681906,41.25356907977047,,,37.43842738090595,,,17825792,22543,17848335,14.099816033260245,5485.669058848987,217,0,2,56b21bd2ca5aaae8c0981cccb2a90a0ffb3e4254,True
fabric-pattern-07,NTC_PinkPEPS,2,39.71430460558248,0.9674854397773742,,37.0119671867404,41.399080532883374,,,37.36231424252185,,,17825792,22543,17848335,14.099816033260245,5484.666874194983,218,0,2,56b21bd2ca5aaae8c0981cccb2a90a0ffb3e4254,True
fabric-pattern-07,NTC_PinkPEPS-25,0,37.98484947935853,0.9563903331756591,,35.25446542779808,39.44228501893088,,,36.34292691220192,,,13369344,19279,13388623,18.796424397042177,4449.263321703067,228,0,2,56b21bd2ca5aaae8c0981cccb2a90a0ffb3e4254,True
fabric-pattern-07,NTC_PinkPEPS-25,1,38.20054685825852,0.9585384726524353,,36.00863080994791,39.54108150128064,,,36.37085897750277,,,13369344,19279,13388623,18.796424397042177,4450.264344997937,229,0,2,56b21bd2ca5aaae8c0981cccb2a90a0ffb3e4254,True
fabric-pattern-07,NTC_PinkPEPS-25,2,37.812821355826586,0.956182849407196,,35.573528691785114,39.07664089967232,,,36.26065538833085,,,13369344,19279,13388623,18.796424397042177,4450.778361052973,230,0,2,56b21bd2ca5aaae8c0981cccb2a90a0ffb3e4254,True
forest-sand-01,BI-Grid,0,37.72234329306407,0.9391258478164672,,33.21047485156445,30.90249649603195,54.08056304377767,,32.54193012179392,,37.87625195215239,17825792,10447,17836239,14.10937810375831,1409.6102110440843,237,1,2,56b21bd2ca5aaae8c0981cccb2a90a0ffb3e4254,True
forest-sand-01,BI-Grid,1,37.64843495330026,0.9388166069984436,,33.24953987147567,31.194705790763212,54.04333917550215,,32.490474628260905,,37.26411530049938,17825792,10447,17836239,14.10937810375831,1409.334427866037,238,1,2,56b21bd2ca5aaae8c0981cccb2a90a0ffb3e4254,True
forest-sand-01,BI-Grid,2,37.61928987035626,0.938944137096405,,33.26901270065126,31.007413258028542,54.096516060496114,,32.49396306513112,,37.22954426747427,17825792,10447,17836239,14.10937810375831,1410.1275369049981,239,1,2,56b21bd2ca5aaae8c0981cccb2a90a0ffb3e4254,True
forest-sand-01,Grid-PEPS4F,0,37.34004733767855,0.9250768065452576,,32.46628091121857,31.283391284525305,53.79060029501491,,30.005785013090257,,39.1541791845437,17825792,19151,17844943,14.102496152551455,3861.679621991003,240,0,2,56b21bd2ca5aaae8c0981cccb2a90a0ffb3e4254,True
forest-sand-01,Grid-PEPS4F,1,37.12860644073623,0.9228103637695313,,32.447939379183396,30.819891019509353,53.720352547563486,,30.051943611109273,,38.60290564631563,17825792,19151,17844943,14.102496152551455,3860.7369488179684,241,0,2,56b21bd2ca5aaae8c0981cccb2a90a0ffb3e4254,True
forest-sand-01,Grid-PEPS4F,2,37.192904689456114,0.9245046257972718,,32.443469682017565,31.325062591513763,53.703749291752125,,29.979122363176778,,38.51311951882031,17825792,19151,17844943,14.102496152551455,3861.0806238490622,242,0,2,56b21bd2ca5aaae8c0981cccb2a90a0ffb3e4254,True
forest-sand-01,Grid-PEPS4F-25,0,35.882522411527404,0.9058152198791504,,31.681856342543067,29.129116687182663,53.61847756387433,,29.068620202196378,,35.914541261840604,13631488,16847,13648335,18.438750221180825,2956.0451665680157,252,0,2,56b21bd2ca5aaae8c0981cccb2a90a0ffb3e4254,True
forest-sand-01,Grid-PEPS4F-25,1,35.79495554880643,0.9052355885505676,,31.555570940062733,29.241000865707992,53.58149589690246,,28.837261729486244,,35.75944831187271,13631488,16847,13648335,18.438750221180825,2956.376197876991,253,0,2,56b21bd2ca5aaae8c0981cccb2a90a0ffb3e4254,True
forest-sand-01,Grid-PEPS4F-25,2,35.85859149251856,0.9065495610237122,,31.565946833449043,29.435989609543224,53.61265563508536,,28.916365490368673,,35.761999894146534,13631488,16847,13648335,18.438750221180825,2956.2743478590855,254,0,2,56b21bd2ca5aaae8c0981cccb2a90a0ffb3e4254,True
forest-sand-01,Grid-PinkPEPS4F,0,37.71389457678592,0.9308959126472474,,32.82268516941024,31.739208339417047,54.02832239019956,,30.68982735406246,,39.28942963084028,17825792,12367,17838159,14.107859448948739,3200.7389207070228,243,1,2,56b21bd2ca5aaae8c0981cccb2a90a0ffb3e4254,True
forest-sand-01,Grid-PinkPEPS4F,1,37.55463735162352,0.9281508803367615,,32.73566057128306,31.323486877325713,53.911947145707515,,30.30882199922175,,39.493270164579556,17825792,12367,17838159,14.107859448948739,3196.850931508001,244,1,2,56b21bd2ca5aaae8c0981cccb2a90a0ffb3e4254,True
forest-sand-01,Grid-PinkPEPS4F,2,37.74822931268268,0.9321288228034973,,32.837978209434326,31.72646718319183,54.027578953059475,,30.970948231307595,,39.17817398642018,17825792,12367,17838159,14.107859448948739,3197.3928981750505,245,1,2,56b21bd2ca5aaae8c0981cccb2a90a0ffb3e4254,True
forest-sand-01,Grid-PinkPEPS4F-25,0,36.29852299258992,0.9123313903808594,,31.963215405444497,29.58571376162147,53.76945175578968,,29.381439709349113,,36.792794330744854,13631488,11599,13643087,18.445842938625255,2619.446736404905,255,1,2,56b21bd2ca5aaae8c0981cccb2a90a0ffb3e4254,True
forest-sand-01,Grid-PinkPEPS4F-25,1,36.261604211446596,0.9135326027870179,,32.2372631239383,29.013523629828605,53.86405600802604,,29.657584517048523,,36.535593778391494,13631488,11599,13643087,18.445842938625255,2619.7927625339944,256,1,2,56b21bd2ca5aaae8c0981cccb2a90a0ffb3e4254,True
forest-sand-01,Grid-PinkPEPS4F-25,2,36.21940270180035,0.9107458472251893,,32.00011003527629,29.100034632094534,53.844578983772244,,29.38402963810298,,36.76826021975571,13631488,11599,13643087,18.445842938625255,2619.9178144099424,257,1,2,56b21bd2ca5aaae8c0981cccb2a90a0ffb3e4254,True
forest-sand-01,LPE,0,36.38547959910788,0.9215309262275696,,32.21390447140354,30.18665831963455,53.85693982261778,,30.242935069030143,,35.42696031285341,16777216,10383,16787599,14.99072261614064,1414.5287779939827,231,1,2,56b21bd2ca5aaae8c0981cccb2a90a0ffb3e4254,True
forest-sand-01,LPE,1,36.26035772077878,0.9189265251159668,,32.222840875385565,29.85494881776532,53.86024737687428,,30.257494790570014,,35.10625674329872,16777216,10383,16787599,14.99072261614064,1408.08963433397,232,1,2,56b21bd2ca5aaae8c0981cccb2a90a0ffb3e4254,True
forest-sand-01,LPE,2,36.211343578543605,0.9198377847671508,,32.227499845062134,29.70151758168626,53.9006060539528,,30.196760064010736,,35.0303343480061,16777216,10383,16787599,14.99072261614064,1407.3383690490155,233,1,2,56b21bd2ca5aaae8c0981cccb2a90a0ffb3e4254,True
forest-sand-01,NTC_N,0,35.970817898455735,0.9235229730606079,,32.215771039848846,29.824036858494342,50.57870882626461,,30.81389838914712,,36.421674378523775,17825792,14479,17840271,14.106189306205046,1702.2187335139606,234,0,2,56b21bd2ca5aaae8c0981cccb2a90a0ffb3e4254,True
forest-sand-01,NTC_N,1,36.22565807305903,0.9256750822067261,,32.26472438023917,30.048854231498417,50.92805299124716,,30.92561899737206,,36.96103976493836,17825792,14479,17840271,14.106189306205046,1703.9053638989571,235,0,2,56b21bd2ca5aaae8c0981cccb2a90a0ffb3e4254,True
forest-sand-01,NTC_N,2,36.12284553773928,0.9249608039855957,,32.2196726278248,30.146693859806533,50.677558385031965,,30.86614865242374,,36.70415416360937,17825792,14479,17840271,14.106189306205046,1702.7175045589684,236,0,2,56b21bd2ca5aaae8c0981cccb2a90a0ffb3e4254,True
forest-sand-01,NTC_PEPS,0,36.59261813503401,0.9166186571121215,,31.8873173958601,32.30208518506111,50.29291762522395,,29.72606023587373,,38.75471023315115,17825792,49295,17875087,14.078714134370367,4466.721536647994,246,0,2,56b21bd2ca5aaae8c0981cccb2a90a0ffb3e4254,True
forest-sand-01,NTC_PEPS,1,36.38616551036982,0.9148858785629272,,31.91966760768723,30.850942772529493,50.41833968388552,,29.902633670453543,,38.83924381729333,17825792,49295,17875087,14.078714134370367,4468.8878428179305,247,0,2,56b21bd2ca5aaae8c0981cccb2a90a0ffb3e4254,True
forest-sand-01,NTC_PEPS,2,36.449782070248695,0.9153593897819519,,31.861829741846293,31.505444213063114,50.274455649502414,,29.680701171173176,,38.92647957565846,17825792,49295,17875087,14.078714134370367,4472.938951991033,248,0,2,56b21bd2ca5aaae8c0981cccb2a90a0ffb3e4254,True
forest-sand-01,NTC_PEPS-25,0,35.007540842251714,0.8964051127433776,,31.4701066730791,29.068335837921488,50.15323280135725,,28.90893070941068,,35.437098189490065,13369344,39503,13408847,18.768074540637237,3590.947965582018,258,0,2,56b21bd2ca5aaae8c0981cccb2a90a0ffb3e4254,True
forest-sand-01,NTC_PEPS-25,1,35.18368466184821,0.8992782831192017,,31.483491854347847,29.358006827718242,50.40725532062504,,28.942400131326917,,35.727269175223014,13369344,39503,13408847,18.768074540637237,3590.7164591440232,259,0,2,56b21bd2ca5aaae8c0981cccb2a90a0ffb3e4254,True
forest-sand-01,NTC_PEPS-25,2,35.269850224497695,0.8997048974037171,,31.33000021539427,29.97708252576189,49.98185791852855,,28.64578602372714,,36.414524439076644,13369344,39503,13408847,18.768074540637237,3591.3112512449734,260,0,2,56b21bd2ca5aaae8c0981cccb2a90a0ffb3e4254,True
forest-sand-01,NTC_PinkPEPS,0,36.4938249244402,0.9153405070304871,,31.818540593496657,31.842694992530262,50.097818685320206,,29.44799937229081,,39.26207097856305,17825792,22543,17848335,14.099816033260245,5491.790004323004,249,1,2,56b21bd2ca5aaae8c0981cccb2a90a0ffb3e4254,True
forest-sand-01,NTC_PinkPEPS,1,36.4748599167228,0.9157012343406677,,31.78105667817421,32.634954228416056,49.90260913708886,,29.28852132246388,,38.767158217471,17825792,22543,17848335,14.099816033260245,5492.248983599013,250,1,2,56b21bd2ca5aaae8c0981cccb2a90a0ffb3e4254,True
forest-sand-01,NTC_PinkPEPS,2,36.406776517583545,0.9145438194274902,,31.786979946044916,31.899645364308796,49.909707266136536,,29.337798828675634,,39.09975118275185,17825792,22543,17848335,14.099816033260245,5497.606388948974,251,1,2,56b21bd2ca5aaae8c0981cccb2a90a0ffb3e4254,True
forest-sand-01,NTC_PinkPEPS-25,0,35.203105974159065,0.8983786582946778,,31.107481288060544,30.580709276258034,49.42123613511885,,28.092695493463378,,36.8134076778945,13369344,19279,13388623,18.796424397042177,4450.113793666009,261,1,2,56b21bd2ca5aaae8c0981cccb2a90a0ffb3e4254,True
forest-sand-01,NTC_PinkPEPS-25,1,34.97907440281309,0.8969775915145874,,31.244519922148033,29.811375754057142,49.55085690938024,,28.379786859380065,,35.908832569099985,13369344,19279,13388623,18.796424397042177,4449.752227475983,262,1,2,56b21bd2ca5aaae8c0981cccb2a90a0ffb3e4254,True
forest-sand-01,NTC_PinkPEPS-25,2,34.99709248752417,0.8966692209243774,,31.234678497424937,29.85914040352681,49.57790812293336,,28.300682085293246,,36.013053328442524,13369344,19279,13388623,18.796424397042177,4450.411884706933,263,1,2,56b21bd2ca5aaae8c0981cccb2a90a0ffb3e4254,True
garden-gnome,BI-Grid,0,46.208591067708035,0.989554742972056,,45.77505882582143,46.2982335994359,,,46.552480777866776,,,17825792,10057,17835849,8.465811972281218,1391.8579124680255,270,0,2,56b21bd2ca5aaae8c0981cccb2a90a0ffb3e4254,True
garden-gnome,BI-Grid,1,45.98062547091832,0.9894393881162008,,45.86718798632124,45.563710682004086,,,46.51097774442963,,,17825792,10057,17835849,8.465811972281218,1391.1612474290887,271,0,2,56b21bd2ca5aaae8c0981cccb2a90a0ffb3e4254,True
garden-gnome,BI-Grid,2,45.93976737859567,0.9896459778149923,,44.89724406024287,46.454787806282624,,,46.46727026926151,,,17825792,10057,17835849,8.465811972281218,1391.8073737020604,272,0,2,56b21bd2ca5aaae8c0981cccb2a90a0ffb3e4254,True
garden-gnome,Grid-PEPS4F,0,43.988443206244746,0.9900076190630595,,36.51812574228871,48.47914485479337,,,46.96805902165217,,,17825792,18761,17844553,8.461682621021664,3865.4263230969664,273,1,2,56b21bd2ca5aaae8c0981cccb2a90a0ffb3e4254,True
garden-gnome,Grid-PEPS4F,1,44.02962602422944,0.989989161491394,,36.39010689195375,48.49443739363317,,,47.2043337871014,,,17825792,18761,17844553,8.461682621021664,3862.5337021609303,274,1,2,56b21bd2ca5aaae8c0981cccb2a90a0ffb3e4254,True
garden-gnome,Grid-PEPS4F,2,43.84014320111143,0.9900056918462118,,36.44410351714181,48.077053508839704,,,46.99927257735277,,,17825792,18761,17844553,8.461682621021664,3862.2613511970267,275,1,2,56b21bd2ca5aaae8c0981cccb2a90a0ffb3e4254,True
garden-gnome,Grid-PEPS4F-25,0,42.693213281058746,0.987036406993866,,36.26088034213683,46.186170444607754,,,45.63258905643166,,,13631488,16457,13647945,11.063566273164202,2983.326065105968,285,1,2,56b21bd2ca5aaae8c0981cccb2a90a0ffb3e4254,True
garden-gnome,Grid-PEPS4F-25,1,43.250926638106115,0.9873422781626383,,36.332775824215936,47.5979239957919,,,45.82208009431051,,,13631488,16457,13647945,11.063566273164202,2990.5704897729447,286,1,2,56b21bd2ca5aaae8c0981cccb2a90a0ffb3e4254,True
garden-gnome,Grid-PEPS4F-25,2,43.22652374635928,0.9874703884124756,,36.4000749371342,47.34092774022975,,,45.938568561713886,,,13631488,16457,13647945,11.063566273164202,2982.778482588008,287,1,2,56b21bd2ca5aaae8c0981cccb2a90a0ffb3e4254,True
garden-gnome,Grid-PinkPEPS4F,0,44.07580716896314,0.9904385010401408,,36.42986597119754,48.40833913640549,,,47.3892163992864,,,17825792,11977,17837769,8.464900739548764,3181.9700349220075,276,0,2,56b21bd2ca5aaae8c0981cccb2a90a0ffb3e4254,True
garden-gnome,Grid-PinkPEPS4F,1,44.02386528937628,0.9901401003201803,,36.41199804343801,48.43327239321507,,,47.22632543147577,,,17825792,11977,17837769,8.464900739548764,3182.337862909073,277,0,2,56b21bd2ca5aaae8c0981cccb2a90a0ffb3e4254,True
garden-gnome,Grid-PinkPEPS4F,2,43.89902430313941,0.9904173215230306,,36.41940429258942,47.795357836214905,,,47.48231078061391,,,17825792,11977,17837769,8.464900739548764,3181.9144392589806,278,0,2,56b21bd2ca5aaae8c0981cccb2a90a0ffb3e4254,True
garden-gnome,Grid-PinkPEPS4F-25,0,43.48198848193814,0.9879616101582845,,36.320243406742605,47.913438460226345,,,46.212283578845465,,,13631488,11209,13642697,11.067822146896614,2613.810896336916,288,0,2,56b21bd2ca5aaae8c0981cccb2a90a0ffb3e4254,True
garden-gnome,Grid-PinkPEPS4F-25,1,43.386856129969125,0.9877893527348837,,36.273120470429426,47.75623265050332,,,46.13121526897464,,,13631488,11209,13642697,11.067822146896614,2601.785698640044,289,0,2,56b21bd2ca5aaae8c0981cccb2a90a0ffb3e4254,True
garden-gnome,Grid-PinkPEPS4F-25,2,42.62984180603937,0.9874106645584106,,36.20551582340774,45.99918040621592,,,45.684829188494476,,,13631488,11209,13642697,11.067822146896614,2601.5299545369344,290,0,2,56b21bd2ca5aaae8c0981cccb2a90a0ffb3e4254,True
garden-gnome,LPE,0,42.531196709360074,0.986449400583903,,36.18429452272502,45.382784112333155,,,46.026511493022056,,,16777216,9993,16787209,8.994642528129601,1396.3652340970002,264,0,2,56b21bd2ca5aaae8c0981cccb2a90a0ffb3e4254,True
garden-gnome,LPE,1,42.48791884246541,0.9866307377815247,,36.06755148512037,44.806048103792186,,,46.59015693848367,,,16777216,9993,16787209,8.994642528129601,1397.5173874670872,265,0,2,56b21bd2ca5aaae8c0981cccb2a90a0ffb3e4254,True
garden-gnome,LPE,2,42.03820462594041,0.9861518343289694,,36.06587035453193,43.70627447424772,,,46.34246904904157,,,16777216,9993,16787209,8.994642528129601,1397.0461687230272,266,0,2,56b21bd2ca5aaae8c0981cccb2a90a0ffb3e4254,True
garden-gnome,NTC_N,0,43.88596913648781,0.9851897756258646,,43.187084549707265,44.781861795797234,,,43.68896106395893,,,17825792,14089,17839881,8.46389861008602,1709.2246225919807,267,1,2,56b21bd2ca5aaae8c0981cccb2a90a0ffb3e4254,True
garden-gnome,NTC_N,1,44.334441498725006,0.9853716293970743,,43.887929133379046,45.14695135157919,,,43.968444011216796,,,17825792,14089,17839881,8.46389861008602,1710.6573546960717,268,1,2,56b21bd2ca5aaae8c0981cccb2a90a0ffb3e4254,True
garden-gnome,NTC_N,2,44.502535660221376,0.9855078458786011,,44.23484432641306,44.831693805442576,,,44.44106884880849,,,17825792,14089,17839881,8.46389861008602,1710.700986592099,269,1,2,56b21bd2ca5aaae8c0981cccb2a90a0ffb3e4254,True
garden-gnome,NTC_PEPS,0,48.2943810920963,0.9895255963007609,,48.03145087834125,50.10672358101054,,,46.7449688169371,,,17825792,48905,17874697,8.447412786913254,4466.047525072005,279,1,2,56b21bd2ca5aaae8c0981cccb2a90a0ffb3e4254,True
garden-gnome,NTC_PEPS,1,48.278964588965444,0.9896880586942037,,47.809830458496776,50.265341552138665,,,46.76172175626089,,,17825792,48905,17874697,8.447412786913254,4465.784138563089,280,1,2,56b21bd2ca5aaae8c0981cccb2a90a0ffb3e4254,True
garden-gnome,NTC_PEPS,2,48.33248664627755,0.9894285599390665,,48.24089299202282,50.16683907075061,,,46.58972787605923,,,17825792,48905,17874697,8.447412786913254,4466.057135601994,281,1,2,56b21bd2ca5aaae8c0981cccb2a90a0ffb3e4254,True
garden-gnome,NTC_PEPS-25,0,43.60580448741887,0.9864623745282491,,36.4405940519599,48.85618254356494,,,45.52063686673176,,,13369344,39113,13408457,11.26117225867227,3570.974315434927,291,1,2,56b21bd2ca5aaae8c0981cccb2a90a0ffb3e4254,True
garden-gnome,NTC_PEPS-25,1,46.14210471220134,0.9866092602411906,,45.888077348810334,48.14158376899364,,,44.396653018800045,,,13369344,39113,13408457,11.26117225867227,3571.531007151003,292,1,2,56b21bd2ca5aaae8c0981cccb2a90a0ffb3e4254,True
garden-gnome,NTC_PEPS-25,2,43.48974287935342,0.9863619009653727,,36.42706802526115,48.60595372527194,,,45.43620688752717,,,13369344,39113,13408457,11.26117225867227,3571.2117289559683,293,1,2,56b21bd2ca5aaae8c0981cccb2a90a0ffb3e4254,True
garden-gnome,NTC_PinkPEPS,0,47.81419149592018,0.98946613073349,,47.634626574712655,49.36490264590801,,,46.44304526713987,,,17825792,22153,17847945,8.460074479162728,5474.605627083103,282,0,2,56b21bd2ca5aaae8c0981cccb2a90a0ffb3e4254,True
garden-gnome,NTC_PinkPEPS,1,47.962376808761746,0.9894699454307556,,47.928694569036104,49.55378284930628,,,46.40465300794286,,,17825792,22153,17847945,8.460074479162728,5475.347586950054,283,0,2,56b21bd2ca5aaae8c0981cccb2a90a0ffb3e4254,True
garden-gnome,NTC_PinkPEPS,2,47.46894522755375,0.9890483816464742,,47.26160455873848,48.72543062189933,,,46.419800502023456,,,17825792,22153,17847945,8.460074479162728,5476.27784542297,284,0,2,56b21bd2ca5aaae8c0981cccb2a90a0ffb3e4254,True
garden-gnome,NTC_PinkPEPS-25,0,46.54426846482628,0.9864985545476278,,46.19991682769697,48.235913498084656,,,45.19697506869723,,,13369344,18889,13388233,11.278183162781826,4439.917234192952,294,0,2,56b21bd2ca5aaae8c0981cccb2a90a0ffb3e4254,True
garden-gnome,NTC_PinkPEPS-25,1,46.227357494107444,0.9864540497461954,,45.98369846949093,47.80764690351316,,,44.89072710931825,,,13369344,18889,13388233,11.278183162781826,4440.5957585609285,295,0,2,56b21bd2ca5aaae8c0981cccb2a90a0ffb3e4254,True
garden-gnome,NTC_PinkPEPS-25,2,43.30744819385279,0.9864169756571451,,36.4545394514637,48.24700872900849,,,45.220796401086176,,,13369344,18889,13388233,11.278183162781826,4440.3667866510805,296,0,2,56b21bd2ca5aaae8c0981cccb2a90a0ffb3e4254,True
garden-sprinkler-01,BI-Grid,0,37.428243987800265,0.9284373819828033,,33.053945072183005,35.006540543970274,53.990541202729034,,27.661949132318743,,,17825792,10252,17836044,11.287625888341607,1401.208884843043,303,1,2,56b21bd2ca5aaae8c0981cccb2a90a0ffb3e4254,True
garden-sprinkler-01,BI-Grid,1,37.35945155393125,0.9279448986053467,,32.98167301584072,35.01348975137192,53.75553039752576,,27.687113050986603,,,17825792,10252,17836044,11.287625888341607,1400.9833959880052,304,1,2,56b21bd2ca5aaae8c0981cccb2a90a0ffb3e4254,True
garden-sprinkler-01,BI-Grid,2,37.556816205566165,0.9300293475389481,,33.00306428277831,35.328200532721105,54.18037041760462,,27.71562958916062,,,17825792,10252,17836044,11.287625888341607,1400.9218251319835,305,1,2,56b21bd2ca5aaae8c0981cccb2a90a0ffb3e4254,True
garden-sprinkler-01,Grid-PEPS4F,0,38.03281761297163,0.933270275592804,,33.20806209636789,37.181328557524694,53.04436400881951,,28.697515789174414,,,17825792,18956,17844748,11.282120207021135,3856.7767647950677,306,0,2,56b21bd2ca5aaae8c0981cccb2a90a0ffb3e4254,True
garden-sprinkler-01,Grid-PEPS4F,1,38.36447194250576,0.9353539794683456,,34.11984214864259,37.1520917844155,53.25977997038813,,28.926173866576804,,,17825792,18956,17844748,11.282120207021135,3858.1848316009855,307,0,2,56b21bd2ca5aaae8c0981cccb2a90a0ffb3e4254,True
garden-sprinkler-01,Grid-PEPS4F,2,38.19622704119188,0.9349066615104675,,33.49239921233373,37.247810005276,53.081228720678396,,28.96347022647939,,,17825792,18956,17844748,11.282120207021135,3857.320621897001,308,0,2,56b21bd2ca5aaae8c0981cccb2a90a0ffb3e4254,True
garden-sprinkler-01,Grid-PEPS4F-25,0,36.913429888829015,0.9157881736755371,,32.339262439772114,35.867472460540256,52.26490472325522,,27.18207993174846,,,13631488,16652,13648140,14.751210934237193,2972.2007602619706,318,0,2,56b21bd2ca5aaae8c0981cccb2a90a0ffb3e4254,True
garden-sprinkler-01,Grid-PEPS4F-25,1,36.26437270968851,0.9172915071249008,,32.85223897179848,35.799630478161525,49.36582548838863,,27.03979590040541,,,13631488,16652,13648140,14.751210934237193,2972.7633864990203,319,0,2,56b21bd2ca5aaae8c0981cccb2a90a0ffb3e4254,True
garden-sprinkler-01,Grid-PEPS4F-25,2,37.35707701236234,0.9172436743974686,,32.89799654454855,35.87434307861882,53.53604299433803,,27.119925431943965,,,13631488,16652,13648140,14.751210934237193,2972.6046686780173,320,0,2,56b21bd2ca5aaae8c0981cccb2a90a0ffb3e4254,True
garden-sprinkler-01,Grid-PinkPEPS4F,0,38.439411128677186,0.9340540766716003,,33.88512365870432,37.026376170299656,54.3507008112961,,28.495443874408657,,,17825792,12172,17837964,11.286410937929912,3189.807779059047,309,1,2,56b21bd2ca5aaae8c0981cccb2a90a0ffb3e4254,True
garden-sprinkler-01,Grid-PinkPEPS4F,1,38.39431115945638,0.9339435398578644,,34.09861307563301,36.612588580030064,54.51743440593919,,28.348608576223263,,,17825792,12172,17837964,11.286410937929912,3189.41262551595,310,1,2,56b21bd2ca5aaae8c0981cccb2a90a0ffb3e4254,True
garden-sprinkler-01,Grid-PinkPEPS4F,2,38.68197047221244,0.9364662319421768,,34.41651224527376,37.11723223965317,54.617602874202014,,28.57653452972082,,,17825792,12172,17837964,11.286410937929912,3191.4318539008964,311,1,2,56b21bd2ca5aaae8c0981cccb2a90a0ffb3e4254,True
garden-sprinkler-01,Grid-PinkPEPS4F-25,0,37.276661801674486,0.9178741872310638,,32.81552671396251,35.674185644217665,53.631849563906464,,26.985085284611298,,,13631488,11404,13642892,14.75688527036643,2605.176651548012,321,1,2,56b21bd2ca5aaae8c0981cccb2a90a0ffb3e4254,True
garden-sprinkler-01,Grid-PinkPEPS4F-25,1,37.260333572679095,0.9189815670251846,,32.95915174607331,35.566500422247735,53.26536257890055,,27.250319543494783,,,13631488,11404,13642892,14.75688527036643,2605.43783226097,322,1,2,56b21bd2ca5aaae8c0981cccb2a90a0ffb3e4254,True
garden-sprinkler-01,Grid-PinkPEPS4F-25,2,37.31185338781379,0.9208986014127731,,33.01733206525503,35.97635857619688,52.8985870143641,,27.355135895439155,,,13631488,11404,13642892,14.75688527036643,2605.7155371840345,323,1,2,56b21bd2ca5aaae8c0981cccb2a90a0ffb3e4254,True
garden-sprinkler-01,LPE,0,35.97639731733061,0.9256139844655991,,32.19271962763719,35.14383253058707,49.05202851229082,,27.51700859880737,,,16777216,10188,16787404,11.992717396924503,1403.4690284149256,297,1,2,56b21bd2ca5aaae8c0981cccb2a90a0ffb3e4254,True
garden-sprinkler-01,LPE,1,35.697288723655475,0.9248882681131363,,31.839981014064218,34.752499040387676,48.45323521563735,,27.74343962453265,,,16777216,10188,16787404,11.992717396924503,1401.6286665250082,298,1,2,56b21bd2ca5aaae8c0981cccb2a90a0ffb3e4254,True
garden-sprinkler-01,LPE,2,35.53879395281044,0.9268520921468735,,32.34594061912969,34.97503518653736,47.04429913106048,,27.78990087451422,,,16777216,10188,16787404,11.992717396924503,1401.9461590759456,299,1,2,56b21bd2ca5aaae8c0981cccb2a90a0ffb3e4254,True
garden-sprinkler-01,NTC_N,0,36.19881767220202,0.9068014919757843,,31.600450403057067,33.61969562543314,53.043405492644865,,26.53171916767301,,,17825792,14284,17840076,11.285074794524418,1696.4592806600267,300,0,2,56b21bd2ca5aaae8c0981cccb2a90a0ffb3e4254,True
garden-sprinkler-01,NTC_N,1,36.28354241188347,0.910824716091156,,31.639051260287246,33.51904808239419,53.19710394846525,,26.77896635638719,,,17825792,14284,17840076,11.285074794524418,1694.9540530400118,301,0,2,56b21bd2ca5aaae8c0981cccb2a90a0ffb3e4254,True
garden-sprinkler-01,NTC_N,2,36.329392879326214,0.9088468849658966,,31.66413448528896,33.676037229280816,53.362346135004366,,26.615053667730724,,,17825792,14284,17840076,11.285074794524418,1693.4828731279122,302,0,2,56b21bd2ca5aaae8c0981cccb2a90a0ffb3e4254,True
garden-sprinkler-01,NTC_PEPS,0,38.80561346789564,0.9355493038892746,,34.21902225129415,37.82852272260112,53.65297856828357,,29.521930329403716,,,17825792,49100,17874892,11.263094177016566,4442.560281450045,312,0,2,56b21bd2ca5aaae8c0981cccb2a90a0ffb3e4254,True
garden-sprinkler-01,NTC_PEPS,1,38.67547000787001,0.9340737611055374,,33.76971812427924,37.90449417708373,53.67962241181991,,29.348045318297157,,,17825792,49100,17874892,11.263094177016566,4443.724880269961,313,0,2,56b21bd2ca5aaae8c0981cccb2a90a0ffb3e4254,True
garden-sprinkler-01,NTC_PEPS,2,38.9861032019033,0.936354398727417,,34.178803929269236,38.34726406139615,53.88236959084747,,29.53597522610034,,,17825792,49100,17874892,11.263094177016566,4472.105591209955,314,0,2,56b21bd2ca5aaae8c0981cccb2a90a0ffb3e4254,True
garden-sprinkler-01,NTC_PEPS-25,0,37.42383400230982,0.9197153002023697,,32.23402683604451,36.45664071881307,52.92755680121391,,28.077111653167783,,,13369344,39308,13408652,15.014677985527554,3563.0178829879733,324,0,2,56b21bd2ca5aaae8c0981cccb2a90a0ffb3e4254,True
garden-sprinkler-01,NTC_PEPS-25,1,37.438053234395106,0.9158361256122589,,32.558680322440246,36.41742011746403,52.96626129538976,,27.809851202286385,,,13369344,39308,13408652,15.014677985527554,3562.650629775948,325,0,2,56b21bd2ca5aaae8c0981cccb2a90a0ffb3e4254,True
garden-sprinkler-01,NTC_PEPS-25,2,37.706653050919456,0.9192981421947479,,33.16671071271444,36.69338614238351,52.987152337721,,27.979363010858865,,,13369344,39308,13408652,15.014677985527554,3562.668981318944,326,0,2,56b21bd2ca5aaae8c0981cccb2a90a0ffb3e4254,True
garden-sprinkler-01,NTC_PinkPEPS,0,38.34625956525343,0.9339475184679031,,33.5329899029318,37.33873055276405,53.67169275843679,,28.84162504688108,,,17825792,22348,17848140,11.279976064732796,5483.906238761963,315,1,2,56b21bd2ca5aaae8c0981cccb2a90a0ffb3e4254,True
garden-sprinkler-01,NTC_PinkPEPS,1,38.31713248157793,0.9305016845464706,,34.000054044872236,37.19240557648809,53.74575204235947,,28.33031826259193,,,17825792,22348,17848140,11.279976064732796,5485.655111268046,316,1,2,56b21bd2ca5aaae8c0981cccb2a90a0ffb3e4254,True
garden-sprinkler-01,NTC_PinkPEPS,2,38.31915341104472,0.9335256963968277,,33.42963085263754,36.97446895974786,53.87792165392432,,28.994592177869162,,,17825792,22348,17848140,11.279976064732796,5493.0110654730815,317,1,2,56b21bd2ca5aaae8c0981cccb2a90a0ffb3e4254,True
garden-sprinkler-01,NTC_PinkPEPS-25,0,37.278479345135764,0.9170422554016113,,32.78515358267181,35.75829873253547,53.09934364458168,,27.471121420754105,,,13369344,19084,13388428,15.03735853081482,4447.048995523015,327,1,2,56b21bd2ca5aaae8c0981cccb2a90a0ffb3e4254,True
garden-sprinkler-01,NTC_PinkPEPS-25,1,37.17193408754675,0.9175262153148651,,32.561710548328705,35.690396911140404,52.53809354900614,,27.897535341711755,,,13369344,19084,13388428,15.03735853081482,4447.300941289985,328,1,2,56b21bd2ca5aaae8c0981cccb2a90a0ffb3e4254,True
garden-sprinkler-01,NTC_PinkPEPS-25,2,36.98714437173183,0.9124821573495865,,32.371084815347324,35.411946710205164,52.819152364241766,,27.34639359713305,,,13369344,19084,13388428,15.03735853081482,4447.082700867904,329,1,2,56b21bd2ca5aaae8c0981cccb2a90a0ffb3e4254,True
metal-plates-013,BI-Grid,0,43.01013957017056,0.958799014488856,54.67751918410228,,39.75237772421097,50.94676134820962,37.65528615213433,32.31146118726483,42.717431825101315,,17825792,10642,17836434,16.93106862055498,1402.3806006050436,336,0,2,56b21bd2ca5aaae8c0981cccb2a90a0ffb3e4254,True
metal-plates-013,BI-Grid,1,43.21089489629551,0.9581689337889353,55.488578394632356,,39.70433252606745,51.61631127611762,37.3979833798116,32.27926013477101,42.77890366637301,,17825792,10642,17836434,16.93106862055498,1402.9619407189311,337,0,2,56b21bd2ca5aaae8c0981cccb2a90a0ffb3e4254,True
metal-plates-013,BI-Grid,2,43.15728544320991,0.9584975143273672,55.21660485225803,,39.751774840612384,51.264577091394194,37.507348222109314,32.28388467600216,42.91952297688336,,17825792,10642,17836434,16.93106862055498,1401.921867510071,338,0,2,56b21bd2ca5aaae8c0981cccb2a90a0ffb3e4254,True
metal-plates-013,Grid-PEPS4F,0,44.26893663508056,0.9539918005466461,56.389050778103105,,38.88362733975852,52.084345003512944,43.87250641010431,32.21773613936374,42.16635413964069,,17825792,19346,17845138,16.922810459633318,3835.167416884098,339,1,2,56b21bd2ca5aaae8c0981cccb2a90a0ffb3e4254,True
metal-plates-013,Grid-PEPS4F,1,44.06038777815718,0.9544176161289215,55.69100470314582,,39.05442647638348,51.71705467442476,42.94315676696758,32.21814898223546,42.73853506578593,,17825792,19346,17845138,16.922810459633318,3851.024856835953,340,1,2,56b21bd2ca5aaae8c0981cccb2a90a0ffb3e4254,True
metal-plates-013,Grid-PEPS4F,2,44.228158737815754,0.9534230828285217,56.358138471448285,,38.800806594767,52.72688147819981,42.48740532478928,32.13824928394277,42.85747127374734,,17825792,19346,17845138,16.922810459633318,3865.5630014369963,341,1,2,56b21bd2ca5aaae8c0981cccb2a90a0ffb3e4254,True
metal-plates-013,Grid-PEPS4F-25,0,42.875113229503036,0.9471750855445862,55.12194220654025,,37.88144088026337,51.08867281281695,40.55507808929357,31.945803440838677,40.65774194726539,,13631488,17042,13648530,22.12618413851162,3120.916821976076,351,1,2,56b21bd2ca5aaae8c0981cccb2a90a0ffb3e4254,True
metal-plates-013,Grid-PEPS4F-25,1,42.74056598294192,0.9481963316599528,54.53427368897572,,38.03229442872398,50.50545135188182,40.59178131184487,31.97204775198238,40.80754736424281,,13631488,17042,13648530,22.12618413851162,2999.6999527220614,352,1,2,56b21bd2ca5aaae8c0981cccb2a90a0ffb3e4254,True
metal-plates-013,Grid-PEPS4F-25,2,42.80872892612937,0.947329580783844,55.46111564168789,,37.971061033581094,50.859623309908116,40.15100043220776,31.939681434423974,40.4698917049674,,13631488,17042,13648530,22.12618413851162,2998.930010301061,353,1,2,56b21bd2ca5aaae8c0981cccb2a90a0ffb3e4254,True
metal-plates-013,Grid-PinkPEPS4F,0,43.8689441174296,0.9555924733479818,55.36290778847881,,39.43040399658499,51.37232149315075,41.667725629200405,32.04397829573469,43.33632750142793,,17825792,12562,17838354,16.92924627462825,3199.902450263966,342,0,2,56b21bd2ca5aaae8c0981cccb2a90a0ffb3e4254,True
metal-plates-013,Grid-PinkPEPS4F,1,43.91088726255356,0.9554515580336252,55.42534433732003,,39.41860983319865,51.22178222301648,42.04603773190698,31.982961253168014,43.37058819671118,,17825792,12562,17838354,16.92924627462825,3251.613063205965,343,0,2,56b21bd2ca5aaae8c0981cccb2a90a0ffb3e4254,True
metal-plates-013,Grid-PinkPEPS4F,2,43.70089267513129,0.9558682143688202,55.236484872442766,,39.391597027308094,51.60798180760584,40.71847776964691,32.20934035808725,43.04147421569689,,17825792,12562,17838354,16.92924627462825,3225.606445822981,344,0,2,56b21bd2ca5aaae8c0981cccb2a90a0ffb3e4254,True
metal-plates-013,Grid-PinkPEPS4F-25,0,42.98037119642938,0.9502728581428528,54.988835006200176,,38.42637305153964,50.87365359521952,40.31675676304268,31.918456392315704,41.35815237025853,,13631488,11794,13643282,22.134695156194823,2616.651660596952,354,0,2,56b21bd2ca5aaae8c0981cccb2a90a0ffb3e4254,True
metal-plates-013,Grid-PinkPEPS4F-25,1,42.30421821514322,0.9496373434861501,54.0897026966602,,38.37246340889423,49.88289022349858,38.1090114596256,31.910517143945086,41.46072435823566,,13631488,11794,13643282,22.134695156194823,2616.140234550927,355,0,2,56b21bd2ca5aaae8c0981cccb2a90a0ffb3e4254,True
metal-plates-013,Grid-PinkPEPS4F-25,2,42.58212822081651,0.9496913850307465,54.70023768772709,,38.46882091132255,50.73715642027232,38.47091719139008,31.862692969563334,41.25294414462364,,13631488,11794,13643282,22.134695156194823,2616.665915860096,356,0,2,56b21bd2ca5aaae8c0981cccb2a90a0ffb3e4254,True
metal-plates-013,LPE,0,41.207950655523,0.9472776254018148,53.95232525708005,,38.06032094829866,49.82272792368608,33.65389146726225,31.73584753155025,40.022590805260705,,16777216,10578,16787794,17.988658188205072,1402.6885884780204,330,0,2,56b21bd2ca5aaae8c0981cccb2a90a0ffb3e4254,True
metal-plates-013,LPE,1,41.57982304789276,0.9465193649133047,54.355011033782276,,37.72522128153202,50.14437912875381,35.413986329405404,31.622768823230807,40.21757169065224,,16777216,10578,16787794,17.988658188205072,1407.071543655009,331,0,2,56b21bd2ca5aaae8c0981cccb2a90a0ffb3e4254,True
metal-plates-013,LPE,2,41.48091281401937,0.9473762909571329,53.89410557360474,,37.81359105417798,50.051016694340895,35.841342865149166,31.782752245008638,39.50266845183481,,16777216,10578,16787794,17.988658188205072,1407.3691366419662,332,0,2,56b21bd2ca5aaae8c0981cccb2a90a0ffb3e4254,True
metal-plates-013,NTC_N,0,42.35844427949883,0.9534536302089691,54.54103677326707,,38.93593885364599,51.79537864162435,35.65645922295109,32.08086347305252,41.14098871245197,,17825792,14674,17840466,16.927242147150192,1719.7398408149602,333,1,2,56b21bd2ca5aaae8c0981cccb2a90a0ffb3e4254,True
metal-plates-013,NTC_N,1,42.146400707267496,0.9543842971324921,53.672050625109236,,38.85106069057248,50.066811002958794,36.94216135671253,32.128704597957245,41.21761597029468,,17825792,14674,17840466,16.927242147150192,1717.797828259063,334,1,2,56b21bd2ca5aaae8c0981cccb2a90a0ffb3e4254,True
metal-plates-013,NTC_N,2,42.25271289637034,0.955340305964152,54.313717134849284,,38.90534687143727,51.36563927266339,35.716087576445965,32.54036355135537,40.67512297147077,,17825792,14674,17840466,16.927242147150192,1717.0859622590942,335,1,2,56b21bd2ca5aaae8c0981cccb2a90a0ffb3e4254,True
metal-plates-013,NTC_PEPS,0,44.941646734180544,0.9546300371487936,56.03364988671399,,38.69113265466377,54.57406374428315,45.132964964666186,32.79045216398757,42.42761699076859,,17825792,49490,17875282,16.894272660985152,4542.668006777065,345,1,2,56b21bd2ca5aaae8c0981cccb2a90a0ffb3e4254,True
metal-plates-013,NTC_PEPS,1,44.52682993597057,0.9514634509881338,56.546515040606565,,38.4306979802888,55.1851858902679,42.148762638236896,32.34952932951724,42.50028873690602,,17825792,49490,17875282,16.894272660985152,4479.314894951996,346,1,2,56b21bd2ca5aaae8c0981cccb2a90a0ffb3e4254,True
metal-plates-013,NTC_PEPS,2,44.935275677350575,0.9531830251216888,56.38155528178656,,38.621162687430235,55.453091974781515,44.42823376783183,32.6804052842743,42.04720506799902,,17825792,49490,17875282,16.894272660985152,4481.71158453403,347,1,2,56b21bd2ca5aaae8c0981cccb2a90a0ffb3e4254,True
metal-plates-013,NTC_PEPS-25,0,43.59897656755245,0.9453290601571401,55.17304795335096,,37.88308327041192,52.978625988080395,43.44580354294625,31.952233260483144,40.161065390042,,13369344,39698,13409042,22.521361928764186,3585.7033526489977,357,1,2,56b21bd2ca5aaae8c0981cccb2a90a0ffb3e4254,True
metal-plates-013,NTC_PEPS-25,1,43.03020160268769,0.9436903893947601,54.76026779901625,,37.722157920321315,52.112399285230076,41.73317358572311,31.812249532929528,40.04096149290586,,13369344,39698,13409042,22.521361928764186,3584.3556121719303,358,1,2,56b21bd2ca5aaae8c0981cccb2a90a0ffb3e4254,True
metal-plates-013,NTC_PEPS-25,2,43.28412272305127,0.9444002111752828,55.21418905771219,,37.7338943675043,53.17969364630427,41.463556196630655,31.83347684481665,40.279926225339516,,13369344,39698,13409042,22.521361928764186,3583.893408201053,359,1,2,56b21bd2ca5aaae8c0981cccb2a90a0ffb3e4254,True
metal-plates-013,NTC_PinkPEPS,0,44.046466744976705,0.9511728783448538,56.05266358155614,,38.60861732503508,53.827124463692904,41.22741742095169,31.99444960209852,42.568528076525936,,17825792,22738,17848530,16.919594386764626,5536.877155928058,348,0,2,56b21bd2ca5aaae8c0981cccb2a90a0ffb3e4254,True
metal-plates-013,NTC_PinkPEPS,1,44.178401248032024,0.9524607261021932,55.50464248082302,,38.68049655639475,53.1318127063465,43.0180892694796,32.1819657050552,42.55340077009308,,17825792,22738,17848530,16.919594386764626,5480.3611705079675,349,0,2,56b21bd2ca5aaae8c0981cccb2a90a0ffb3e4254,True
metal-plates-013,NTC_PinkPEPS,2,44.17505694645049,0.9515811701615652,55.67270138347769,,38.6964845957844,53.40185423174663,43.07360857925184,31.96138437582384,42.24430851261854,,17825792,22738,17848530,16.919594386764626,5571.868577052024,350,0,2,56b21bd2ca5aaae8c0981cccb2a90a0ffb3e4254,True
metal-plates-013,NTC_PinkPEPS-25,0,43.032815522152475,0.9447785019874573,55.24586326345893,,37.846844714485115,52.94570336395611,40.01662393191231,31.8382641186447,40.30359374045767,,13369344,19474,13388818,22.555380766248373,4460.161357129924,360,0,2,56b21bd2ca5aaae8c0981cccb2a90a0ffb3e4254,True
metal-plates-013,NTC_PinkPEPS-25,1,43.56311742944891,0.9452314873536428,55.843279680058174,,37.847707442559994,53.37341569778502,41.97410013490807,31.859161574640066,40.481040046742145,,13369344,19474,13388818,22.555380766248373,4460.223394750035,361,0,2,56b21bd2ca5aaae8c0981cccb2a90a0ffb3e4254,True
metal-plates-013,NTC_PinkPEPS-25,2,42.915467492811665,0.9440016746520996,55.18014696904514,,37.844648822836774,52.78982504892869,39.70723525425663,31.818823798007255,40.152125063795495,,13369344,19474,13388818,22.555380766248373,4459.927207503002,362,0,2,56b21bd2ca5aaae8c0981cccb2a90a0ffb3e4254,True
paving-stones-070,BI-Grid,0,34.2467284913521,0.916262936592102,37.922172655909904,,28.774357447205535,45.18917551184636,,26.09023607370947,33.25770076808924,,17825792,10447,17836239,14.10937810375831,1414.5983052480733,369,1,2,56b21bd2ca5aaae8c0981cccb2a90a0ffb3e4254,True
paving-stones-070,BI-Grid,1,34.19974010059411,0.916320526599884,37.77798070381691,,28.74852802056708,45.08192840619449,,26.160372393941692,33.22989097845038,,17825792,10447,17836239,14.10937810375831,1414.3445253679529,370,1,2,56b21bd2ca5aaae8c0981cccb2a90a0ffb3e4254,True
paving-stones-070,BI-Grid,2,34.25965296544884,0.9171140670776368,37.8242332377583,,28.74123295966479,45.27033357871916,,26.14608685779153,33.31637819331044,,17825792,10447,17836239,14.10937810375831,1414.1136427950114,371,1,2,56b21bd2ca5aaae8c0981cccb2a90a0ffb3e4254,True
paving-stones-070,Grid-PEPS4F,0,34.00138565253813,0.8972580075263977,37.35738220505273,,29.37567723443889,45.08194011643293,,25.292233072459382,32.89969563430675,,17825792,19151,17844943,14.102496152551455,3868.0497370010708,372,0,2,56b21bd2ca5aaae8c0981cccb2a90a0ffb3e4254,True
paving-stones-070,Grid-PEPS4F,1,34.13119891200611,0.9009142994880677,37.49238785660983,,29.735093756438353,45.08096878310453,,25.308609932418467,33.03893423145938,,17825792,19151,17844943,14.102496152551455,3881.2628990380326,373,0,2,56b21bd2ca5aaae8c0981cccb2a90a0ffb3e4254,True
paving-stones-070,Grid-PEPS4F,2,34.27531138124554,0.9007882595062255,37.87003890632774,,29.735918167124666,45.28075836365332,,25.486159840951473,33.00368162817048,,17825792,19151,17844943,14.102496152551455,3831.2363720119465,374,0,2,56b21bd2ca5aaae8c0981cccb2a90a0ffb3e4254,True
paving-stones-070,Grid-PEPS4F-25,0,33.14202231326704,0.8815833806991578,36.52561569302725,,27.464865082016374,44.78873076556689,,24.447379545615245,32.48352048010943,,13631488,16847,13648335,18.438750221180825,2956.769244125928,384,0,2,56b21bd2ca5aaae8c0981cccb2a90a0ffb3e4254,True
paving-stones-070,Grid-PEPS4F-25,1,33.014363017167184,0.8783552885055542,36.35863795303167,,27.258006848490517,44.68304025308363,,24.32714432866438,32.44498570256572,,13631488,16847,13648335,18.438750221180825,2957.1065197200514,385,0,2,56b21bd2ca5aaae8c0981cccb2a90a0ffb3e4254,True
paving-stones-070,Grid-PEPS4F-25,2,33.07004620094039,0.8798115491867066,36.45033214989738,,27.309144405082577,44.74946085100626,,24.367390879808482,32.473902718907254,,13631488,16847,13648335,18.438750221180825,2957.5723016660195,386,0,2,56b21bd2ca5aaae8c0981cccb2a90a0ffb3e4254,True
paving-stones-070,Grid-PinkPEPS4F,0,34.41802317343766,0.9052597641944885,38.23712555399145,,29.68112067604181,45.331042688827566,,25.654131794742216,33.186695153585255,,17825792,12367,17838159,14.107859448948739,3202.4497206070228,375,1,2,56b21bd2ca5aaae8c0981cccb2a90a0ffb3e4254,True
paving-stones-070,Grid-PinkPEPS4F,1,34.46151829756985,0.906159782409668,38.37814639986509,,29.543926837241496,45.44700564505605,,25.735001638898858,33.20351096678777,,17825792,12367,17838159,14.107859448948739,3201.472494634101,376,1,2,56b21bd2ca5aaae8c0981cccb2a90a0ffb3e4254,True
paving-stones-070,Grid-PinkPEPS4F,2,34.323574506473214,0.9054224729537964,37.795009499091265,,29.669429654792157,45.3482244949151,,25.63663293080117,33.168575952766396,,17825792,12367,17838159,14.107859448948739,3246.1957755220355,377,1,2,56b21bd2ca5aaae8c0981cccb2a90a0ffb3e4254,True
paving-stones-070,Grid-PinkPEPS4F-25,0,33.34502268863965,0.8845933198928833,37.02699698512188,,27.59563104694195,44.934235956070864,,24.524776608652054,32.64347284641153,,13631488,11599,13643087,18.445842938625255,2621.0258118199417,387,1,2,56b21bd2ca5aaae8c0981cccb2a90a0ffb3e4254,True
paving-stones-070,Grid-PinkPEPS4F-25,1,33.10646643437743,0.881488311290741,36.527574930979775,,27.210187783324514,44.800903775161345,,24.39088390016924,32.6027817822523,,13631488,11599,13643087,18.445842938625255,2621.4384712019237,388,1,2,56b21bd2ca5aaae8c0981cccb2a90a0ffb3e4254,True
paving-stones-070,Grid-PinkPEPS4F-25,2,33.21957226938757,0.8841999650001526,36.53677966292162,,27.711625936155393,44.917976385405645,,24.41116621839152,32.52031314406366,,13631488,11599,13643087,18.445842938625255,2621.793228602037,389,1,2,56b21bd2ca5aaae8c0981cccb2a90a0ffb3e4254,True
paving-stones-070,LPE,0,32.92620770882303,0.8928591489791871,35.70329985062898,,27.552896807656623,44.401165753194284,,24.33481141182664,32.63886472080861,,16777216,10383,16787599,14.99072261614064,1416.2657131630694,363,1,2,56b21bd2ca5aaae8c0981cccb2a90a0ffb3e4254,True
paving-stones-070,LPE,1,32.97564130425489,0.8954644799232483,35.76173504657103,,27.764421593897104,44.431234184826835,,24.351015107113597,32.56980058886592,,16777216,10383,16787599,14.99072261614064,1411.0503823830513,364,1,2,56b21bd2ca5aaae8c0981cccb2a90a0ffb3e4254,True
paving-stones-070,LPE,2,33.01938288785482,0.8939779877662659,35.958358810412456,,27.878077549357016,44.49521850010758,,24.178554881868195,32.58670469752883,,16777216,10383,16787599,14.99072261614064,1411.2285919539863,365,1,2,56b21bd2ca5aaae8c0981cccb2a90a0ffb3e4254,True
paving-stones-070,NTC_N,0,33.48868638862665,0.9064360976219177,36.75675452310466,,27.961782364251984,44.422655122769996,,25.05202555904075,33.25021437396582,,17825792,14479,17840271,14.106189306205046,1706.691154158907,366,0,2,56b21bd2ca5aaae8c0981cccb2a90a0ffb3e4254,True
paving-stones-070,NTC_N,1,33.329894275612304,0.9053419589996338,36.553736518918555,,27.976789560373373,44.06092832728034,,24.901172194496056,33.156844776993196,,17825792,14479,17840271,14.106189306205046,1705.4017992240842,367,0,2,56b21bd2ca5aaae8c0981cccb2a90a0ffb3e4254,True
paving-stones-070,NTC_N,2,33.35241349170146,0.90626060962677,36.74529057833483,,28.208200033413693,43.67604776380098,,25.034702481742283,33.09782660121554,,17825792,14479,17840271,14.106189306205046,1704.3963567169849,368,0,2,56b21bd2ca5aaae8c0981cccb2a90a0ffb3e4254,True
paving-stones-070,NTC_PEPS,0,34.14753502933098,0.897704291343689,37.93668872606342,,30.532403563676645,44.11110039467864,,25.062233970429027,33.09524849180719,,17825792,49295,17875087,14.078714134370367,4452.9504019060405,378,0,2,56b21bd2ca5aaae8c0981cccb2a90a0ffb3e4254,True
paving-stones-070,NTC_PEPS,1,34.11599233270496,0.8947201371192932,37.79378602351821,,30.303655821988762,44.510809615253265,,25.062414651258756,32.909295551505814,,17825792,49295,17875087,14.078714134370367,4452.921251783962,379,0,2,56b21bd2ca5aaae8c0981cccb2a90a0ffb3e4254,True
paving-stones-070,NTC_PEPS,2,34.1110573661271,0.8956294536590577,37.808308531613235,,30.438299683863104,44.347087407040846,,25.024018295230697,32.937572912887624,,17825792,49295,17875087,14.078714134370367,4453.4047177979955,380,0,2,56b21bd2ca5aaae8c0981cccb2a90a0ffb3e4254,True
paving-stones-070,NTC_PEPS-25,0,32.590494983216146,0.8734306216239929,35.73490355008709,,28.026280282649022,42.75599423389495,,24.07120650083335,32.364090348616294,,13369344,39503,13408847,18.768074540637237,3574.5719939420233,390,0,2,56b21bd2ca5aaae8c0981cccb2a90a0ffb3e4254,True
paving-stones-070,NTC_PEPS-25,1,32.646514648209155,0.8715653657913208,36.14082524465353,,27.939840253709537,42.93677431389864,,23.96119555872845,32.25393787005563,,13369344,39503,13408847,18.768074540637237,3575.031574781984,391,0,2,56b21bd2ca5aaae8c0981cccb2a90a0ffb3e4254,True
paving-stones-070,NTC_PEPS-25,2,32.85254621318884,0.8762552738189697,36.3343874483818,,28.113318461612668,43.22944933569471,,24.15867326886461,32.42690255139041,,13369344,39503,13408847,18.768074540637237,3574.214957823977,392,0,2,56b21bd2ca5aaae8c0981cccb2a90a0ffb3e4254,True
paving-stones-070,NTC_PinkPEPS,0,33.93697239320502,0.8970039010047912,37.45847785290033,,30.793068714273986,43.78296511714099,,24.57801512568875,33.07233515602103,,17825792,22543,17848335,14.099816033260245,5494.761943163001,381,1,2,56b21bd2ca5aaae8c0981cccb2a90a0ffb3e4254,True
paving-stones-070,NTC_PinkPEPS,1,34.08490696208463,0.8961803436279296,37.65690561777081,,30.665721949748193,44.48250379553492,,24.572997810545715,33.04640563682351,,17825792,22543,17848335,14.099816033260245,5493.002480480005,382,1,2,56b21bd2ca5aaae8c0981cccb2a90a0ffb3e4254,True
paving-stones-070,NTC_PinkPEPS,2,33.828006100288235,0.8959799528121948,37.02050544638468,,30.814996159975298,43.673562178110224,,24.59291793309507,33.038048783875894,,17825792,22543,17848335,14.099816033260245,5493.107042978983,383,1,2,56b21bd2ca5aaae8c0981cccb2a90a0ffb3e4254,True
paving-stones-070,NTC_PinkPEPS-25,0,32.72106275654209,0.8753628492355346,36.002314830759836,,28.34085980919046,43.160298053241384,,23.697986757143454,32.40385433237533,,13369344,19279,13388623,18.796424397042177,4449.52128263202,393,1,2,56b21bd2ca5aaae8c0981cccb2a90a0ffb3e4254,True
paving-stones-070,NTC_PinkPEPS-25,1,32.95707227498012,0.8796534061431884,35.85700282077073,,29.222991637990464,43.445054663059,,23.748376688640494,32.51193556443994,,13369344,19279,13388623,18.796424397042177,4449.486610000953,394,1,2,56b21bd2ca5aaae8c0981cccb2a90a0ffb3e4254,True
paving-stones-070,NTC_PinkPEPS-25,2,32.73716973218286,0.8748051881790161,35.80709431894156,,28.717212417589394,43.199321632376524,,23.585037910503615,32.377182381503246,,13369344,19279,13388623,18.796424397042177,4450.493160865968,395,1,2,56b21bd2ca5aaae8c0981cccb2a90a0ffb3e4254,True
rails-001,BI-Grid,0,43.11911930844308,0.9489243229230245,38.9478202702296,,33.76549398323516,55.49157069857057,60.773643238494415,26.668947589004418,43.06724007112432,,17825792,10642,17836434,16.93106862055498,1407.3900419530692,402,0,2,56b21bd2ca5aaae8c0981cccb2a90a0ffb3e4254,True
rails-001,BI-Grid,1,43.07205904643135,0.9483069976170858,39.02821381407348,,33.82712543620979,55.3898604808859,60.51987912566879,26.68608053459701,42.981194887153116,,17825792,10642,17836434,16.93106862055498,1408.6399375220062,403,0,2,56b21bd2ca5aaae8c0981cccb2a90a0ffb3e4254,True
rails-001,BI-Grid,2,43.23067935569525,0.9489242533842722,39.00190980767246,,33.74651865744268,55.53444540548209,61.377176926736965,26.771422267704594,42.9526030691327,,17825792,10642,17836434,16.93106862055498,1406.3347849349957,404,0,2,56b21bd2ca5aaae8c0981cccb2a90a0ffb3e4254,True
rails-001,Grid-PEPS4F,0,42.24020449014761,0.9365121821562449,38.59958954520629,,33.10242034525003,55.0111745050392,58.48992390295401,26.57747553293988,41.660643109496235,,17825792,19346,17845138,16.922810459633318,3840.281831511995,405,1,2,56b21bd2ca5aaae8c0981cccb2a90a0ffb3e4254,True
rails-001,Grid-PEPS4F,1,42.253151540478136,0.9366055925687155,38.602955583497135,,33.05644613973842,54.858289510382875,58.786228752598866,26.73627970599189,41.478709550659644,,17825792,19346,17845138,16.922810459633318,3840.369870480965,406,1,2,56b21bd2ca5aaae8c0981cccb2a90a0ffb3e4254,True
rails-001,Grid-PEPS4F,2,42.10720832969087,0.9373744130134583,38.54756996222267,,33.17091413858532,54.72216840806844,58.244296656744325,26.42141061067104,41.53689020185345,,17825792,19346,17845138,16.922810459633318,3840.7546852889936,407,1,2,56b21bd2ca5aaae8c0981cccb2a90a0ffb3e4254,True
rails-001,Grid-PEPS4F-25,0,41.45683738181176,0.9219032724698385,37.287435276312934,,32.21549904512423,54.21203455653456,59.388940524793,25.266919405090412,40.37019548301542,,13631488,17042,13648530,22.12618413851162,2998.39647556399,417,1,2,56b21bd2ca5aaae8c0981cccb2a90a0ffb3e4254,True
rails-001,Grid-PEPS4F-25,1,41.57606236302674,0.9221286674340566,37.39600271201377,,31.807892910790727,54.50607270124422,59.6209798222963,25.58407404172096,40.5413519900945,,13631488,17042,13648530,22.12618413851162,2999.5043108740356,418,1,2,56b21bd2ca5aaae8c0981cccb2a90a0ffb3e4254,True
rails-001,Grid-PEPS4F-25,2,41.28767200168386,0.9212409555912018,37.635222305817415,,31.822065249290752,54.40804060510964,57.95104059689281,25.215799829272388,40.69386342372016,,13631488,17042,13648530,22.12618413851162,2998.0145358659793,419,1,2,56b21bd2ca5aaae8c0981cccb2a90a0ffb3e4254,True
rails-001,Grid-PinkPEPS4F,0,42.603967185089765,0.9420783221721649,39.023905470237366,,33.647519050892505,55.302214418887814,58.67163544967894,26.682526339121445,42.29600238172054,,17825792,12562,17838354,16.92924627462825,3199.3637946399394,408,0,2,56b21bd2ca5aaae8c0981cccb2a90a0ffb3e4254,True
rails-001,Grid-PinkPEPS4F,1,42.51305095383385,0.9421446124712626,39.0103226304078,,33.572702765480685,55.46059168052297,58.13813459025546,26.8251628595947,42.0713911967415,,17825792,12562,17838354,16.92924627462825,3198.742564646993,409,0,2,56b21bd2ca5aaae8c0981cccb2a90a0ffb3e4254,True
rails-001,Grid-PinkPEPS4F,2,42.60124847023331,0.9406434496243795,38.85199893051429,,33.50650385252459,55.27486434727403,59.26106907859662,26.615740608389,42.09731400410129,,17825792,12562,17838354,16.92924627462825,3199.09132249502,410,0,2,56b21bd2ca5aaae8c0981cccb2a90a0ffb3e4254,True
rails-001,Grid-PinkPEPS4F-25,0,41.73045307403007,0.9248338838418325,37.70900037546506,,32.400361054970226,54.649020231822746,59.22753341780857,25.44308986783158,40.953713496282234,,13631488,11794,13643282,22.134695156194823,2616.312011495931,420,0,2,56b21bd2ca5aaae8c0981cccb2a90a0ffb3e4254,True
rails-001,Grid-PinkPEPS4F-25,1,41.43096578764923,0.9248171349366506,37.63433955314261,,32.47114836002948,54.64704858892544,57.628882022027554,25.332263692323256,40.872112509447035,,13631488,11794,13643282,22.134695156194823,2616.418096404057,421,0,2,56b21bd2ca5aaae8c0981cccb2a90a0ffb3e4254,True
rails-001,Grid-PinkPEPS4F-25,2,41.649420283096035,0.9265095492204031,37.791471224450866,,32.29258880740642,54.806828964559344,58.406890957612916,25.581773466140987,41.01696827840567,,13631488,11794,13643282,22.134695156194823,2616.9516794111114,422,0,2,56b21bd2ca5aaae8c0981cccb2a90a0ffb3e4254,True
rails-001,LPE,0,41.68098827534714,0.9322478473186493,36.78874902610002,,32.27713589901241,54.07324284505614,60.41565873879346,26.06667915771713,40.46446398540367,,16777216,10578,16787794,17.988658188205072,1404.974347274052,396,0,2,56b21bd2ca5aaae8c0981cccb2a90a0ffb3e4254,True
rails-001,LPE,1,40.90453763592465,0.9282800952593485,36.47503606228079,,31.363589629490267,53.59166317702292,57.72112424996419,26.252343531417512,40.0234691653722,,16777216,10578,16787794,17.988658188205072,1408.1373156289337,397,0,2,56b21bd2ca5aaae8c0981cccb2a90a0ffb3e4254,True
rails-001,LPE,2,41.30114811195326,0.9272580742835999,36.4305143433213,,31.988055709920324,53.95364878813559,59.39441929744432,25.866604271604174,40.17364626129387,,16777216,10578,16787794,17.988658188205072,1408.198969766032,398,0,2,56b21bd2ca5aaae8c0981cccb2a90a0ffb3e4254,True
rails-001,NTC_N,0,41.90504376510217,0.9380067686239878,37.70139295749685,,32.458343853181155,52.95093834425959,61.70415933567308,25.861489824477403,40.753938275524966,,17825792,14674,17840466,16.927242147150192,1720.9842720939778,399,1,2,56b21bd2ca5aaae8c0981cccb2a90a0ffb3e4254,True
rails-001,NTC_N,1,41.866623018483516,0.9404906233151754,37.89143522219699,,32.27682331014988,53.36713633715722,60.62006595206468,26.002107913164778,41.04216937616752,,17825792,14674,17840466,16.927242147150192,1720.6238293810748,400,1,2,56b21bd2ca5aaae8c0981cccb2a90a0ffb3e4254,True
rails-001,NTC_N,2,41.98596725376499,0.941770056883494,38.14385244793752,,32.484943032029435,53.066244004279866,61.06329575174002,26.21100223933141,40.946466047271706,,17825792,14674,17840466,16.927242147150192,1720.9713249109918,401,1,2,56b21bd2ca5aaae8c0981cccb2a90a0ffb3e4254,True
rails-001,NTC_PEPS,0,41.511244136001764,0.9365940491358439,37.97642761269911,,33.094012326141616,52.89520339834883,57.527095919452265,27.016978740773485,40.557746818595284,,17825792,49490,17875282,16.894272660985152,4479.339805112919,411,1,2,56b21bd2ca5aaae8c0981cccb2a90a0ffb3e4254,True
rails-001,NTC_PEPS,1,41.77467710734344,0.9346791505813599,38.194155240768744,,32.80860832210931,52.78266461487363,59.359638021871255,27.023010336953575,40.47998610748415,,17825792,49490,17875282,16.894272660985152,4479.253674118081,412,1,2,56b21bd2ca5aaae8c0981cccb2a90a0ffb3e4254,True
rails-001,NTC_PEPS,2,41.68153555608679,0.9317587713400522,38.217937487370676,,32.7883893150912,53.08399628664923,59.04109117733853,26.601636302812377,40.356162767258766,,17825792,49490,17875282,16.894272660985152,4478.4835494169965,413,1,2,56b21bd2ca5aaae8c0981cccb2a90a0ffb3e4254,True
rails-001,NTC_PEPS-25,0,40.79173904780027,0.9197011888027191,36.88184632398995,,31.601351292434995,52.192206475016356,58.656373170577055,25.791707174714915,39.62694985006836,,13369344,39698,13409042,22.521361928764186,3584.7762602700386,423,1,2,56b21bd2ca5aaae8c0981cccb2a90a0ffb3e4254,True
rails-001,NTC_PEPS-25,1,41.07116197328608,0.9227327009042104,36.93067500326538,,32.11961201499818,52.273127715914676,59.6121398146557,25.814168038271006,39.67724925261156,,13369344,39698,13409042,22.521361928764186,3585.3436174019007,424,1,2,56b21bd2ca5aaae8c0981cccb2a90a0ffb3e4254,True
rails-001,NTC_PEPS-25,2,40.839288970307074,0.9203034540017446,36.86879657057776,,31.32264078842729,51.942166099800886,59.200794641510115,26.015324096520995,39.6860116250054,,13369344,39698,13409042,22.521361928764186,3584.454601829988,425,1,2,56b21bd2ca5aaae8c0981cccb2a90a0ffb3e4254,True
rails-001,NTC_PinkPEPS,0,41.20410002932095,0.9302856226762136,37.976796461706904,,32.60530404759236,52.45151787129272,57.779195340372816,26.16108587957003,40.25070057539084,,17825792,22738,17848530,16.919594386764626,5475.985218710965,414,0,2,56b21bd2ca5aaae8c0981cccb2a90a0ffb3e4254,True
rails-001,NTC_PinkPEPS,1,41.17104393866001,0.9293479323387146,37.86839641182273,,32.774514478643034,52.581125661791965,57.51078225815988,26.206381505645936,40.08506331589655,,17825792,22738,17848530,16.919594386764626,5475.487581294961,415,0,2,56b21bd2ca5aaae8c0981cccb2a90a0ffb3e4254,True
rails-001,NTC_PinkPEPS,2,41.11074814902631,0.9303087492783865,37.874672578579364,,32.71871711494862,53.025930602617336,56.56881947875121,26.20916645075893,40.26718266850237,,17825792,22738,17848530,16.919594386764626,5474.641160689993,416,0,2,56b21bd2ca5aaae8c0981cccb2a90a0ffb3e4254,True
rails-001,NTC_PinkPEPS-25,0,40.61750015972304,0.9172580341498057,36.72846197491207,,31.717106676452577,51.986315223807495,58.85211584570193,25.119880091190424,39.30112114627378,,13369344,19474,13388818,22.555380766248373,4457.827908066916,426,0,2,56b21bd2ca5aaae8c0981cccb2a90a0ffb3e4254,True
rails-001,NTC_PinkPEPS-25,1,40.10567557690098,0.9176656504472097,36.82149347364732,,31.492605820857964,51.83128602569794,55.79805196223254,25.305228623502494,39.385387555467595,,13369344,19474,13388818,22.555380766248373,4457.612338794977,427,0,2,56b21bd2ca5aaae8c0981cccb2a90a0ffb3e4254,True
rails-001,NTC_PinkPEPS-25,2,40.30527822460863,0.917554905017217,36.704959039708136,,31.420761542842218,52.165566960508784,56.79640973407436,25.451742921133842,39.292229149384426,,13369344,19474,13388818,22.555380766248373,4459.122192577925,428,0,2,56b21bd2ca5aaae8c0981cccb2a90a0ffb3e4254,True
red-dirt-mud-01,BI-Grid,0,43.03367700197646,0.9769754767417907,,38.45351562249364,39.64673996421065,51.14373030993385,,37.16303026128464,,48.76136885195951,17825792,10447,17836239,14.10937810375831,1413.8853225009516,435,1,2,56b21bd2ca5aaae8c0981cccb2a90a0ffb3e4254,True
red-dirt-mud-01,BI-Grid,1,43.00661491349857,0.9768338441848755,,38.39394755415448,39.59729090070437,51.14195739473957,,37.210636145346434,,48.689242572547975,17825792,10447,17836239,14.10937810375831,1415.386335758958,436,1,2,56b21bd2ca5aaae8c0981cccb2a90a0ffb3e4254,True
red-dirt-mud-01,BI-Grid,2,43.11732901656873,0.976966142654419,,38.42761239187694,39.68506902494488,51.13496991056734,,37.22045445563817,,49.11853929981633,17825792,10447,17836239,14.10937810375831,1413.8760105730034,437,1,2,56b21bd2ca5aaae8c0981cccb2a90a0ffb3e4254,True
red-dirt-mud-01,Grid-PEPS4F,0,42.311995493510054,0.9720301628112793,,37.6341900015273,38.804511803160764,50.9268783532272,,36.26635041147867,,47.92804689815633,17825792,19151,17844943,14.102496152551455,3868.215507811983,438,0,2,56b21bd2ca5aaae8c0981cccb2a90a0ffb3e4254,True
red-dirt-mud-01,Grid-PEPS4F,1,42.846271878346926,0.9727799773216248,,37.80286856849542,39.07416351537061,50.915586361304015,,36.20478255296134,,50.23395839360325,17825792,19151,17844943,14.102496152551455,3830.6080086469883,439,0,2,56b21bd2ca5aaae8c0981cccb2a90a0ffb3e4254,True
red-dirt-mud-01,Grid-PEPS4F,2,42.531286601414266,0.9721304535865783,,37.80355414632695,39.046883797398934,50.94912123514084,,35.92911768213942,,48.92775614606521,17825792,19151,17844943,14.102496152551455,3831.215798582998,440,0,2,56b21bd2ca5aaae8c0981cccb2a90a0ffb3e4254,True
red-dirt-mud-01,Grid-PEPS4F-25,0,41.09552711492113,0.966710090637207,,35.95254498339415,36.88880455833178,50.79109390850499,,35.53767712735565,,46.30751499701911,13631488,16847,13648335,18.438750221180825,2958.312735732994,450,0,2,56b21bd2ca5aaae8c0981cccb2a90a0ffb3e4254,True
red-dirt-mud-01,Grid-PEPS4F-25,1,40.99123490879387,0.966448175907135,,36.20321487737337,37.00472239702482,50.649791462254576,,35.182201838088616,,45.91624396922796,13631488,16847,13648335,18.438750221180825,2957.445048813941,451,0,2,56b21bd2ca5aaae8c0981cccb2a90a0ffb3e4254,True
red-dirt-mud-01,Grid-PEPS4F-25,2,41.21647980031261,0.9667640805244446,,35.981815527655165,36.88229421991236,50.82304544023063,,35.419119505345115,,46.9761243084198,13631488,16847,13648335,18.438750221180825,2957.401935520931,452,0,2,56b21bd2ca5aaae8c0981cccb2a90a0ffb3e4254,True
red-dirt-mud-01,Grid-PinkPEPS4F,0,43.03263966779927,0.9746448516845703,,38.22023404040051,39.59698360774035,51.133998477510644,,36.39364574724607,,49.81833646609877,17825792,12367,17838159,14.107859448948739,3202.818584080087,441,1,2,56b21bd2ca5aaae8c0981cccb2a90a0ffb3e4254,True
red-dirt-mud-01,Grid-PinkPEPS4F,1,43.22057346040468,0.9748167634010315,,38.3279876247779,39.844138815182994,51.07374801109894,,36.40703338016889,,50.449959470794674,17825792,12367,17838159,14.107859448948739,3202.1326482580043,442,1,2,56b21bd2ca5aaae8c0981cccb2a90a0ffb3e4254,True
red-dirt-mud-01,Grid-PinkPEPS4F,2,42.9897907675204,0.9749436020851135,,38.32424965445503,39.66601523782536,51.112670513805256,,36.57496343505018,,49.27105499646614,17825792,12367,17838159,14.107859448948739,3201.7608939339407,443,1,2,56b21bd2ca5aaae8c0981cccb2a90a0ffb3e4254,True
red-dirt-mud-01,Grid-PinkPEPS4F-25,0,41.60196278938713,0.969203782081604,,36.625542557745746,37.59162603843406,50.9141966695056,,35.595650158274516,,47.282798522975725,13631488,11599,13643087,18.445842938625255,2621.8457221030258,453,1,2,56b21bd2ca5aaae8c0981cccb2a90a0ffb3e4254,True
red-dirt-mud-01,Grid-PinkPEPS4F-25,1,41.57616109742995,0.9687586188316345,,36.63179238791153,37.60053002761885,50.94395699601872,,35.44808439563362,,47.256441679967025,13631488,11599,13643087,18.445842938625255,2621.6733100540005,454,1,2,56b21bd2ca5aaae8c0981cccb2a90a0ffb3e4254,True
red-dirt-mud-01,Grid-PinkPEPS4F-25,2,41.33121978660243,0.9681571125984192,,36.435525406629715,37.31818521551245,50.762795435287046,,35.49366817605323,,46.64592469952974,13631488,11599,13643087,18.445842938625255,2621.4532947890693,455,1,2,56b21bd2ca5aaae8c0981cccb2a90a0ffb3e4254,True
red-dirt-mud-01,LPE,0,41.38291267490719,0.970327091217041,,36.77867840638777,37.71407118709352,50.7397839592031,,35.25480280127904,,46.427227020572516,16777216,10383,16787599,14.99072261614064,1416.8782936029602,429,1,2,56b21bd2ca5aaae8c0981cccb2a90a0ffb3e4254,True
red-dirt-mud-01,LPE,1,41.25664084124738,0.9703282356262207,,36.585033511330465,37.49199904934893,50.68186891394003,,35.5184376155314,,46.0058651160861,16777216,10383,16787599,14.99072261614064,1412.5494495879393,430,1,2,56b21bd2ca5aaae8c0981cccb2a90a0ffb3e4254,True
red-dirt-mud-01,LPE,2,41.1994501054498,0.9696255207061768,,36.67525224652123,37.50818523812671,50.59189157880784,,35.15306032819248,,46.06886113560074,16777216,10383,16787599,14.99072261614064,1411.5621634720592,431,1,2,56b21bd2ca5aaae8c0981cccb2a90a0ffb3e4254,True
red-dirt-mud-01,NTC_N,0,41.00721777342284,0.9702616810798645,,36.22905643140181,37.22230096706684,49.45667668152094,,36.156601024240445,,45.97145376288415,17825792,14479,17840271,14.106189306205046,1706.4589047159534,432,0,2,56b21bd2ca5aaae8c0981cccb2a90a0ffb3e4254,True
red-dirt-mud-01,NTC_N,1,41.18953810192939,0.97075275182724,,36.47442675350777,37.47949526613526,49.644659086045095,,36.0044908313456,,46.344618572613214,17825792,14479,17840271,14.106189306205046,1705.0718073529424,433,0,2,56b21bd2ca5aaae8c0981cccb2a90a0ffb3e4254,True
red-dirt-mud-01,NTC_N,2,41.12631687902803,0.9708542704582215,,36.354451790413826,37.32561732173039,49.60449597768811,,36.188211780421554,,46.15880752488627,17825792,14479,17840271,14.106189306205046,1704.9675246370025,434,0,2,56b21bd2ca5aaae8c0981cccb2a90a0ffb3e4254,True
red-dirt-mud-01,NTC_PEPS,0,41.75362410643006,0.9673304557800293,,37.30096954266455,38.498943390987044,48.44402859078311,,35.36110610287765,,49.16307290483795,17825792,49295,17875087,14.078714134370367,4452.951730035013,444,0,2,56b21bd2ca5aaae8c0981cccb2a90a0ffb3e4254,True
red-dirt-mud-01,NTC_PEPS,1,41.60588033622116,0.9665305137634277,,37.01289122745763,38.24383429331189,48.45155249092521,,35.08041224795723,,49.24071142145387,17825792,49295,17875087,14.078714134370367,4452.5940849130275,445,0,2,56b21bd2ca5aaae8c0981cccb2a90a0ffb3e4254,True
red-dirt-mud-01,NTC_PEPS,2,41.33637344222268,0.9663522958755493,,37.150177494898124,38.284866549715645,48.62593625840513,,35.145409846698726,,47.475477061395786,17825792,49295,17875087,14.078714134370367,4453.330706012086,446,0,2,56b21bd2ca5aaae8c0981cccb2a90a0ffb3e4254,True
red-dirt-mud-01,NTC_PEPS-25,0,39.625039124144394,0.9563779830932617,,35.010207663573524,35.79611460833953,47.723993825450336,,33.967536109078736,,45.62734341427984,13369344,39503,13408847,18.768074540637237,3571.6209814529866,456,0,2,56b21bd2ca5aaae8c0981cccb2a90a0ffb3e4254,True
red-dirt-mud-01,NTC_PEPS-25,1,39.57898403794813,0.9566768646240235,,35.143834596384934,36.137393993733234,47.630798890139914,,33.84220844888659,,45.140684260596004,13369344,39503,13408847,18.768074540637237,3575.5833272710443,457,0,2,56b21bd2ca5aaae8c0981cccb2a90a0ffb3e4254,True
red-dirt-mud-01,NTC_PEPS-25,2,39.89483834636269,0.9584174990653992,,35.12646049971504,36.093797975341595,47.76278398909906,,34.23506543690462,,46.25608383075314,13369344,39503,13408847,18.768074540637237,3575.9587821830064,458,0,2,56b21bd2ca5aaae8c0981cccb2a90a0ffb3e4254,True
red-dirt-mud-01,NTC_PinkPEPS,0,41.41331337553753,0.9671079158782959,,37.022812663966214,38.02113266491717,48.87371461199629,,35.174598508083285,,47.974308428724655,17825792,22543,17848335,14.099816033260245,5492.2599421991035,447,1,2,56b21bd2ca5aaae8c0981cccb2a90a0ffb3e4254,True
red-dirt-mud-01,NTC_PinkPEPS,1,41.44593316598003,0.9667761325836182,,37.17428385631818,38.35118186321592,48.63698533323359,,34.84500388369853,,48.22221089343391,17825792,22543,17848335,14.099816033260245,5492.218749449938,448,1,2,56b21bd2ca5aaae8c0981cccb2a90a0ffb3e4254,True
red-dirt-mud-01,NTC_PinkPEPS,2,41.256913691513695,0.9662558317184449,,37.06517471497921,38.02147527566201,48.70559295800156,,34.95632617139306,,47.535999337532616,17825792,22543,17848335,14.099816033260245,5492.797570365015,449,1,2,56b21bd2ca5aaae8c0981cccb2a90a0ffb3e4254,True
red-dirt-mud-01,NTC_PinkPEPS-25,0,39.50727365385096,0.9576632142066955,,35.145390834500716,35.99913663691926,47.77349858495928,,33.705996446846726,,44.91234576602881,13369344,19279,13388623,18.796424397042177,4450.56495543709,459,1,2,56b21bd2ca5aaae8c0981cccb2a90a0ffb3e4254,True
red-dirt-mud-01,NTC_PinkPEPS-25,1,39.43900760553902,0.9570747137069702,,34.93720492628222,35.710944427190526,48.074908902550774,,33.966096524284254,,44.505883247387324,13369344,19279,13388623,18.796424397042177,4449.981409216998,460,1,2,56b21bd2ca5aaae8c0981cccb2a90a0ffb3e4254,True
red-dirt-mud-01,NTC_PinkPEPS-25,2,39.702099907780806,0.9592109322547913,,35.302849335642456,36.13942077466059,47.94568269593326,,33.93604471869467,,45.18650201397303,13369344,19279,13388623,18.796424397042177,4450.447295084014,461,1,2,56b21bd2ca5aaae8c0981cccb2a90a0ffb3e4254,True
roof-09,BI-Grid,0,47.201112095609204,0.9877727627754211,,42.362566368956465,44.5891391633331,55.926916890635574,,44.33850119120719,,48.788436863913695,17825792,10447,17836239,14.10937810375831,1404.8497610810446,468,0,2,56b21bd2ca5aaae8c0981cccb2a90a0ffb3e4254,True
roof-09,BI-Grid,1,47.0351354599761,0.9876451373100281,,42.41223246593197,44.56205859025464,56.08354952431385,,44.30182454178846,,47.81601217759154,17825792,10447,17836239,14.10937810375831,1409.3194570170017,469,0,2,56b21bd2ca5aaae8c0981cccb2a90a0ffb3e4254,True
roof-09,BI-Grid,2,47.17358370334015,0.9876985788345337,,42.27009145784373,44.59187399599835,56.100527811555736,,44.384818132617525,,48.52060711868539,17825792,10447,17836239,14.10937810375831,1405.0971322950209,470,0,2,56b21bd2ca5aaae8c0981cccb2a90a0ffb3e4254,True
roof-09,Grid-PEPS4F,0,46.83246599971304,0.9857544898986816,,41.70634267396889,43.696029713078275,55.13427836696849,,43.85030187541733,,49.775377369132194,17825792,19151,17844943,14.102496152551455,3878.3111411830178,471,1,2,56b21bd2ca5aaae8c0981cccb2a90a0ffb3e4254,True
roof-09,Grid-PEPS4F,1,47.49267967710701,0.9868282198905944,,42.26023062646593,44.387776544077646,55.050098383743766,,43.84034399914206,,51.924948832105684,17825792,19151,17844943,14.102496152551455,3877.321269799955,472,1,2,56b21bd2ca5aaae8c0981cccb2a90a0ffb3e4254,True
roof-09,Grid-PEPS4F,2,47.14195382409925,0.9858876943588257,,41.62179636782678,43.93596204834065,55.48758956988674,,43.79178124424122,,50.872639890200865,17825792,19151,17844943,14.102496152551455,3875.4277305050055,473,1,2,56b21bd2ca5aaae8c0981cccb2a90a0ffb3e4254,True
roof-09,Grid-PEPS4F-25,0,44.96548904557364,0.9807561993598938,,39.52334961836135,41.273614001586424,54.712750577833404,,43.07450900407225,,46.24322202601477,13631488,16847,13648335,18.438750221180825,2995.1139883931028,483,1,2,56b21bd2ca5aaae8c0981cccb2a90a0ffb3e4254,True
roof-09,Grid-PEPS4F-25,1,45.289051906292514,0.981882381439209,,39.89725713298074,41.595255388940124,54.847432690563096,,43.1555368483657,,46.949777470612915,13631488,16847,13648335,18.438750221180825,2995.2606968169566,484,1,2,56b21bd2ca5aaae8c0981cccb2a90a0ffb3e4254,True
roof-09,Grid-PEPS4F-25,2,45.16548896362972,0.9813262104988099,,39.66821381390691,41.48448310454616,54.22551693189379,,43.200787291211604,,47.248443676590135,13631488,16847,13648335,18.438750221180825,2995.3743499809643,485,1,2,56b21bd2ca5aaae8c0981cccb2a90a0ffb3e4254,True
roof-09,Grid-PinkPEPS4F,0,47.162940861832396,0.9871263146400452,,42.09532471718093,44.468746467821056,55.13636073645918,,44.193651217525485,,49.92062117017533,17825792,12367,17838159,14.107859448948739,3194.1108938381076,474,0,2,56b21bd2ca5aaae8c0981cccb2a90a0ffb3e4254,True
roof-09,Grid-PinkPEPS4F,1,47.60309604067877,0.9873040437698364,,42.587794068671975,44.88375681712752,55.40679862609966,,43.72043562352036,,51.416695067974345,17825792,12367,17838159,14.107859448948739,3194.0478006700287,475,0,2,56b21bd2ca5aaae8c0981cccb2a90a0ffb3e4254,True
roof-09,Grid-PinkPEPS4F,2,47.581847553532626,0.9872583150863647,,42.46554960289671,44.91112134290796,56.143557336610044,,43.96049577542542,,50.428513709822965,17825792,12367,17838159,14.107859448948739,3193.620529973996,476,0,2,56b21bd2ca5aaae8c0981cccb2a90a0ffb3e4254,True
roof-09,Grid-PinkPEPS4F-25,0,45.582589877039794,0.9826138257980347,,40.18181908101111,41.98543016836673,54.976376885979086,,42.88772163137543,,47.88160161846661,13631488,11599,13643087,18.445842938625255,2616.837016190053,486,0,2,56b21bd2ca5aaae8c0981cccb2a90a0ffb3e4254,True
roof-09,Grid-PinkPEPS4F-25,1,45.75882339027027,0.9834834694862366,,40.65265024180288,42.38284195649069,55.27471498194467,,43.151103658611675,,47.33280611250145,13631488,11599,13643087,18.445842938625255,2616.7258750649635,487,0,2,56b21bd2ca5aaae8c0981cccb2a90a0ffb3e4254,True
roof-09,Grid-PinkPEPS4F-25,2,45.251462701559056,0.9820694088935852,,40.12121347472488,41.69954416486217,55.04482087730053,,42.944960215539965,,46.44677477536774,13631488,11599,13643087,18.445842938625255,2617.078101668041,488,0,2,56b21bd2ca5aaae8c0981cccb2a90a0ffb3e4254,True
roof-09,LPE,0,44.4819176499136,0.9815791487693787,,39.80873780533927,41.27956015370599,54.155726776004926,,42.842605937840986,,44.32295757667684,16777216,10383,16787599,14.99072261614064,1404.969674301101,462,0,2,56b21bd2ca5aaae8c0981cccb2a90a0ffb3e4254,True
roof-09,LPE,1,45.138853419038696,0.9828743577003479,,40.11709136297995,41.64447624415474,54.743673178710125,,43.1384547022892,,46.050571607059474,16777216,10383,16787599,14.99072261614064,1409.6819646550575,463,0,2,56b21bd2ca5aaae8c0981cccb2a90a0ffb3e4254,True
roof-09,LPE,2,44.680394134028134,0.9824401140213013,,40.238902302238266,41.632148197458534,53.8752995207538,,42.75134941091116,,44.90427123877889,16777216,10383,16787599,14.99072261614064,1409.1836504329694,464,0,2,56b21bd2ca5aaae8c0981cccb2a90a0ffb3e4254,True
roof-09,NTC_N,0,45.72233642256394,0.9857280731201172,,41.43900107763209,43.340640940425175,52.998017508134524,,43.264643335866936,,47.56937925076099,17825792,14479,17840271,14.106189306205046,1717.8321385979652,465,1,2,56b21bd2ca5aaae8c0981cccb2a90a0ffb3e4254,True
roof-09,NTC_N,1,45.95908357554093,0.985517954826355,,40.985015806135756,42.76830733883376,55.43381338224063,,44.25790403040828,,46.35037732008625,17825792,14479,17840271,14.106189306205046,1716.9139420330757,466,1,2,56b21bd2ca5aaae8c0981cccb2a90a0ffb3e4254,True
roof-09,NTC_N,2,46.305039282062424,0.9864941000938415,,41.733320530370655,43.71774302266019,54.47209848150246,,43.66539958624462,,47.936634789534224,17825792,14479,17840271,14.106189306205046,1723.093411021051,467,1,2,56b21bd2ca5aaae8c0981cccb2a90a0ffb3e4254,True
roof-09,NTC_PEPS,0,48.001720135572775,0.9867231011390686,,42.93565319226693,44.83069372270329,55.573111240120625,,43.50261153234902,,53.16653099042401,17825792,49295,17875087,14.078714134370367,4468.65461510804,477,1,2,56b21bd2ca5aaae8c0981cccb2a90a0ffb3e4254,True
roof-09,NTC_PEPS,1,48.00293714498057,0.986261248588562,,42.637338831769895,44.66603162920436,55.751673209301444,,43.266796561783984,,53.69284549284315,17825792,49295,17875087,14.078714134370367,4468.967876108014,478,1,2,56b21bd2ca5aaae8c0981cccb2a90a0ffb3e4254,True
roof-09,NTC_PEPS,2,47.83539602588526,0.9863126397132873,,42.70209569337197,44.766818500196095,55.49480652395195,,43.37722730515864,,52.83603210674766,17825792,49295,17875087,14.078714134370367,4469.514705552021,479,1,2,56b21bd2ca5aaae8c0981cccb2a90a0ffb3e4254,True
roof-09,NTC_PEPS-25,0,45.64940376709085,0.9817917704582214,,40.51472042604309,42.082290701815516,54.08956342893266,,42.47341998798436,,49.08702429067865,13369344,39503,13408847,18.768074540637237,3584.6940453250427,489,1,2,56b21bd2ca5aaae8c0981cccb2a90a0ffb3e4254,True
roof-09,NTC_PEPS-25,1,45.53103891878062,0.9816907048225403,,40.57223142492929,42.020501821811756,53.865723244837724,,42.592017168356584,,48.60472093396771,13369344,39503,13408847,18.768074540637237,3583.7627026139526,490,1,2,56b21bd2ca5aaae8c0981cccb2a90a0ffb3e4254,True
roof-09,NTC_PEPS-25,2,45.567096304854665,0.981621503829956,,40.39115774257653,42.00034092145975,53.94533103405778,,42.65403236077723,,48.84461946540203,13369344,39503,13408847,18.768074540637237,3583.7452658769907,491,1,2,56b21bd2ca5aaae8c0981cccb2a90a0ffb3e4254,True
roof-09,NTC_PinkPEPS,0,47.62968348363971,0.9866482615470886,,42.708776533739645,44.92911849841013,55.123279393037734,,43.406912916406,,51.98033007660505,17825792,22543,17848335,14.099816033260245,5472.315027010045,480,0,2,56b21bd2ca5aaae8c0981cccb2a90a0ffb3e4254,True
roof-09,NTC_PinkPEPS,1,47.20567015126115,0.9863336205482482,,42.553390530409374,44.5929597678591,54.511517944455235,,43.436304719134746,,50.93417779444732,17825792,22543,17848335,14.099816033260245,5472.787355014007,481,0,2,56b21bd2ca5aaae8c0981cccb2a90a0ffb3e4254,True
roof-09,NTC_PinkPEPS,2,47.38201603963477,0.9863170146942138,,42.46700933130013,44.59497009472627,54.75752498706231,,43.51812392998551,,51.57245185509964,17825792,22543,17848335,14.099816033260245,5472.391150641954,482,0,2,56b21bd2ca5aaae8c0981cccb2a90a0ffb3e4254,True
roof-09,NTC_PinkPEPS-25,0,45.47230452846527,0.9824129819869996,,40.77901214708326,42.25981642247252,53.1230623147324,,42.39018732640193,,48.809444431636265,13369344,19279,13388623,18.796424397042177,4439.917586534983,492,0,2,56b21bd2ca5aaae8c0981cccb2a90a0ffb3e4254,True
roof-09,NTC_PinkPEPS-25,1,45.49129842144235,0.9817993640899658,,40.319815233080085,41.878719326349454,54.442388456918536,,42.69201877905694,,48.12355031180675,13369344,19279,13388623,18.796424397042177,4439.758677823935,493,0,2,56b21bd2ca5aaae8c0981cccb2a90a0ffb3e4254,True
roof-09,NTC_PinkPEPS-25,2,45.65014264071607,0.9821891188621521,,40.649126986884596,42.14560781798681,54.35412448045676,,42.55464564040089,,48.547208277851304,13369344,19279,13388623,18.796424397042177,4441.006530747982,494,0,2,56b21bd2ca5aaae8c0981cccb2a90a0ffb3e4254,True
treasure-chest,BI-Grid,0,34.074878008676585,0.9006432692209879,,35.97641813147537,37.968830345828486,,,28.279385548725905,,,17825792,10057,17835849,8.465811972281218,1403.318594843964,501,1,2,56b21bd2ca5aaae8c0981cccb2a90a0ffb3e4254,True
treasure-chest,BI-Grid,1,34.07797174215083,0.8990419308344523,,35.96184146879234,38.117484953137875,,,28.15458880452226,,,17825792,10057,17835849,8.465811972281218,1403.1961991869612,502,1,2,56b21bd2ca5aaae8c0981cccb2a90a0ffb3e4254,True
treasure-chest,BI-Grid,2,34.0752208168956,0.9005721012751261,,36.03123506578898,37.937379251414434,,,28.2570481334834,,,17825792,10057,17835849,8.465811972281218,1402.9957591440761,503,1,2,56b21bd2ca5aaae8c0981cccb2a90a0ffb3e4254,True
treasure-chest,Grid-PEPS4F,0,34.14108644663305,0.8864617745081583,,36.27114656486214,38.30430153177526,,,27.84781124326173,,,17825792,18761,17844553,8.461682621021664,3856.9391846020008,504,0,2,56b21bd2ca5aaae8c0981cccb2a90a0ffb3e4254,True
treasure-chest,Grid-PEPS4F,1,34.187349861261154,0.8900269269943237,,36.308147584865445,38.361576005991665,,,27.892325992926352,,,17825792,18761,17844553,8.461682621021664,3819.83994349197,505,0,2,56b21bd2ca5aaae8c0981cccb2a90a0ffb3e4254,True
treasure-chest,Grid-PEPS4F,2,34.06300062266422,0.8873262206713358,,36.0590115487031,38.16482954115324,,,27.96516077813633,,,17825792,18761,17844553,8.461682621021664,3831.5947396289557,506,0,2,56b21bd2ca5aaae8c0981cccb2a90a0ffb3e4254,True
treasure-chest,Grid-PEPS4F-25,0,33.14097434354954,0.8635764916737875,,35.41194451285622,37.06364417883067,,,26.94733433896172,,,13631488,16457,13647945,11.063566273164202,3033.522822735831,516,0,2,56b21bd2ca5aaae8c0981cccb2a90a0ffb3e4254,True
treasure-chest,Grid-PEPS4F-25,1,33.22723842997147,0.8644100228945414,,35.49658982579198,37.21335403817331,,,26.971771425949136,,,13631488,16457,13647945,11.063566273164202,2947.4914934518747,517,0,2,56b21bd2ca5aaae8c0981cccb2a90a0ffb3e4254,True
treasure-chest,Grid-PEPS4F-25,2,33.21730552760873,0.8595533569653829,,35.6148851152599,37.357669034066674,,,26.679362433499616,,,13631488,16457,13647945,11.063566273164202,2947.1815282248426,518,0,2,56b21bd2ca5aaae8c0981cccb2a90a0ffb3e4254,True
treasure-chest,Grid-PinkPEPS4F,0,34.21875920036812,0.8926594456036886,,36.267284923341904,38.31863670935339,,,28.070355968409054,,,17825792,11977,17837769,8.464900739548764,3190.001680613961,507,1,2,56b21bd2ca5aaae8c0981cccb2a90a0ffb3e4254,True
treasure-chest,Grid-PinkPEPS4F,1,34.228037217408406,0.8950938979784647,,36.32293513528074,38.125793168551084,,,28.23538334839341,,,17825792,11977,17837769,8.464900739548764,3190.565436640987,508,1,2,56b21bd2ca5aaae8c0981cccb2a90a0ffb3e4254,True
treasure-chest,Grid-PinkPEPS4F,2,34.202824016762,0.8950018882751465,,36.10986593130723,38.34160750788941,,,28.15699861108935,,,17825792,11977,17837769,8.464900739548764,3189.221093376982,509,1,2,56b21bd2ca5aaae8c0981cccb2a90a0ffb3e4254,True
treasure-chest,Grid-PinkPEPS4F-25,0,33.440601700998855,0.8713533083597819,,35.72515732406136,37.52725845788725,,,27.06938932104795,,,13631488,11209,13642697,11.067822146896614,2708.8429113980383,519,1,2,56b21bd2ca5aaae8c0981cccb2a90a0ffb3e4254,True
treasure-chest,Grid-PinkPEPS4F-25,1,33.46652358255976,0.8713338375091553,,35.7171859600964,37.582357412021985,,,27.10002737556089,,,13631488,11209,13642697,11.067822146896614,2611.572342263069,520,1,2,56b21bd2ca5aaae8c0981cccb2a90a0ffb3e4254,True
treasure-chest,Grid-PinkPEPS4F-25,2,33.489039816374046,0.8710527221361796,,35.81215798464405,37.58420680166529,,,27.070754662812796,,,13631488,11209,13642697,11.067822146896614,2611.3577442879323,521,1,2,56b21bd2ca5aaae8c0981cccb2a90a0ffb3e4254,True
treasure-chest,LPE,0,33.723394880484655,0.9016979535420736,,34.93036285543556,36.99205650385324,,,29.24776528216517,,,16777216,9993,16787209,8.994642528129601,1403.1653991340427,495,1,2,56b21bd2ca5aaae8c0981cccb2a90a0ffb3e4254,True
treasure-chest,LPE,1,33.72444826862047,0.9026432633399963,,34.92957152265278,36.9677802971341,,,29.275992986074527,,,16777216,9993,16787209,8.994642528129601,1398.8714260610286,496,1,2,56b21bd2ca5aaae8c0981cccb2a90a0ffb3e4254,True
treasure-chest,LPE,2,33.76187526317493,0.9057707587877909,,34.825850929663375,36.889323262980135,,,29.570451596881277,,,16777216,9993,16787209,8.994642528129601,1399.653920832905,497,1,2,56b21bd2ca5aaae8c0981cccb2a90a0ffb3e4254,True
treasure-chest,NTC_N,0,33.63613776974746,0.9029017090797424,,34.51087380823269,37.15476506792546,,,29.24277443308421,,,17825792,14089,17839881,8.46389861008602,1693.6928500289796,498,0,2,56b21bd2ca5aaae8c0981cccb2a90a0ffb3e4254,True
treasure-chest,NTC_N,1,33.56699990713982,0.9010518987973531,,34.41662616763654,37.334000684436134,,,28.950372869346776,,,17825792,14089,17839881,8.46389861008602,1696.7704311560374,499,0,2,56b21bd2ca5aaae8c0981cccb2a90a0ffb3e4254,True
treasure-chest,NTC_N,2,33.72578970624084,0.9049995938936869,,34.64122021602036,37.2084130750898,,,29.327735827612358,,,17825792,14089,17839881,8.46389861008602,1695.2236670750426,500,0,2,56b21bd2ca5aaae8c0981cccb2a90a0ffb3e4254,True
treasure-chest,NTC_PEPS,0,34.32562620800194,0.8963193694750468,,35.97133185240836,37.78300112222798,,,29.222545649369486,,,17825792,48905,17874697,8.447412786913254,4481.84363604011,510,0,2,56b21bd2ca5aaae8c0981cccb2a90a0ffb3e4254,True
treasure-chest,NTC_PEPS,1,34.39851865370062,0.8935423493385315,,36.02111037817134,38.06556140243083,,,29.108884180499683,,,17825792,48905,17874697,8.447412786913254,4454.469187143957,511,0,2,56b21bd2ca5aaae8c0981cccb2a90a0ffb3e4254,True
treasure-chest,NTC_PEPS,2,34.40499941369702,0.8943710128466288,,36.15617379880038,38.097816612709025,,,28.96100782958165,,,17825792,48905,17874697,8.447412786913254,4540.231680439087,512,0,2,56b21bd2ca5aaae8c0981cccb2a90a0ffb3e4254,True
treasure-chest,NTC_PEPS-25,0,33.23417092622185,0.8712404568990072,,35.1322666717802,36.60605040608518,,,27.96419570080016,,,13369344,39113,13408457,11.26117225867227,3696.2489104298875,522,0,2,56b21bd2ca5aaae8c0981cccb2a90a0ffb3e4254,True
treasure-chest,NTC_PEPS-25,1,33.204089298362064,0.8672471443812052,,35.143732960295196,36.65829532634727,,,27.810239608443727,,,13369344,39113,13408457,11.26117225867227,3575.895179000916,523,0,2,56b21bd2ca5aaae8c0981cccb2a90a0ffb3e4254,True
treasure-chest,NTC_PEPS-25,2,33.267045901682366,0.8690285682678223,,35.18052402134577,36.69252409421105,,,27.928089589490284,,,13369344,39113,13408457,11.26117225867227,3560.7934830870945,524,0,2,56b21bd2ca5aaae8c0981cccb2a90a0ffb3e4254,True
treasure-chest,NTC_PinkPEPS,0,34.120179022843985,0.8933771649996439,,35.86858051975081,37.866781607714266,,,28.625174941066888,,,17825792,22153,17847945,8.460074479162728,5511.58164191898,513,1,2,56b21bd2ca5aaae8c0981cccb2a90a0ffb3e4254,True
treasure-chest,NTC_PinkPEPS,1,34.1085189176452,0.8938521345456442,,35.728123656458656,37.95258603163336,,,28.644847064843578,,,17825792,22153,17847945,8.460074479162728,5507.48689533188,514,1,2,56b21bd2ca5aaae8c0981cccb2a90a0ffb3e4254,True
treasure-chest,NTC_PinkPEPS,2,34.01581156897763,0.8956722418467203,,35.49018778817533,37.83123974821028,,,28.726007170547284,,,17825792,22153,17847945,8.460074479162728,5494.0645996790845,515,1,2,56b21bd2ca5aaae8c0981cccb2a90a0ffb3e4254,True
treasure-chest,NTC_PinkPEPS-25,0,32.93642113499934,0.8673023184140524,,34.73909489594186,36.65686564856064,,,27.413302860495538,,,13369344,18889,13388233,11.278183162781826,4486.191972085973,525,1,2,56b21bd2ca5aaae8c0981cccb2a90a0ffb3e4254,True
treasure-chest,NTC_PinkPEPS-25,1,33.01935329284095,0.8697096308072408,,34.816554129497064,36.68319270592502,,,27.55831304310076,,,13369344,18889,13388233,11.278183162781826,4443.309113626834,526,1,2,56b21bd2ca5aaae8c0981cccb2a90a0ffb3e4254,True
treasure-chest,NTC_PinkPEPS-25,2,32.99310620561192,0.8702691793441772,,34.72089336132974,36.54057632900447,,,27.71784892650156,,,13369344,18889,13388233,11.278183162781826,4436.797718614107,527,1,2,56b21bd2ca5aaae8c0981cccb2a90a0ffb3e4254,True
wood-063,BI-Grid,0,36.3202237061881,0.9482891201972962,38.65031814184285,,30.547259431216922,46.28845303605172,,26.475872843430174,39.63921507839884,,17825792,10447,17836239,14.10937810375831,1402.7462236650754,534,0,2,56b21bd2ca5aaae8c0981cccb2a90a0ffb3e4254,True
wood-063,BI-Grid,1,36.34869125135832,0.9491082906723023,38.55450166485066,,30.211675653604054,46.45404473969957,,26.75038434831106,39.77284985032626,,17825792,10447,17836239,14.10937810375831,1402.9688063489739,535,0,2,56b21bd2ca5aaae8c0981cccb2a90a0ffb3e4254,True
wood-063,BI-Grid,2,36.285162878740785,0.9491894602775574,38.57534246143472,,30.43610956097637,46.23015081036623,,26.604474321981343,39.57973723894524,,17825792,10447,17836239,14.10937810375831,1407.9711689758115,536,0,2,56b21bd2ca5aaae8c0981cccb2a90a0ffb3e4254,True
wood-063,Grid-PEPS4F,0,34.88951401020644,0.929486346244812,37.98459284612099,,30.034390011801445,44.48818876587069,,25.110544587913296,36.8298538393258,,17825792,19151,17844943,14.102496152551455,3907.217185331043,537,1,2,56b21bd2ca5aaae8c0981cccb2a90a0ffb3e4254,True
wood-063,Grid-PEPS4F,1,35.16794154207946,0.9317814469337463,38.542371659146724,,30.02913407264164,44.73902234639372,,25.20121556126279,37.32796407095245,,17825792,19151,17844943,14.102496152551455,3988.855221553007,538,1,2,56b21bd2ca5aaae8c0981cccb2a90a0ffb3e4254,True
wood-063,Grid-PEPS4F,2,34.809600377818825,0.9268795013427734,37.59427069470614,,29.373046329852983,44.746124962090704,,25.100240445158228,37.23431945728608,,17825792,19151,17844943,14.102496152551455,3894.985524567077,539,1,2,56b21bd2ca5aaae8c0981cccb2a90a0ffb3e4254,True
wood-063,Grid-PEPS4F-25,0,33.21371882975226,0.9024022698402405,35.5461122245596,,27.937876246082173,43.20294673801736,,24.055088002485835,35.32657093761634,,13631488,16847,13648335,18.438750221180825,3000.7088425240945,549,1,2,56b21bd2ca5aaae8c0981cccb2a90a0ffb3e4254,True
wood-063,Grid-PEPS4F-25,1,33.61549488531023,0.9104550361633301,36.06399377567819,,28.426677640431667,43.52893042625042,,24.37755414848679,35.68031843570405,,13631488,16847,13648335,18.438750221180825,2998.964869474061,550,1,2,56b21bd2ca5aaae8c0981cccb2a90a0ffb3e4254,True
wood-063,Grid-PEPS4F-25,2,33.48560983467095,0.9067817330360413,35.92087456548951,,28.203414907168774,43.44926634596479,,24.2111159201942,35.6433774345375,,13631488,16847,13648335,18.438750221180825,3000.206825754838,551,1,2,56b21bd2ca5aaae8c0981cccb2a90a0ffb3e4254,True
wood-063,Grid-PinkPEPS4F,0,35.548020124290545,0.9371136903762818,38.784578197565466,,30.426778002491744,45.126127497922795,,25.54687530647631,37.85574161699643,,17825792,12367,17838159,14.107859448948739,3306.223230503965,540,0,2,56b21bd2ca5aaae8c0981cccb2a90a0ffb3e4254,True
wood-063,Grid-PinkPEPS4F,1,35.65136070204811,0.9366795897483826,39.08440895756954,,30.414866807077164,45.24054172390851,,25.49228687805541,38.02469914362992,,17825792,12367,17838159,14.107859448948739,3301.082814085996,541,0,2,56b21bd2ca5aaae8c0981cccb2a90a0ffb3e4254,True
wood-063,Grid-PinkPEPS4F,2,35.652204551560196,0.9363601922988891,38.99676056937536,,30.512055883599622,45.253960317223715,,25.418044766948498,38.08020122065379,,17825792,12367,17838159,14.107859448948739,3236.595713321818,542,0,2,56b21bd2ca5aaae8c0981cccb2a90a0ffb3e4254,True
wood-063,Grid-PinkPEPS4F-25,0,34.140156652049285,0.9163777232170105,37.29786959068374,,28.890178594270512,43.80905603242429,,24.367477122528275,36.33620192033961,,13631488,11599,13643087,18.445842938625255,2621.4028578042053,552,0,2,56b21bd2ca5aaae8c0981cccb2a90a0ffb3e4254,True
wood-063,Grid-PinkPEPS4F-25,1,33.928191071849305,0.9140314579010009,36.43782759107163,,28.584073140252254,43.84315276389511,,24.488502352505378,36.28739951152215,,13631488,11599,13643087,18.445842938625255,2620.778188104974,553,0,2,56b21bd2ca5aaae8c0981cccb2a90a0ffb3e4254,True
wood-063,Grid-PinkPEPS4F-25,2,34.05453998274767,0.9150722742080688,36.674532789041294,,28.647727132919808,44.02999196769013,,24.52008865076589,36.40035937332123,,13631488,11599,13643087,18.445842938625255,2621.1575767749455,554,0,2,56b21bd2ca5aaae8c0981cccb2a90a0ffb3e4254,True
wood-063,LPE,0,34.79247787815195,0.9275522351264953,36.93106997710434,,28.91112766129627,45.07106016477287,,25.42677501206065,37.6223565755256,,16777216,10383,16787599,14.99072261614064,1403.1120946980081,528,0,2,56b21bd2ca5aaae8c0981cccb2a90a0ffb3e4254,True
wood-063,LPE,1,34.7874537054435,0.9295583963394165,37.504032717780056,,29.589051171036175,44.67114593856866,,25.274024346197955,36.89901435363466,,16777216,10383,16787599,14.99072261614064,1406.8784502961207,529,0,2,56b21bd2ca5aaae8c0981cccb2a90a0ffb3e4254,True
wood-063,LPE,2,34.42103998226038,0.9250576257705688,37.207433862588786,,29.14988368369324,44.23351949121712,,25.083381775973667,36.43098109782912,,16777216,10383,16787599,14.99072261614064,1408.0972442580387,530,0,2,56b21bd2ca5aaae8c0981cccb2a90a0ffb3e4254,True
wood-063,NTC_N,0,34.68900802608853,0.935869824886322,36.791762574062325,,29.053750549613625,44.259088881716764,,25.833956655069134,37.50648146998083,,17825792,14479,17840271,14.106189306205046,1716.9173111368436,531,1,2,56b21bd2ca5aaae8c0981cccb2a90a0ffb3e4254,True
wood-063,NTC_N,1,34.986322981273084,0.9362728714942932,36.91861770237043,,28.924087683013546,44.89159686824471,,25.82498435911502,38.372328293621706,,17825792,14479,17840271,14.106189306205046,1715.6014865599573,532,1,2,56b21bd2ca5aaae8c0981cccb2a90a0ffb3e4254,True
wood-063,NTC_N,2,34.596495031943775,0.9321157217025757,36.711422688730465,,28.628757202803182,44.305865016744235,,25.665465266084396,37.670964985356584,,17825792,14479,17840271,14.106189306205046,1714.967990309,533,1,2,56b21bd2ca5aaae8c0981cccb2a90a0ffb3e4254,True
wood-063,NTC_PEPS,0,34.93017073535326,0.9349480390548706,39.35624383302116,,30.265806461147978,43.07758975319644,,25.35774662227673,36.593467007123984,,17825792,49295,17875087,14.078714134370367,4471.5520133068785,543,1,2,56b21bd2ca5aaae8c0981cccb2a90a0ffb3e4254,True
wood-063,NTC_PEPS,1,36.244695433846815,0.9507023692131042,39.161090874280625,,30.81608963258073,45.16633603395272,,26.644276487480685,39.43568414093931,,17825792,49295,17875087,14.078714134370367,4473.0566160429735,544,1,2,56b21bd2ca5aaae8c0981cccb2a90a0ffb3e4254,True
wood-063,NTC_PEPS,2,36.232179422117895,0.9504685640335083,38.34660323213893,,30.466708989483635,45.469184982921114,,27.0978342782847,39.78056562776108,,17825792,49295,17875087,14.078714134370367,4471.464181781048,545,1,2,56b21bd2ca5aaae8c0981cccb2a90a0ffb3e4254,True
wood-063,NTC_PEPS-25,0,35.32917420915439,0.9398516178131103,36.69214845882403,,28.86681221035957,45.23683355459718,,26.61819750745092,39.23187931454023,,13369344,39503,13408847,18.768074540637237,3587.026679050876,555,1,2,56b21bd2ca5aaae8c0981cccb2a90a0ffb3e4254,True
wood-063,NTC_PEPS-25,1,35.18229992665348,0.936415159702301,35.63354610258475,,28.33111518698731,45.46563794526129,,26.8928607511442,39.58833964728984,,13369344,39503,13408847,18.768074540637237,3585.6431421940215,556,1,2,56b21bd2ca5aaae8c0981cccb2a90a0ffb3e4254,True
wood-063,NTC_PEPS-25,2,36.02384617795069,0.9416613817214966,36.621579175989496,,28.223090153334432,46.869530117218346,,27.647184340785603,40.75784710242555,,13369344,39503,13408847,18.768074540637237,3583.612010592129,557,1,2,56b21bd2ca5aaae8c0981cccb2a90a0ffb3e4254,True
wood-063,NTC_PinkPEPS,0,35.30483864574857,0.9402066349983216,39.506588088457256,,30.883957327657342,43.5412608750504,,25.506670662891434,37.08571627468641,,17825792,22543,17848335,14.099816033260245,5478.504481239943,546,0,2,56b21bd2ca5aaae8c0981cccb2a90a0ffb3e4254,True
wood-063,NTC_PinkPEPS,1,37.06892562079774,0.9575256705284119,40.327688752661885,,31.77553866854727,45.94864724870608,,27.066319256513598,40.22643417755987,,17825792,22543,17848335,14.099816033260245,5479.222636396065,547,0,2,56b21bd2ca5aaae8c0981cccb2a90a0ffb3e4254,True
wood-063,NTC_PinkPEPS,2,34.57318006072673,0.92867112159729,39.06926559866855,,31.06245682025582,42.26313116106769,,24.706001351014923,35.765045372626666,,17825792,22543,17848335,14.099816033260245,5478.390848687151,548,0,2,56b21bd2ca5aaae8c0981cccb2a90a0ffb3e4254,True
wood-063,NTC_PinkPEPS-25,0,35.512202481973226,0.9407128810882568,37.624312678477445,,28.988546181792305,45.37876963079701,,26.463082685556174,39.10630123324318,,13369344,19279,13388623,18.796424397042177,4453.879421629012,558,0,2,56b21bd2ca5aaae8c0981cccb2a90a0ffb3e4254,True
wood-063,NTC_PinkPEPS-25,1,33.32551770255266,0.9139089941978454,37.03696830522124,,28.9998389384254,41.54971517078924,,24.3940341034558,34.647031994871604,,13369344,19279,13388623,18.796424397042177,4460.380366757046,559,0,2,56b21bd2ca5aaae8c0981cccb2a90a0ffb3e4254,True
wood-063,NTC_PinkPEPS-25,2,33.63377622046434,0.9183926105499267,36.81049854432804,,29.04775811943758,42.2602784831316,,24.631825956095316,35.41851999932918,,13369344,19279,13388623,18.796424397042177,4492.528207669966,560,0,2,56b21bd2ca5aaae8c0981cccb2a90a0ffb3e4254,True
wood-planks,BI-Grid,0,44.95704417399948,0.9642263948917389,,46.06254048231503,43.70685202401504,54.59806384763838,,35.46072034202946,,,17825792,10252,17836044,11.287625888341607,1406.380317774834,567,1,2,56b21bd2ca5aaae8c0981cccb2a90a0ffb3e4254,True
wood-planks,BI-Grid,1,45.01182746560565,0.9645668715238571,,46.04687880003943,43.74810992934798,54.7241949725847,,35.52812616045049,,,17825792,10252,17836044,11.287625888341607,1409.1905479629058,568,1,2,56b21bd2ca5aaae8c0981cccb2a90a0ffb3e4254,True
wood-planks,BI-Grid,2,44.983833804978886,0.9634028375148773,,46.1551131546971,43.77711597389361,54.63993370341644,,35.36317238790839,,,17825792,10252,17836044,11.287625888341607,1406.2149783971254,569,1,2,56b21bd2ca5aaae8c0981cccb2a90a0ffb3e4254,True
wood-planks,Grid-PEPS4F,0,45.64617931367059,0.9601211994886398,,46.150696101952526,42.962880666035716,57.43458049599698,,36.03655999069711,,,17825792,18956,17844748,11.282120207021135,3859.079308342887,570,0,2,56b21bd2ca5aaae8c0981cccb2a90a0ffb3e4254,True
wood-planks,Grid-PEPS4F,1,45.692040209657726,0.9602255672216415,,46.08285827616324,43.368567865686416,57.36092789601432,,35.95580680076692,,,17825792,18956,17844748,11.282120207021135,3823.6862467299215,571,0,2,56b21bd2ca5aaae8c0981cccb2a90a0ffb3e4254,True
wood-planks,Grid-PEPS4F,2,45.60158059448389,0.959133967757225,,46.17810937597733,43.07523480282886,57.30462131375403,,35.84835688537533,,,17825792,18956,17844748,11.282120207021135,3822.165508337086,572,0,2,56b21bd2ca5aaae8c0981cccb2a90a0ffb3e4254,True
wood-planks,Grid-PEPS4F-25,0,44.784409258661235,0.950780376791954,,45.44901775295074,42.39758822332739,56.57778330666101,,34.713247751705794,,,13631488,16652,13648140,14.751210934237193,2974.044590946054,582,0,2,56b21bd2ca5aaae8c0981cccb2a90a0ffb3e4254,True
wood-planks,Grid-PEPS4F-25,1,44.779068741260026,0.9511590152978897,,45.49802802204582,42.41892008977199,56.404976047546604,,34.7943508056757,,,13631488,16652,13648140,14.751210934237193,2975.927055309061,583,0,2,56b21bd2ca5aaae8c0981cccb2a90a0ffb3e4254,True
wood-planks,Grid-PEPS4F-25,2,44.84433227349323,0.9507573843002319,,45.65374962945203,42.389147282187125,56.57281686721872,,34.76161531511504,,,13631488,16652,13648140,14.751210934237193,2976.0383065959904,584,0,2,56b21bd2ca5aaae8c0981cccb2a90a0ffb3e4254,True
wood-planks,Grid-PinkPEPS4F,0,45.62880593514329,0.9619268327951431,,46.1707331023342,43.46121916357349,56.97778282897585,,35.905488645689616,,,17825792,12172,17837964,11.286410937929912,3190.599516747985,573,1,2,56b21bd2ca5aaae8c0981cccb2a90a0ffb3e4254,True
wood-planks,Grid-PinkPEPS4F,1,45.8290852833885,0.962244912981987,,46.30819289381777,43.663544051789174,57.43064064503625,,35.91396354291082,,,17825792,12172,17837964,11.286410937929912,3191.378249921836,574,1,2,56b21bd2ca5aaae8c0981cccb2a90a0ffb3e4254,True
wood-planks,Grid-PinkPEPS4F,2,45.59767123366766,0.9622807949781418,,46.21553181136285,43.602756312766374,56.659306853697075,,35.913089956844345,,,17825792,12172,17837964,11.286410937929912,3189.9295645719394,575,1,2,56b21bd2ca5aaae8c0981cccb2a90a0ffb3e4254,True
wood-planks,Grid-PinkPEPS4F-25,0,44.771564962033054,0.9532783180475235,,45.59185652907744,42.8324680039444,55.85924047892693,,34.80269483618346,,,13631488,11404,13642892,14.75688527036643,2607.5713120941073,585,1,2,56b21bd2ca5aaae8c0981cccb2a90a0ffb3e4254,True
wood-planks,Grid-PinkPEPS4F-25,1,44.74630225558065,0.952972799539566,,45.498047353625324,42.76761462476926,55.96877046181455,,34.750776582113474,,,13631488,11404,13642892,14.75688527036643,2607.710147249978,586,1,2,56b21bd2ca5aaae8c0981cccb2a90a0ffb3e4254,True
wood-planks,Grid-PinkPEPS4F-25,2,44.723918956115064,0.9528253823518753,,45.529375040053814,42.71001809870078,55.94164694677433,,34.71463573893134,,,13631488,11404,13642892,14.75688527036643,2607.8735080240294,587,1,2,56b21bd2ca5aaae8c0981cccb2a90a0ffb3e4254,True
wood-planks,LPE,0,42.07535007036103,0.9659856855869293,,43.477769550345855,42.174189867998855,47.14536278894292,,35.50407807415651,,,16777216,10188,16787404,11.992717396924503,1406.5606840720866,561,1,2,56b21bd2ca5aaae8c0981cccb2a90a0ffb3e4254,True
wood-planks,LPE,1,42.15038149914873,0.9669600874185562,,43.64031513733305,42.109568321563486,47.07471268715432,,35.77692985054407,,,16777216,10188,16787404,11.992717396924503,1408.2165404239204,562,1,2,56b21bd2ca5aaae8c0981cccb2a90a0ffb3e4254,True
wood-planks,LPE,2,42.031308604601946,0.9652537554502487,,43.5029045883499,42.00507453898871,47.15572689430697,,35.46152839676222,,,16777216,10188,16787404,11.992717396924503,1496.473780731205,563,1,2,56b21bd2ca5aaae8c0981cccb2a90a0ffb3e4254,True
wood-planks,NTC_N,0,43.67221703286458,0.9626111686229706,,44.836549473318314,43.100015701332154,51.73601893166009,,35.01628402514776,,,17825792,14284,17840076,11.285074794524418,1712.5452962100971,564,0,2,56b21bd2ca5aaae8c0981cccb2a90a0ffb3e4254,True
wood-planks,NTC_N,1,43.86818919609976,0.9626829326152802,,45.26033054617442,43.057979049123645,52.13703644317371,,35.01741074592728,,,17825792,14284,17840076,11.285074794524418,1704.1994125491474,565,0,2,56b21bd2ca5aaae8c0981cccb2a90a0ffb3e4254,True
wood-planks,NTC_N,2,43.726984931047504,0.9605797231197357,,45.0765892822113,43.223079960076454,51.880865725726736,,34.727404756175524,,,17825792,14284,17840076,11.285074794524418,1701.114225619007,566,0,2,56b21bd2ca5aaae8c0981cccb2a90a0ffb3e4254,True
wood-planks,NTC_PEPS,0,45.460413235749876,0.9621699750423431,,46.04676308282833,42.79747989201185,56.35770261619011,,36.63970735196921,,,17825792,49100,17874892,11.263094177016566,4448.739239794202,576,0,2,56b21bd2ca5aaae8c0981cccb2a90a0ffb3e4254,True
wood-planks,NTC_PEPS,1,45.40971392154402,0.9616202861070633,,45.95121302821877,42.7883722008595,56.35683018331144,,36.54244027378637,,,17825792,49100,17874892,11.263094177016566,4451.134657675168,577,0,2,56b21bd2ca5aaae8c0981cccb2a90a0ffb3e4254,True
wood-planks,NTC_PEPS,2,45.381662853400584,0.9605414420366287,,46.07039191512377,42.53642896950724,56.48753280200048,,36.43229772697085,,,17825792,49100,17874892,11.263094177016566,4450.192488356959,578,0,2,56b21bd2ca5aaae8c0981cccb2a90a0ffb3e4254,True
wood-planks,NTC_PEPS-25,0,44.50127075385887,0.9517351388931274,,45.46226830094287,41.724079763791295,55.524068258227274,,35.294666692474046,,,13369344,39308,13408652,15.014677985527554,3571.504008574877,588,0,2,56b21bd2ca5aaae8c0981cccb2a90a0ffb3e4254,True
wood-planks,NTC_PEPS-25,1,44.51033174313324,0.9525371044874191,,45.31890585774611,41.65817975314759,55.54133639087556,,35.52290497076372,,,13369344,39308,13408652,15.014677985527554,3566.2457246838603,589,0,2,56b21bd2ca5aaae8c0981cccb2a90a0ffb3e4254,True
wood-planks,NTC_PEPS-25,2,44.503747066653034,0.9528490900993347,,45.375728448290864,41.696789627744344,55.494925508348416,,35.44754468222851,,,13369344,39308,13408652,15.014677985527554,3568.101901207119,590,0,2,56b21bd2ca5aaae8c0981cccb2a90a0ffb3e4254,True
wood-planks,NTC_PinkPEPS,0,45.1589722380959,0.9607710391283035,,45.92230474961636,42.704870764700836,55.839078813190504,,36.16963462487589,,,17825792,22348,17848140,11.279976064732796,5472.674753708066,579,1,2,56b21bd2ca5aaae8c0981cccb2a90a0ffb3e4254,True
wood-planks,NTC_PinkPEPS,1,45.3364994482301,0.9607008099555969,,45.88057962142106,42.79651688380528,56.519537596071885,,36.14936369162216,,,17825792,22348,17848140,11.279976064732796,5472.844667739002,580,1,2,56b21bd2ca5aaae8c0981cccb2a90a0ffb3e4254,True
wood-planks,NTC_PinkPEPS,2,45.11949837000472,0.9606831818819046,,45.68971431737869,42.65861850012083,55.9775064102721,,36.15215425224728,,,17825792,22348,17848140,11.279976064732796,5471.792138661025,581,1,2,56b21bd2ca5aaae8c0981cccb2a90a0ffb3e4254,True
wood-planks,NTC_PinkPEPS-25,0,44.32787366749673,0.951798141002655,,45.3261422522683,41.937583145394235,55.05155266370066,,34.99621660862374,,,13369344,19084,13388428,15.03735853081482,4445.182023931993,591,1,2,56b21bd2ca5aaae8c0981cccb2a90a0ffb3e4254,True
wood-planks,NTC_PinkPEPS-25,1,44.334403062061575,0.9522084295749664,,45.31511300900792,41.9083172689607,54.97569119732055,,35.138490772957134,,,13369344,19084,13388428,15.03735853081482,4440.333473070059,592,1,2,56b21bd2ca5aaae8c0981cccb2a90a0ffb3e4254,True
wood-planks,NTC_PinkPEPS-25,2,44.29531713955028,0.9535093158483505,,45.04358376815322,41.82968980791146,55.01678835254594,,35.29120662959051,,,13369344,19084,13388428,15.03735853081482,4440.970380506013,593,1,2,56b21bd2ca5aaae8c0981cccb2a90a0ffb3e4254,True
