artifact,profile,instance,width,height,method,seed,metric,value,encoder_params,decoder_params,total_params,compression_factor,elapsed_seconds,job_shard_rank,job_shard_world_size,git_commit,git_dirty,config_source,training_json,metric_versions_json,verification_status
table1,full,kodim01,768,512,LPE,0,flip,0.025574132800102234,401408,9603,411011,2.870112965346426,1002.4648053599522,3,4,37763759d5f5cd91d816e279e66d24a5f61411f9,True,/home/aup/yy/workspace/peps/configs/paper/image_full.toml,"{""batch_size"":60000,""checkpoint_every"":500,""cosine"":true,""encoder_lr"":0.1,""log_every"":500,""loss"":""l2"",""model_lr"":0.001,""seed"":0,""steps"":120000,""task"":""image"",""total_steps"":120000}","{""flip-evaluator"":""1.7"",""lpips"":""0.1.4"",""torch"":""2.10.0+rocm7.0"",""torchmetrics"":""1.9.0""}",partial_do_not_interpret
table1,full,kodim01,768,512,LPE,0,lpips,0.0009123020572587848,401408,9603,411011,2.870112965346426,1002.4648053599522,3,4,37763759d5f5cd91d816e279e66d24a5f61411f9,True,/home/aup/yy/workspace/peps/configs/paper/image_full.toml,"{""batch_size"":60000,""checkpoint_every"":500,""cosine"":true,""encoder_lr"":0.1,""log_every"":500,""loss"":""l2"",""model_lr"":0.001,""seed"":0,""steps"":120000,""task"":""image"",""total_steps"":120000}","{""flip-evaluator"":""1.7"",""lpips"":""0.1.4"",""torch"":""2.10.0+rocm7.0"",""torchmetrics"":""1.9.0""}",partial_do_not_interpret
table1,full,kodim01,768,512,LPE,0,lsd,0.0027107811312634474,401408,9603,411011,2.870112965346426,1002.4648053599522,3,4,37763759d5f5cd91d816e279e66d24a5f61411f9,True,/home/aup/yy/workspace/peps/configs/paper/image_full.toml,"{""batch_size"":60000,""checkpoint_every"":500,""cosine"":true,""encoder_lr"":0.1,""log_every"":500,""loss"":""l2"",""model_lr"":0.001,""seed"":0,""steps"":120000,""task"":""image"",""total_steps"":120000}","{""flip-evaluator"":""1.7"",""lpips"":""0.1.4"",""torch"":""2.10.0+rocm7.0"",""torchmetrics"":""1.9.0""}",partial_do_not_interpret
table1,full,kodim01,768,512,LPE,0,psnr,47.48910253777778,401408,9603,411011,2.870112965346426,1002.4648053599522,3,4,37763759d5f5cd91d816e279e66d24a5f61411f9,True,/home/aup/yy/workspace/peps/configs/paper/image_full.toml,"{""batch_size"":60000,""checkpoint_every"":500,""cosine"":true,""encoder_lr"":0.1,""log_every"":500,""loss"":""l2"",""model_lr"":0.001,""seed"":0,""steps"":120000,""task"":""image"",""total_steps"":120000}","{""flip-evaluator"":""1.7"",""lpips"":""0.1.4"",""torch"":""2.10.0+rocm7.0"",""torchmetrics"":""1.9.0""}",partial_do_not_interpret
table1,full,kodim01,768,512,LPE,0,ssim,0.9975550770759583,401408,9603,411011,2.870112965346426,1002.4648053599522,3,4,37763759d5f5cd91d816e279e66d24a5f61411f9,True,/home/aup/yy/workspace/peps/configs/paper/image_full.toml,"{""batch_size"":60000,""checkpoint_every"":500,""cosine"":true,""encoder_lr"":0.1,""log_every"":500,""loss"":""l2"",""model_lr"":0.001,""seed"":0,""steps"":120000,""task"":""image"",""total_steps"":120000}","{""flip-evaluator"":""1.7"",""lpips"":""0.1.4"",""torch"":""2.10.0+rocm7.0"",""torchmetrics"":""1.9.0""}",partial_do_not_interpret
smoke,smoke,kodim01,768,512,PE,0,flip,0.8799486756324768,0,194403,194403,6.068054505331708,2.6698648859746754,0,4,9004fe2240b9e84c55ae641ba78c0ad5f83398a6,True,/home/aup/yy/workspace/peps/configs/paper/image_repro_smoke.toml,"{""batch_size"":512,""checkpoint_every"":1,""cosine"":true,""encoder_lr"":0.1,""log_every"":1,""loss"":""l2"",""model_lr"":0.001,""seed"":0,""steps"":1,""task"":""image"",""total_steps"":1}","{""flip-evaluator"":""1.7"",""lpips"":""0.1.4"",""torch"":""2.10.0+rocm7.0"",""torchmetrics"":""1.9.0""}",smoke_not_paper_comparable
smoke,smoke,kodim01,768,512,PE,0,lpips,1.0044653415679932,0,194403,194403,6.068054505331708,2.6698648859746754,0,4,9004fe2240b9e84c55ae641ba78c0ad5f83398a6,True,/home/aup/yy/workspace/peps/configs/paper/image_repro_smoke.toml,"{""batch_size"":512,""checkpoint_every"":1,""cosine"":true,""encoder_lr"":0.1,""log_every"":1,""loss"":""l2"",""model_lr"":0.001,""seed"":0,""steps"":1,""task"":""image"",""total_steps"":1}","{""flip-evaluator"":""1.7"",""lpips"":""0.1.4"",""torch"":""2.10.0+rocm7.0"",""torchmetrics"":""1.9.0""}",smoke_not_paper_comparable
smoke,smoke,kodim01,768,512,PE,0,lsd,0.0953417690769917,0,194403,194403,6.068054505331708,2.6698648859746754,0,4,9004fe2240b9e84c55ae641ba78c0ad5f83398a6,True,/home/aup/yy/workspace/peps/configs/paper/image_repro_smoke.toml,"{""batch_size"":512,""checkpoint_every"":1,""cosine"":true,""encoder_lr"":0.1,""log_every"":1,""loss"":""l2"",""model_lr"":0.001,""seed"":0,""steps"":1,""task"":""image"",""total_steps"":1}","{""flip-evaluator"":""1.7"",""lpips"":""0.1.4"",""torch"":""2.10.0+rocm7.0"",""torchmetrics"":""1.9.0""}",smoke_not_paper_comparable
smoke,smoke,kodim01,768,512,PE,0,psnr,7.146229494583199,0,194403,194403,6.068054505331708,2.6698648859746754,0,4,9004fe2240b9e84c55ae641ba78c0ad5f83398a6,True,/home/aup/yy/workspace/peps/configs/paper/image_repro_smoke.toml,"{""batch_size"":512,""checkpoint_every"":1,""cosine"":true,""encoder_lr"":0.1,""log_every"":1,""loss"":""l2"",""model_lr"":0.001,""seed"":0,""steps"":1,""task"":""image"",""total_steps"":1}","{""flip-evaluator"":""1.7"",""lpips"":""0.1.4"",""torch"":""2.10.0+rocm7.0"",""torchmetrics"":""1.9.0""}",smoke_not_paper_comparable
smoke,smoke,kodim01,768,512,PE,0,ssim,-0.006355153396725655,0,194403,194403,6.068054505331708,2.6698648859746754,0,4,9004fe2240b9e84c55ae641ba78c0ad5f83398a6,True,/home/aup/yy/workspace/peps/configs/paper/image_repro_smoke.toml,"{""batch_size"":512,""checkpoint_every"":1,""cosine"":true,""encoder_lr"":0.1,""log_every"":1,""loss"":""l2"",""model_lr"":0.001,""seed"":0,""steps"":1,""task"":""image"",""total_steps"":1}","{""flip-evaluator"":""1.7"",""lpips"":""0.1.4"",""torch"":""2.10.0+rocm7.0"",""torchmetrics"":""1.9.0""}",smoke_not_paper_comparable
smoke,smoke,kodim01,768,512,LPE,0,flip,0.8888155817985535,401408,9603,411011,2.870112965346426,2.5812261019600555,1,4,9004fe2240b9e84c55ae641ba78c0ad5f83398a6,True,/home/aup/yy/workspace/peps/configs/paper/image_repro_smoke.toml,"{""batch_size"":512,""checkpoint_every"":1,""cosine"":true,""encoder_lr"":0.1,""log_every"":1,""loss"":""l2"",""model_lr"":0.001,""seed"":0,""steps"":1,""task"":""image"",""total_steps"":1}","{""flip-evaluator"":""1.7"",""lpips"":""0.1.4"",""torch"":""2.10.0+rocm7.0"",""torchmetrics"":""1.9.0""}",smoke_not_paper_comparable
smoke,smoke,kodim01,768,512,LPE,0,lpips,1.0475553274154663,401408,9603,411011,2.870112965346426,2.5812261019600555,1,4,9004fe2240b9e84c55ae641ba78c0ad5f83398a6,True,/home/aup/yy/workspace/peps/configs/paper/image_repro_smoke.toml,"{""batch_size"":512,""checkpoint_every"":1,""cosine"":true,""encoder_lr"":0.1,""log_every"":1,""loss"":""l2"",""model_lr"":0.001,""seed"":0,""steps"":1,""task"":""image"",""total_steps"":1}","{""flip-evaluator"":""1.7"",""lpips"":""0.1.4"",""torch"":""2.10.0+rocm7.0"",""torchmetrics"":""1.9.0""}",smoke_not_paper_comparable
smoke,smoke,kodim01,768,512,LPE,0,lsd,0.09685592193758881,401408,9603,411011,2.870112965346426,2.5812261019600555,1,4,9004fe2240b9e84c55ae641ba78c0ad5f83398a6,True,/home/aup/yy/workspace/peps/configs/paper/image_repro_smoke.toml,"{""batch_size"":512,""checkpoint_every"":1,""cosine"":true,""encoder_lr"":0.1,""log_every"":1,""loss"":""l2"",""model_lr"":0.001,""seed"":0,""steps"":1,""task"":""image"",""total_steps"":1}","{""flip-evaluator"":""1.7"",""lpips"":""0.1.4"",""torch"":""2.10.0+rocm7.0"",""torchmetrics"":""1.9.0""}",smoke_not_paper_comparable
smoke,smoke,kodim01,768,512,LPE,0,psnr,6.124113750417574,401408,9603,411011,2.870112965346426,2.5812261019600555,1,4,9004fe2240b9e84c55ae641ba78c0ad5f83398a6,True,/home/aup/yy/workspace/peps/configs/paper/image_repro_smoke.toml,"{""batch_size"":512,""checkpoint_every"":1,""cosine"":true,""encoder_lr"":0.1,""log_every"":1,""loss"":""l2"",""model_lr"":0.001,""seed"":0,""steps"":1,""task"":""image"",""total_steps"":1}","{""flip-evaluator"":""1.7"",""lpips"":""0.1.4"",""torch"":""2.10.0+rocm7.0"",""torchmetrics"":""1.9.0""}",smoke_not_paper_comparable
smoke,smoke,kodim01,768,512,LPE,0,ssim,-0.09684749692678452,401408,9603,411011,2.870112965346426,2.5812261019600555,1,4,9004fe2240b9e84c55ae641ba78c0ad5f83398a6,True,/home/aup/yy/workspace/peps/configs/paper/image_repro_smoke.toml,"{""batch_size"":512,""checkpoint_every"":1,""cosine"":true,""encoder_lr"":0.1,""log_every"":1,""loss"":""l2"",""model_lr"":0.001,""seed"":0,""steps"":1,""task"":""image"",""total_steps"":1}","{""flip-evaluator"":""1.7"",""lpips"":""0.1.4"",""torch"":""2.10.0+rocm7.0"",""torchmetrics"":""1.9.0""}",smoke_not_paper_comparable
smoke,smoke,kodim01,768,512,NTC_N,0,flip,0.8614187240600586,417792,13699,431491,2.733887844705915,2.5767179649556056,2,4,9004fe2240b9e84c55ae641ba78c0ad5f83398a6,True,/home/aup/yy/workspace/peps/configs/paper/image_repro_smoke.toml,"{""batch_size"":512,""checkpoint_every"":1,""cosine"":true,""encoder_lr"":0.1,""log_every"":1,""loss"":""l2"",""model_lr"":0.001,""seed"":0,""steps"":1,""task"":""image"",""total_steps"":1}","{""flip-evaluator"":""1.7"",""lpips"":""0.1.4"",""torch"":""2.10.0+rocm7.0"",""torchmetrics"":""1.9.0""}",smoke_not_paper_comparable
smoke,smoke,kodim01,768,512,NTC_N,0,lpips,1.0431022644042969,417792,13699,431491,2.733887844705915,2.5767179649556056,2,4,9004fe2240b9e84c55ae641ba78c0ad5f83398a6,True,/home/aup/yy/workspace/peps/configs/paper/image_repro_smoke.toml,"{""batch_size"":512,""checkpoint_every"":1,""cosine"":true,""encoder_lr"":0.1,""log_every"":1,""loss"":""l2"",""model_lr"":0.001,""seed"":0,""steps"":1,""task"":""image"",""total_steps"":1}","{""flip-evaluator"":""1.7"",""lpips"":""0.1.4"",""torch"":""2.10.0+rocm7.0"",""torchmetrics"":""1.9.0""}",smoke_not_paper_comparable
smoke,smoke,kodim01,768,512,NTC_N,0,lsd,0.0964568482252358,417792,13699,431491,2.733887844705915,2.5767179649556056,2,4,9004fe2240b9e84c55ae641ba78c0ad5f83398a6,True,/home/aup/yy/workspace/peps/configs/paper/image_repro_smoke.toml,"{""batch_size"":512,""checkpoint_every"":1,""cosine"":true,""encoder_lr"":0.1,""log_every"":1,""loss"":""l2"",""model_lr"":0.001,""seed"":0,""steps"":1,""task"":""image"",""total_steps"":1}","{""flip-evaluator"":""1.7"",""lpips"":""0.1.4"",""torch"":""2.10.0+rocm7.0"",""torchmetrics"":""1.9.0""}",smoke_not_paper_comparable
smoke,smoke,kodim01,768,512,NTC_N,0,psnr,7.840100292067492,417792,13699,431491,2.733887844705915,2.5767179649556056,2,4,9004fe2240b9e84c55ae641ba78c0ad5f83398a6,True,/home/aup/yy/workspace/peps/configs/paper/image_repro_smoke.toml,"{""batch_size"":512,""checkpoint_every"":1,""cosine"":true,""encoder_lr"":0.1,""log_every"":1,""loss"":""l2"",""model_lr"":0.001,""seed"":0,""steps"":1,""task"":""image"",""total_steps"":1}","{""flip-evaluator"":""1.7"",""lpips"":""0.1.4"",""torch"":""2.10.0+rocm7.0"",""torchmetrics"":""1.9.0""}",smoke_not_paper_comparable
smoke,smoke,kodim01,768,512,NTC_N,0,ssim,0.07767048478126526,417792,13699,431491,2.733887844705915,2.5767179649556056,2,4,9004fe2240b9e84c55ae641ba78c0ad5f83398a6,True,/home/aup/yy/workspace/peps/configs/paper/image_repro_smoke.toml,"{""batch_size"":512,""checkpoint_every"":1,""cosine"":true,""encoder_lr"":0.1,""log_every"":1,""loss"":""l2"",""model_lr"":0.001,""seed"":0,""steps"":1,""task"":""image"",""total_steps"":1}","{""flip-evaluator"":""1.7"",""lpips"":""0.1.4"",""torch"":""2.10.0+rocm7.0"",""torchmetrics"":""1.9.0""}",smoke_not_paper_comparable
smoke,smoke,kodim01,768,512,Grid,0,flip,0.8879223465919495,426496,9667,436163,2.704603554175847,2.477081715944223,3,4,9004fe2240b9e84c55ae641ba78c0ad5f83398a6,True,/home/aup/yy/workspace/peps/configs/paper/image_repro_smoke.toml,"{""batch_size"":512,""checkpoint_every"":1,""cosine"":true,""encoder_lr"":0.1,""log_every"":1,""loss"":""l2"",""model_lr"":0.001,""seed"":0,""steps"":1,""task"":""image"",""total_steps"":1}","{""flip-evaluator"":""1.7"",""lpips"":""0.1.4"",""torch"":""2.10.0+rocm7.0"",""torchmetrics"":""1.9.0""}",smoke_not_paper_comparable
smoke,smoke,kodim01,768,512,Grid,0,lpips,1.0989845991134644,426496,9667,436163,2.704603554175847,2.477081715944223,3,4,9004fe2240b9e84c55ae641ba78c0ad5f83398a6,True,/home/aup/yy/workspace/peps/configs/paper/image_repro_smoke.toml,"{""batch_size"":512,""checkpoint_every"":1,""cosine"":true,""encoder_lr"":0.1,""log_every"":1,""loss"":""l2"",""model_lr"":0.001,""seed"":0,""steps"":1,""task"":""image"",""total_steps"":1}","{""flip-evaluator"":""1.7"",""lpips"":""0.1.4"",""torch"":""2.10.0+rocm7.0"",""torchmetrics"":""1.9.0""}",smoke_not_paper_comparable
smoke,smoke,kodim01,768,512,Grid,0,lsd,0.09661012562144784,426496,9667,436163,2.704603554175847,2.477081715944223,3,4,9004fe2240b9e84c55ae641ba78c0ad5f83398a6,True,/home/aup/yy/workspace/peps/configs/paper/image_repro_smoke.toml,"{""batch_size"":512,""checkpoint_every"":1,""cosine"":true,""encoder_lr"":0.1,""log_every"":1,""loss"":""l2"",""model_lr"":0.001,""seed"":0,""steps"":1,""task"":""image"",""total_steps"":1}","{""flip-evaluator"":""1.7"",""lpips"":""0.1.4"",""torch"":""2.10.0+rocm7.0"",""torchmetrics"":""1.9.0""}",smoke_not_paper_comparable
smoke,smoke,kodim01,768,512,Grid,0,psnr,6.203266932523126,426496,9667,436163,2.704603554175847,2.477081715944223,3,4,9004fe2240b9e84c55ae641ba78c0ad5f83398a6,True,/home/aup/yy/workspace/peps/configs/paper/image_repro_smoke.toml,"{""batch_size"":512,""checkpoint_every"":1,""cosine"":true,""encoder_lr"":0.1,""log_every"":1,""loss"":""l2"",""model_lr"":0.001,""seed"":0,""steps"":1,""task"":""image"",""total_steps"":1}","{""flip-evaluator"":""1.7"",""lpips"":""0.1.4"",""torch"":""2.10.0+rocm7.0"",""torchmetrics"":""1.9.0""}",smoke_not_paper_comparable
smoke,smoke,kodim01,768,512,Grid,0,ssim,-0.04769643768668175,426496,9667,436163,2.704603554175847,2.477081715944223,3,4,9004fe2240b9e84c55ae641ba78c0ad5f83398a6,True,/home/aup/yy/workspace/peps/configs/paper/image_repro_smoke.toml,"{""batch_size"":512,""checkpoint_every"":1,""cosine"":true,""encoder_lr"":0.1,""log_every"":1,""loss"":""l2"",""model_lr"":0.001,""seed"":0,""steps"":1,""task"":""image"",""total_steps"":1}","{""flip-evaluator"":""1.7"",""lpips"":""0.1.4"",""torch"":""2.10.0+rocm7.0"",""torchmetrics"":""1.9.0""}",smoke_not_paper_comparable
smoke,smoke,kodim01,768,512,G-PEPS,0,flip,0.8341982364654541,426496,16195,442691,2.6647209904877216,0.28699511697050184,0,4,9004fe2240b9e84c55ae641ba78c0ad5f83398a6,True,/home/aup/yy/workspace/peps/configs/paper/image_repro_smoke.toml,"{""batch_size"":512,""checkpoint_every"":1,""cosine"":true,""encoder_lr"":0.1,""log_every"":1,""loss"":""l2"",""model_lr"":0.001,""seed"":0,""steps"":1,""task"":""image"",""total_steps"":1}","{""flip-evaluator"":""1.7"",""lpips"":""0.1.4"",""torch"":""2.10.0+rocm7.0"",""torchmetrics"":""1.9.0""}",smoke_not_paper_comparable
smoke,smoke,kodim01,768,512,G-PEPS,0,lpips,1.1195573806762695,426496,16195,442691,2.6647209904877216,0.28699511697050184,0,4,9004fe2240b9e84c55ae641ba78c0ad5f83398a6,True,/home/aup/yy/workspace/peps/configs/paper/image_repro_smoke.toml,"{""batch_size"":512,""checkpoint_every"":1,""cosine"":true,""encoder_lr"":0.1,""log_every"":1,""loss"":""l2"",""model_lr"":0.001,""seed"":0,""steps"":1,""task"":""image"",""total_steps"":1}","{""flip-evaluator"":""1.7"",""lpips"":""0.1.4"",""torch"":""2.10.0+rocm7.0"",""torchmetrics"":""1.9.0""}",smoke_not_paper_comparable
smoke,smoke,kodim01,768,512,G-PEPS,0,lsd,0.0964415088690365,426496,16195,442691,2.6647209904877216,0.28699511697050184,0,4,9004fe2240b9e84c55ae641ba78c0ad5f83398a6,True,/home/aup/yy/workspace/peps/configs/paper/image_repro_smoke.toml,"{""batch_size"":512,""checkpoint_every"":1,""cosine"":true,""encoder_lr"":0.1,""log_every"":1,""loss"":""l2"",""model_lr"":0.001,""seed"":0,""steps"":1,""task"":""image"",""total_steps"":1}","{""flip-evaluator"":""1.7"",""lpips"":""0.1.4"",""torch"":""2.10.0+rocm7.0"",""torchmetrics"":""1.9.0""}",smoke_not_paper_comparable
smoke,smoke,kodim01,768,512,G-PEPS,0,psnr,7.122017932444129,426496,16195,442691,2.6647209904877216,0.28699511697050184,0,4,9004fe2240b9e84c55ae641ba78c0ad5f83398a6,True,/home/aup/yy/workspace/peps/configs/paper/image_repro_smoke.toml,"{""batch_size"":512,""checkpoint_every"":1,""cosine"":true,""encoder_lr"":0.1,""log_every"":1,""loss"":""l2"",""model_lr"":0.001,""seed"":0,""steps"":1,""task"":""image"",""total_steps"":1}","{""flip-evaluator"":""1.7"",""lpips"":""0.1.4"",""torch"":""2.10.0+rocm7.0"",""torchmetrics"":""1.9.0""}",smoke_not_paper_comparable
smoke,smoke,kodim01,768,512,G-PEPS,0,ssim,0.01282591000199318,426496,16195,442691,2.6647209904877216,0.28699511697050184,0,4,9004fe2240b9e84c55ae641ba78c0ad5f83398a6,True,/home/aup/yy/workspace/peps/configs/paper/image_repro_smoke.toml,"{""batch_size"":512,""checkpoint_every"":1,""cosine"":true,""encoder_lr"":0.1,""log_every"":1,""loss"":""l2"",""model_lr"":0.001,""seed"":0,""steps"":1,""task"":""image"",""total_steps"":1}","{""flip-evaluator"":""1.7"",""lpips"":""0.1.4"",""torch"":""2.10.0+rocm7.0"",""torchmetrics"":""1.9.0""}",smoke_not_paper_comparable
smoke,smoke,kodim01,768,512,G-P-PEPS,0,flip,0.8791800141334534,426496,11459,437955,2.69353700722677,1.1324323960579932,1,4,9004fe2240b9e84c55ae641ba78c0ad5f83398a6,True,/home/aup/yy/workspace/peps/configs/paper/image_repro_smoke.toml,"{""batch_size"":512,""checkpoint_every"":1,""cosine"":true,""encoder_lr"":0.1,""log_every"":1,""loss"":""l2"",""model_lr"":0.001,""seed"":0,""steps"":1,""task"":""image"",""total_steps"":1}","{""flip-evaluator"":""1.7"",""lpips"":""0.1.4"",""torch"":""2.10.0+rocm7.0"",""torchmetrics"":""1.9.0""}",smoke_not_paper_comparable
smoke,smoke,kodim01,768,512,G-P-PEPS,0,lpips,1.0542086362838745,426496,11459,437955,2.69353700722677,1.1324323960579932,1,4,9004fe2240b9e84c55ae641ba78c0ad5f83398a6,True,/home/aup/yy/workspace/peps/configs/paper/image_repro_smoke.toml,"{""batch_size"":512,""checkpoint_every"":1,""cosine"":true,""encoder_lr"":0.1,""log_every"":1,""loss"":""l2"",""model_lr"":0.001,""seed"":0,""steps"":1,""task"":""image"",""total_steps"":1}","{""flip-evaluator"":""1.7"",""lpips"":""0.1.4"",""torch"":""2.10.0+rocm7.0"",""torchmetrics"":""1.9.0""}",smoke_not_paper_comparable
smoke,smoke,kodim01,768,512,G-P-PEPS,0,lsd,0.09656267235123095,426496,11459,437955,2.69353700722677,1.1324323960579932,1,4,9004fe2240b9e84c55ae641ba78c0ad5f83398a6,True,/home/aup/yy/workspace/peps/configs/paper/image_repro_smoke.toml,"{""batch_size"":512,""checkpoint_every"":1,""cosine"":true,""encoder_lr"":0.1,""log_every"":1,""loss"":""l2"",""model_lr"":0.001,""seed"":0,""steps"":1,""task"":""image"",""total_steps"":1}","{""flip-evaluator"":""1.7"",""lpips"":""0.1.4"",""torch"":""2.10.0+rocm7.0"",""torchmetrics"":""1.9.0""}",smoke_not_paper_comparable
smoke,smoke,kodim01,768,512,G-P-PEPS,0,psnr,7.303258447934697,426496,11459,437955,2.69353700722677,1.1324323960579932,1,4,9004fe2240b9e84c55ae641ba78c0ad5f83398a6,True,/home/aup/yy/workspace/peps/configs/paper/image_repro_smoke.toml,"{""batch_size"":512,""checkpoint_every"":1,""cosine"":true,""encoder_lr"":0.1,""log_every"":1,""loss"":""l2"",""model_lr"":0.001,""seed"":0,""steps"":1,""task"":""image"",""total_steps"":1}","{""flip-evaluator"":""1.7"",""lpips"":""0.1.4"",""torch"":""2.10.0+rocm7.0"",""torchmetrics"":""1.9.0""}",smoke_not_paper_comparable
smoke,smoke,kodim01,768,512,G-P-PEPS,0,ssim,0.023156989365816116,426496,11459,437955,2.69353700722677,1.1324323960579932,1,4,9004fe2240b9e84c55ae641ba78c0ad5f83398a6,True,/home/aup/yy/workspace/peps/configs/paper/image_repro_smoke.toml,"{""batch_size"":512,""checkpoint_every"":1,""cosine"":true,""encoder_lr"":0.1,""log_every"":1,""loss"":""l2"",""model_lr"":0.001,""seed"":0,""steps"":1,""task"":""image"",""total_steps"":1}","{""flip-evaluator"":""1.7"",""lpips"":""0.1.4"",""torch"":""2.10.0+rocm7.0"",""torchmetrics"":""1.9.0""}",smoke_not_paper_comparable
smoke,smoke,kodim01,768,512,NTC_PEPS,0,flip,0.8602069020271301,417792,39811,457603,2.577885197430961,0.9500314970500767,2,4,9004fe2240b9e84c55ae641ba78c0ad5f83398a6,True,/home/aup/yy/workspace/peps/configs/paper/image_repro_smoke.toml,"{""batch_size"":512,""checkpoint_every"":1,""cosine"":true,""encoder_lr"":0.1,""log_every"":1,""loss"":""l2"",""model_lr"":0.001,""seed"":0,""steps"":1,""task"":""image"",""total_steps"":1}","{""flip-evaluator"":""1.7"",""lpips"":""0.1.4"",""torch"":""2.10.0+rocm7.0"",""torchmetrics"":""1.9.0""}",smoke_not_paper_comparable
smoke,smoke,kodim01,768,512,NTC_PEPS,0,lpips,1.062461495399475,417792,39811,457603,2.577885197430961,0.9500314970500767,2,4,9004fe2240b9e84c55ae641ba78c0ad5f83398a6,True,/home/aup/yy/workspace/peps/configs/paper/image_repro_smoke.toml,"{""batch_size"":512,""checkpoint_every"":1,""cosine"":true,""encoder_lr"":0.1,""log_every"":1,""loss"":""l2"",""model_lr"":0.001,""seed"":0,""steps"":1,""task"":""image"",""total_steps"":1}","{""flip-evaluator"":""1.7"",""lpips"":""0.1.4"",""torch"":""2.10.0+rocm7.0"",""torchmetrics"":""1.9.0""}",smoke_not_paper_comparable
smoke,smoke,kodim01,768,512,NTC_PEPS,0,lsd,0.09588253369546239,417792,39811,457603,2.577885197430961,0.9500314970500767,2,4,9004fe2240b9e84c55ae641ba78c0ad5f83398a6,True,/home/aup/yy/workspace/peps/configs/paper/image_repro_smoke.toml,"{""batch_size"":512,""checkpoint_every"":1,""cosine"":true,""encoder_lr"":0.1,""log_every"":1,""loss"":""l2"",""model_lr"":0.001,""seed"":0,""steps"":1,""task"":""image"",""total_steps"":1}","{""flip-evaluator"":""1.7"",""lpips"":""0.1.4"",""torch"":""2.10.0+rocm7.0"",""torchmetrics"":""1.9.0""}",smoke_not_paper_comparable
smoke,smoke,kodim01,768,512,NTC_PEPS,0,psnr,8.685607097595566,417792,39811,457603,2.577885197430961,0.9500314970500767,2,4,9004fe2240b9e84c55ae641ba78c0ad5f83398a6,True,/home/aup/yy/workspace/peps/configs/paper/image_repro_smoke.toml,"{""batch_size"":512,""checkpoint_every"":1,""cosine"":true,""encoder_lr"":0.1,""log_every"":1,""loss"":""l2"",""model_lr"":0.001,""seed"":0,""steps"":1,""task"":""image"",""total_steps"":1}","{""flip-evaluator"":""1.7"",""lpips"":""0.1.4"",""torch"":""2.10.0+rocm7.0"",""torchmetrics"":""1.9.0""}",smoke_not_paper_comparable
smoke,smoke,kodim01,768,512,NTC_PEPS,0,ssim,0.13755753636360168,417792,39811,457603,2.577885197430961,0.9500314970500767,2,4,9004fe2240b9e84c55ae641ba78c0ad5f83398a6,True,/home/aup/yy/workspace/peps/configs/paper/image_repro_smoke.toml,"{""batch_size"":512,""checkpoint_every"":1,""cosine"":true,""encoder_lr"":0.1,""log_every"":1,""loss"":""l2"",""model_lr"":0.001,""seed"":0,""steps"":1,""task"":""image"",""total_steps"":1}","{""flip-evaluator"":""1.7"",""lpips"":""0.1.4"",""torch"":""2.10.0+rocm7.0"",""torchmetrics"":""1.9.0""}",smoke_not_paper_comparable
smoke,smoke,kodim01,768,512,NTC_PinkPEPS,0,flip,0.8772445321083069,417792,21251,439043,2.6868621069006906,1.7218608809635043,3,4,9004fe2240b9e84c55ae641ba78c0ad5f83398a6,True,/home/aup/yy/workspace/peps/configs/paper/image_repro_smoke.toml,"{""batch_size"":512,""checkpoint_every"":1,""cosine"":true,""encoder_lr"":0.1,""log_every"":1,""loss"":""l2"",""model_lr"":0.001,""seed"":0,""steps"":1,""task"":""image"",""total_steps"":1}","{""flip-evaluator"":""1.7"",""lpips"":""0.1.4"",""torch"":""2.10.0+rocm7.0"",""torchmetrics"":""1.9.0""}",smoke_not_paper_comparable
smoke,smoke,kodim01,768,512,NTC_PinkPEPS,0,lpips,1.117622971534729,417792,21251,439043,2.6868621069006906,1.7218608809635043,3,4,9004fe2240b9e84c55ae641ba78c0ad5f83398a6,True,/home/aup/yy/workspace/peps/configs/paper/image_repro_smoke.toml,"{""batch_size"":512,""checkpoint_every"":1,""cosine"":true,""encoder_lr"":0.1,""log_every"":1,""loss"":""l2"",""model_lr"":0.001,""seed"":0,""steps"":1,""task"":""image"",""total_steps"":1}","{""flip-evaluator"":""1.7"",""lpips"":""0.1.4"",""torch"":""2.10.0+rocm7.0"",""torchmetrics"":""1.9.0""}",smoke_not_paper_comparable
smoke,smoke,kodim01,768,512,NTC_PinkPEPS,0,lsd,0.09612136780892717,417792,21251,439043,2.6868621069006906,1.7218608809635043,3,4,9004fe2240b9e84c55ae641ba78c0ad5f83398a6,True,/home/aup/yy/workspace/peps/configs/paper/image_repro_smoke.toml,"{""batch_size"":512,""checkpoint_every"":1,""cosine"":true,""encoder_lr"":0.1,""log_every"":1,""loss"":""l2"",""model_lr"":0.001,""seed"":0,""steps"":1,""task"":""image"",""total_steps"":1}","{""flip-evaluator"":""1.7"",""lpips"":""0.1.4"",""torch"":""2.10.0+rocm7.0"",""torchmetrics"":""1.9.0""}",smoke_not_paper_comparable
smoke,smoke,kodim01,768,512,NTC_PinkPEPS,0,psnr,6.983543807133495,417792,21251,439043,2.6868621069006906,1.7218608809635043,3,4,9004fe2240b9e84c55ae641ba78c0ad5f83398a6,True,/home/aup/yy/workspace/peps/configs/paper/image_repro_smoke.toml,"{""batch_size"":512,""checkpoint_every"":1,""cosine"":true,""encoder_lr"":0.1,""log_every"":1,""loss"":""l2"",""model_lr"":0.001,""seed"":0,""steps"":1,""task"":""image"",""total_steps"":1}","{""flip-evaluator"":""1.7"",""lpips"":""0.1.4"",""torch"":""2.10.0+rocm7.0"",""torchmetrics"":""1.9.0""}",smoke_not_paper_comparable
smoke,smoke,kodim01,768,512,NTC_PinkPEPS,0,ssim,0.019328312948346138,417792,21251,439043,2.6868621069006906,1.7218608809635043,3,4,9004fe2240b9e84c55ae641ba78c0ad5f83398a6,True,/home/aup/yy/workspace/peps/configs/paper/image_repro_smoke.toml,"{""batch_size"":512,""checkpoint_every"":1,""cosine"":true,""encoder_lr"":0.1,""log_every"":1,""loss"":""l2"",""model_lr"":0.001,""seed"":0,""steps"":1,""task"":""image"",""total_steps"":1}","{""flip-evaluator"":""1.7"",""lpips"":""0.1.4"",""torch"":""2.10.0+rocm7.0"",""torchmetrics"":""1.9.0""}",smoke_not_paper_comparable
smoke,smoke,kodim01,768,512,G-P-PEPS-25,0,flip,0.8813536763191223,326144,10691,336835,3.5021538735582705,3.381904806010425,0,4,9004fe2240b9e84c55ae641ba78c0ad5f83398a6,True,/home/aup/yy/workspace/peps/configs/paper/image_repro_smoke.toml,"{""batch_size"":512,""checkpoint_every"":1,""cosine"":true,""encoder_lr"":0.1,""log_every"":1,""loss"":""l2"",""model_lr"":0.001,""seed"":0,""steps"":1,""task"":""image"",""total_steps"":1}","{""flip-evaluator"":""1.7"",""lpips"":""0.1.4"",""torch"":""2.10.0+rocm7.0"",""torchmetrics"":""1.9.0""}",smoke_not_paper_comparable
smoke,smoke,kodim01,768,512,G-P-PEPS-25,0,lpips,1.0528368949890137,326144,10691,336835,3.5021538735582705,3.381904806010425,0,4,9004fe2240b9e84c55ae641ba78c0ad5f83398a6,True,/home/aup/yy/workspace/peps/configs/paper/image_repro_smoke.toml,"{""batch_size"":512,""checkpoint_every"":1,""cosine"":true,""encoder_lr"":0.1,""log_every"":1,""loss"":""l2"",""model_lr"":0.001,""seed"":0,""steps"":1,""task"":""image"",""total_steps"":1}","{""flip-evaluator"":""1.7"",""lpips"":""0.1.4"",""torch"":""2.10.0+rocm7.0"",""torchmetrics"":""1.9.0""}",smoke_not_paper_comparable
smoke,smoke,kodim01,768,512,G-P-PEPS-25,0,lsd,0.09666684410064809,326144,10691,336835,3.5021538735582705,3.381904806010425,0,4,9004fe2240b9e84c55ae641ba78c0ad5f83398a6,True,/home/aup/yy/workspace/peps/configs/paper/image_repro_smoke.toml,"{""batch_size"":512,""checkpoint_every"":1,""cosine"":true,""encoder_lr"":0.1,""log_every"":1,""loss"":""l2"",""model_lr"":0.001,""seed"":0,""steps"":1,""task"":""image"",""total_steps"":1}","{""flip-evaluator"":""1.7"",""lpips"":""0.1.4"",""torch"":""2.10.0+rocm7.0"",""torchmetrics"":""1.9.0""}",smoke_not_paper_comparable
smoke,smoke,kodim01,768,512,G-P-PEPS-25,0,psnr,7.41806563343375,326144,10691,336835,3.5021538735582705,3.381904806010425,0,4,9004fe2240b9e84c55ae641ba78c0ad5f83398a6,True,/home/aup/yy/workspace/peps/configs/paper/image_repro_smoke.toml,"{""batch_size"":512,""checkpoint_every"":1,""cosine"":true,""encoder_lr"":0.1,""log_every"":1,""loss"":""l2"",""model_lr"":0.001,""seed"":0,""steps"":1,""task"":""image"",""total_steps"":1}","{""flip-evaluator"":""1.7"",""lpips"":""0.1.4"",""torch"":""2.10.0+rocm7.0"",""torchmetrics"":""1.9.0""}",smoke_not_paper_comparable
smoke,smoke,kodim01,768,512,G-P-PEPS-25,0,ssim,0.03274165838956833,326144,10691,336835,3.5021538735582705,3.381904806010425,0,4,9004fe2240b9e84c55ae641ba78c0ad5f83398a6,True,/home/aup/yy/workspace/peps/configs/paper/image_repro_smoke.toml,"{""batch_size"":512,""checkpoint_every"":1,""cosine"":true,""encoder_lr"":0.1,""log_every"":1,""loss"":""l2"",""model_lr"":0.001,""seed"":0,""steps"":1,""task"":""image"",""total_steps"":1}","{""flip-evaluator"":""1.7"",""lpips"":""0.1.4"",""torch"":""2.10.0+rocm7.0"",""torchmetrics"":""1.9.0""}",smoke_not_paper_comparable
smoke,smoke,kodim02,768,512,PE,0,flip,0.9018368721008301,0,194403,194403,6.068054505331708,2.9434358740691096,1,4,9004fe2240b9e84c55ae641ba78c0ad5f83398a6,True,/home/aup/yy/workspace/peps/configs/paper/image_repro_smoke.toml,"{""batch_size"":512,""checkpoint_every"":1,""cosine"":true,""encoder_lr"":0.1,""log_every"":1,""loss"":""l2"",""model_lr"":0.001,""seed"":0,""steps"":1,""task"":""image"",""total_steps"":1}","{""flip-evaluator"":""1.7"",""lpips"":""0.1.4"",""torch"":""2.10.0+rocm7.0"",""torchmetrics"":""1.9.0""}",smoke_not_paper_comparable
smoke,smoke,kodim02,768,512,PE,0,lpips,0.9186221361160278,0,194403,194403,6.068054505331708,2.9434358740691096,1,4,9004fe2240b9e84c55ae641ba78c0ad5f83398a6,True,/home/aup/yy/workspace/peps/configs/paper/image_repro_smoke.toml,"{""batch_size"":512,""checkpoint_every"":1,""cosine"":true,""encoder_lr"":0.1,""log_every"":1,""loss"":""l2"",""model_lr"":0.001,""seed"":0,""steps"":1,""task"":""image"",""total_steps"":1}","{""flip-evaluator"":""1.7"",""lpips"":""0.1.4"",""torch"":""2.10.0+rocm7.0"",""torchmetrics"":""1.9.0""}",smoke_not_paper_comparable
smoke,smoke,kodim02,768,512,PE,0,lsd,0.057862609680489806,0,194403,194403,6.068054505331708,2.9434358740691096,1,4,9004fe2240b9e84c55ae641ba78c0ad5f83398a6,True,/home/aup/yy/workspace/peps/configs/paper/image_repro_smoke.toml,"{""batch_size"":512,""checkpoint_every"":1,""cosine"":true,""encoder_lr"":0.1,""log_every"":1,""loss"":""l2"",""model_lr"":0.001,""seed"":0,""steps"":1,""task"":""image"",""total_steps"":1}","{""flip-evaluator"":""1.7"",""lpips"":""0.1.4"",""torch"":""2.10.0+rocm7.0"",""torchmetrics"":""1.9.0""}",smoke_not_paper_comparable
smoke,smoke,kodim02,768,512,PE,0,psnr,9.157070674772173,0,194403,194403,6.068054505331708,2.9434358740691096,1,4,9004fe2240b9e84c55ae641ba78c0ad5f83398a6,True,/home/aup/yy/workspace/peps/configs/paper/image_repro_smoke.toml,"{""batch_size"":512,""checkpoint_every"":1,""cosine"":true,""encoder_lr"":0.1,""log_every"":1,""loss"":""l2"",""model_lr"":0.001,""seed"":0,""steps"":1,""task"":""image"",""total_steps"":1}","{""flip-evaluator"":""1.7"",""lpips"":""0.1.4"",""torch"":""2.10.0+rocm7.0"",""torchmetrics"":""1.9.0""}",smoke_not_paper_comparable
smoke,smoke,kodim02,768,512,PE,0,ssim,-0.11944268643856049,0,194403,194403,6.068054505331708,2.9434358740691096,1,4,9004fe2240b9e84c55ae641ba78c0ad5f83398a6,True,/home/aup/yy/workspace/peps/configs/paper/image_repro_smoke.toml,"{""batch_size"":512,""checkpoint_every"":1,""cosine"":true,""encoder_lr"":0.1,""log_every"":1,""loss"":""l2"",""model_lr"":0.001,""seed"":0,""steps"":1,""task"":""image"",""total_steps"":1}","{""flip-evaluator"":""1.7"",""lpips"":""0.1.4"",""torch"":""2.10.0+rocm7.0"",""torchmetrics"":""1.9.0""}",smoke_not_paper_comparable
smoke,smoke,kodim02,768,512,LPE,0,flip,0.909264862537384,401408,9603,411011,2.870112965346426,2.9005865399958566,2,4,9004fe2240b9e84c55ae641ba78c0ad5f83398a6,True,/home/aup/yy/workspace/peps/configs/paper/image_repro_smoke.toml,"{""batch_size"":512,""checkpoint_every"":1,""cosine"":true,""encoder_lr"":0.1,""log_every"":1,""loss"":""l2"",""model_lr"":0.001,""seed"":0,""steps"":1,""task"":""image"",""total_steps"":1}","{""flip-evaluator"":""1.7"",""lpips"":""0.1.4"",""torch"":""2.10.0+rocm7.0"",""torchmetrics"":""1.9.0""}",smoke_not_paper_comparable
smoke,smoke,kodim02,768,512,LPE,0,lpips,1.0385124683380127,401408,9603,411011,2.870112965346426,2.9005865399958566,2,4,9004fe2240b9e84c55ae641ba78c0ad5f83398a6,True,/home/aup/yy/workspace/peps/configs/paper/image_repro_smoke.toml,"{""batch_size"":512,""checkpoint_every"":1,""cosine"":true,""encoder_lr"":0.1,""log_every"":1,""loss"":""l2"",""model_lr"":0.001,""seed"":0,""steps"":1,""task"":""image"",""total_steps"":1}","{""flip-evaluator"":""1.7"",""lpips"":""0.1.4"",""torch"":""2.10.0+rocm7.0"",""torchmetrics"":""1.9.0""}",smoke_not_paper_comparable
smoke,smoke,kodim02,768,512,LPE,0,lsd,0.059433400055599855,401408,9603,411011,2.870112965346426,2.9005865399958566,2,4,9004fe2240b9e84c55ae641ba78c0ad5f83398a6,True,/home/aup/yy/workspace/peps/configs/paper/image_repro_smoke.toml,"{""batch_size"":512,""checkpoint_every"":1,""cosine"":true,""encoder_lr"":0.1,""log_every"":1,""loss"":""l2"",""model_lr"":0.001,""seed"":0,""steps"":1,""task"":""image"",""total_steps"":1}","{""flip-evaluator"":""1.7"",""lpips"":""0.1.4"",""torch"":""2.10.0+rocm7.0"",""torchmetrics"":""1.9.0""}",smoke_not_paper_comparable
smoke,smoke,kodim02,768,512,LPE,0,psnr,7.747516297636048,401408,9603,411011,2.870112965346426,2.9005865399958566,2,4,9004fe2240b9e84c55ae641ba78c0ad5f83398a6,True,/home/aup/yy/workspace/peps/configs/paper/image_repro_smoke.toml,"{""batch_size"":512,""checkpoint_every"":1,""cosine"":true,""encoder_lr"":0.1,""log_every"":1,""loss"":""l2"",""model_lr"":0.001,""seed"":0,""steps"":1,""task"":""image"",""total_steps"":1}","{""flip-evaluator"":""1.7"",""lpips"":""0.1.4"",""torch"":""2.10.0+rocm7.0"",""torchmetrics"":""1.9.0""}",smoke_not_paper_comparable
smoke,smoke,kodim02,768,512,LPE,0,ssim,-0.2856968343257904,401408,9603,411011,2.870112965346426,2.9005865399958566,2,4,9004fe2240b9e84c55ae641ba78c0ad5f83398a6,True,/home/aup/yy/workspace/peps/configs/paper/image_repro_smoke.toml,"{""batch_size"":512,""checkpoint_every"":1,""cosine"":true,""encoder_lr"":0.1,""log_every"":1,""loss"":""l2"",""model_lr"":0.001,""seed"":0,""steps"":1,""task"":""image"",""total_steps"":1}","{""flip-evaluator"":""1.7"",""lpips"":""0.1.4"",""torch"":""2.10.0+rocm7.0"",""torchmetrics"":""1.9.0""}",smoke_not_paper_comparable
smoke,smoke,kodim02,768,512,NTC_N,0,flip,0.8795199394226074,417792,13699,431491,2.733887844705915,2.1672672950662673,3,4,9004fe2240b9e84c55ae641ba78c0ad5f83398a6,True,/home/aup/yy/workspace/peps/configs/paper/image_repro_smoke.toml,"{""batch_size"":512,""checkpoint_every"":1,""cosine"":true,""encoder_lr"":0.1,""log_every"":1,""loss"":""l2"",""model_lr"":0.001,""seed"":0,""steps"":1,""task"":""image"",""total_steps"":1}","{""flip-evaluator"":""1.7"",""lpips"":""0.1.4"",""torch"":""2.10.0+rocm7.0"",""torchmetrics"":""1.9.0""}",smoke_not_paper_comparable
smoke,smoke,kodim02,768,512,NTC_N,0,lpips,1.016126036643982,417792,13699,431491,2.733887844705915,2.1672672950662673,3,4,9004fe2240b9e84c55ae641ba78c0ad5f83398a6,True,/home/aup/yy/workspace/peps/configs/paper/image_repro_smoke.toml,"{""batch_size"":512,""checkpoint_every"":1,""cosine"":true,""encoder_lr"":0.1,""log_every"":1,""loss"":""l2"",""model_lr"":0.001,""seed"":0,""steps"":1,""task"":""image"",""total_steps"":1}","{""flip-evaluator"":""1.7"",""lpips"":""0.1.4"",""torch"":""2.10.0+rocm7.0"",""torchmetrics"":""1.9.0""}",smoke_not_paper_comparable
smoke,smoke,kodim02,768,512,NTC_N,0,lsd,0.059058509966108404,417792,13699,431491,2.733887844705915,2.1672672950662673,3,4,9004fe2240b9e84c55ae641ba78c0ad5f83398a6,True,/home/aup/yy/workspace/peps/configs/paper/image_repro_smoke.toml,"{""batch_size"":512,""checkpoint_every"":1,""cosine"":true,""encoder_lr"":0.1,""log_every"":1,""loss"":""l2"",""model_lr"":0.001,""seed"":0,""steps"":1,""task"":""image"",""total_steps"":1}","{""flip-evaluator"":""1.7"",""lpips"":""0.1.4"",""torch"":""2.10.0+rocm7.0"",""torchmetrics"":""1.9.0""}",smoke_not_paper_comparable
smoke,smoke,kodim02,768,512,NTC_N,0,psnr,9.662606829177415,417792,13699,431491,2.733887844705915,2.1672672950662673,3,4,9004fe2240b9e84c55ae641ba78c0ad5f83398a6,True,/home/aup/yy/workspace/peps/configs/paper/image_repro_smoke.toml,"{""batch_size"":512,""checkpoint_every"":1,""cosine"":true,""encoder_lr"":0.1,""log_every"":1,""loss"":""l2"",""model_lr"":0.001,""seed"":0,""steps"":1,""task"":""image"",""total_steps"":1}","{""flip-evaluator"":""1.7"",""lpips"":""0.1.4"",""torch"":""2.10.0+rocm7.0"",""torchmetrics"":""1.9.0""}",smoke_not_paper_comparable
smoke,smoke,kodim02,768,512,NTC_N,0,ssim,0.21555088460445404,417792,13699,431491,2.733887844705915,2.1672672950662673,3,4,9004fe2240b9e84c55ae641ba78c0ad5f83398a6,True,/home/aup/yy/workspace/peps/configs/paper/image_repro_smoke.toml,"{""batch_size"":512,""checkpoint_every"":1,""cosine"":true,""encoder_lr"":0.1,""log_every"":1,""loss"":""l2"",""model_lr"":0.001,""seed"":0,""steps"":1,""task"":""image"",""total_steps"":1}","{""flip-evaluator"":""1.7"",""lpips"":""0.1.4"",""torch"":""2.10.0+rocm7.0"",""torchmetrics"":""1.9.0""}",smoke_not_paper_comparable
smoke,smoke,kodim02,768,512,Grid,0,flip,0.9085094332695007,426496,9667,436163,2.704603554175847,0.6860345558961853,0,4,9004fe2240b9e84c55ae641ba78c0ad5f83398a6,True,/home/aup/yy/workspace/peps/configs/paper/image_repro_smoke.toml,"{""batch_size"":512,""checkpoint_every"":1,""cosine"":true,""encoder_lr"":0.1,""log_every"":1,""loss"":""l2"",""model_lr"":0.001,""seed"":0,""steps"":1,""task"":""image"",""total_steps"":1}","{""flip-evaluator"":""1.7"",""lpips"":""0.1.4"",""torch"":""2.10.0+rocm7.0"",""torchmetrics"":""1.9.0""}",smoke_not_paper_comparable
smoke,smoke,kodim02,768,512,Grid,0,lpips,1.048164963722229,426496,9667,436163,2.704603554175847,0.6860345558961853,0,4,9004fe2240b9e84c55ae641ba78c0ad5f83398a6,True,/home/aup/yy/workspace/peps/configs/paper/image_repro_smoke.toml,"{""batch_size"":512,""checkpoint_every"":1,""cosine"":true,""encoder_lr"":0.1,""log_every"":1,""loss"":""l2"",""model_lr"":0.001,""seed"":0,""steps"":1,""task"":""image"",""total_steps"":1}","{""flip-evaluator"":""1.7"",""lpips"":""0.1.4"",""torch"":""2.10.0+rocm7.0"",""torchmetrics"":""1.9.0""}",smoke_not_paper_comparable
smoke,smoke,kodim02,768,512,Grid,0,lsd,0.05908511119709511,426496,9667,436163,2.704603554175847,0.6860345558961853,0,4,9004fe2240b9e84c55ae641ba78c0ad5f83398a6,True,/home/aup/yy/workspace/peps/configs/paper/image_repro_smoke.toml,"{""batch_size"":512,""checkpoint_every"":1,""cosine"":true,""encoder_lr"":0.1,""log_every"":1,""loss"":""l2"",""model_lr"":0.001,""seed"":0,""steps"":1,""task"":""image"",""total_steps"":1}","{""flip-evaluator"":""1.7"",""lpips"":""0.1.4"",""torch"":""2.10.0+rocm7.0"",""torchmetrics"":""1.9.0""}",smoke_not_paper_comparable
smoke,smoke,kodim02,768,512,Grid,0,psnr,7.61408145941719,426496,9667,436163,2.704603554175847,0.6860345558961853,0,4,9004fe2240b9e84c55ae641ba78c0ad5f83398a6,True,/home/aup/yy/workspace/peps/configs/paper/image_repro_smoke.toml,"{""batch_size"":512,""checkpoint_every"":1,""cosine"":true,""encoder_lr"":0.1,""log_every"":1,""loss"":""l2"",""model_lr"":0.001,""seed"":0,""steps"":1,""task"":""image"",""total_steps"":1}","{""flip-evaluator"":""1.7"",""lpips"":""0.1.4"",""torch"":""2.10.0+rocm7.0"",""torchmetrics"":""1.9.0""}",smoke_not_paper_comparable
smoke,smoke,kodim02,768,512,Grid,0,ssim,-0.08394500613212585,426496,9667,436163,2.704603554175847,0.6860345558961853,0,4,9004fe2240b9e84c55ae641ba78c0ad5f83398a6,True,/home/aup/yy/workspace/peps/configs/paper/image_repro_smoke.toml,"{""batch_size"":512,""checkpoint_every"":1,""cosine"":true,""encoder_lr"":0.1,""log_every"":1,""loss"":""l2"",""model_lr"":0.001,""seed"":0,""steps"":1,""task"":""image"",""total_steps"":1}","{""flip-evaluator"":""1.7"",""lpips"":""0.1.4"",""torch"":""2.10.0+rocm7.0"",""torchmetrics"":""1.9.0""}",smoke_not_paper_comparable
smoke,smoke,kodim02,768,512,G-PEPS,0,flip,0.8483031392097473,426496,16195,442691,2.6647209904877216,2.77646352595184,1,4,9004fe2240b9e84c55ae641ba78c0ad5f83398a6,True,/home/aup/yy/workspace/peps/configs/paper/image_repro_smoke.toml,"{""batch_size"":512,""checkpoint_every"":1,""cosine"":true,""encoder_lr"":0.1,""log_every"":1,""loss"":""l2"",""model_lr"":0.001,""seed"":0,""steps"":1,""task"":""image"",""total_steps"":1}","{""flip-evaluator"":""1.7"",""lpips"":""0.1.4"",""torch"":""2.10.0+rocm7.0"",""torchmetrics"":""1.9.0""}",smoke_not_paper_comparable
smoke,smoke,kodim02,768,512,G-PEPS,0,lpips,1.1507679224014282,426496,16195,442691,2.6647209904877216,2.77646352595184,1,4,9004fe2240b9e84c55ae641ba78c0ad5f83398a6,True,/home/aup/yy/workspace/peps/configs/paper/image_repro_smoke.toml,"{""batch_size"":512,""checkpoint_every"":1,""cosine"":true,""encoder_lr"":0.1,""log_every"":1,""loss"":""l2"",""model_lr"":0.001,""seed"":0,""steps"":1,""task"":""image"",""total_steps"":1}","{""flip-evaluator"":""1.7"",""lpips"":""0.1.4"",""torch"":""2.10.0+rocm7.0"",""torchmetrics"":""1.9.0""}",smoke_not_paper_comparable
smoke,smoke,kodim02,768,512,G-PEPS,0,lsd,0.05906001920093836,426496,16195,442691,2.6647209904877216,2.77646352595184,1,4,9004fe2240b9e84c55ae641ba78c0ad5f83398a6,True,/home/aup/yy/workspace/peps/configs/paper/image_repro_smoke.toml,"{""batch_size"":512,""checkpoint_every"":1,""cosine"":true,""encoder_lr"":0.1,""log_every"":1,""loss"":""l2"",""model_lr"":0.001,""seed"":0,""steps"":1,""task"":""image"",""total_steps"":1}","{""flip-evaluator"":""1.7"",""lpips"":""0.1.4"",""torch"":""2.10.0+rocm7.0"",""torchmetrics"":""1.9.0""}",smoke_not_paper_comparable
smoke,smoke,kodim02,768,512,G-PEPS,0,psnr,8.427098363675142,426496,16195,442691,2.6647209904877216,2.77646352595184,1,4,9004fe2240b9e84c55ae641ba78c0ad5f83398a6,True,/home/aup/yy/workspace/peps/configs/paper/image_repro_smoke.toml,"{""batch_size"":512,""checkpoint_every"":1,""cosine"":true,""encoder_lr"":0.1,""log_every"":1,""loss"":""l2"",""model_lr"":0.001,""seed"":0,""steps"":1,""task"":""image"",""total_steps"":1}","{""flip-evaluator"":""1.7"",""lpips"":""0.1.4"",""torch"":""2.10.0+rocm7.0"",""torchmetrics"":""1.9.0""}",smoke_not_paper_comparable
smoke,smoke,kodim02,768,512,G-PEPS,0,ssim,0.03840669244527817,426496,16195,442691,2.6647209904877216,2.77646352595184,1,4,9004fe2240b9e84c55ae641ba78c0ad5f83398a6,True,/home/aup/yy/workspace/peps/configs/paper/image_repro_smoke.toml,"{""batch_size"":512,""checkpoint_every"":1,""cosine"":true,""encoder_lr"":0.1,""log_every"":1,""loss"":""l2"",""model_lr"":0.001,""seed"":0,""steps"":1,""task"":""image"",""total_steps"":1}","{""flip-evaluator"":""1.7"",""lpips"":""0.1.4"",""torch"":""2.10.0+rocm7.0"",""torchmetrics"":""1.9.0""}",smoke_not_paper_comparable
smoke,smoke,kodim02,768,512,G-P-PEPS,0,flip,0.8997235894203186,426496,11459,437955,2.69353700722677,2.324812815990299,2,4,9004fe2240b9e84c55ae641ba78c0ad5f83398a6,True,/home/aup/yy/workspace/peps/configs/paper/image_repro_smoke.toml,"{""batch_size"":512,""checkpoint_every"":1,""cosine"":true,""encoder_lr"":0.1,""log_every"":1,""loss"":""l2"",""model_lr"":0.001,""seed"":0,""steps"":1,""task"":""image"",""total_steps"":1}","{""flip-evaluator"":""1.7"",""lpips"":""0.1.4"",""torch"":""2.10.0+rocm7.0"",""torchmetrics"":""1.9.0""}",smoke_not_paper_comparable
smoke,smoke,kodim02,768,512,G-P-PEPS,0,lpips,1.0393985509872437,426496,11459,437955,2.69353700722677,2.324812815990299,2,4,9004fe2240b9e84c55ae641ba78c0ad5f83398a6,True,/home/aup/yy/workspace/peps/configs/paper/image_repro_smoke.toml,"{""batch_size"":512,""checkpoint_every"":1,""cosine"":true,""encoder_lr"":0.1,""log_every"":1,""loss"":""l2"",""model_lr"":0.001,""seed"":0,""steps"":1,""task"":""image"",""total_steps"":1}","{""flip-evaluator"":""1.7"",""lpips"":""0.1.4"",""torch"":""2.10.0+rocm7.0"",""torchmetrics"":""1.9.0""}",smoke_not_paper_comparable
smoke,smoke,kodim02,768,512,G-P-PEPS,0,lsd,0.05921346359251334,426496,11459,437955,2.69353700722677,2.324812815990299,2,4,9004fe2240b9e84c55ae641ba78c0ad5f83398a6,True,/home/aup/yy/workspace/peps/configs/paper/image_repro_smoke.toml,"{""batch_size"":512,""checkpoint_every"":1,""cosine"":true,""encoder_lr"":0.1,""log_every"":1,""loss"":""l2"",""model_lr"":0.001,""seed"":0,""steps"":1,""task"":""image"",""total_steps"":1}","{""flip-evaluator"":""1.7"",""lpips"":""0.1.4"",""torch"":""2.10.0+rocm7.0"",""torchmetrics"":""1.9.0""}",smoke_not_paper_comparable
smoke,smoke,kodim02,768,512,G-P-PEPS,0,psnr,9.097568069621989,426496,11459,437955,2.69353700722677,2.324812815990299,2,4,9004fe2240b9e84c55ae641ba78c0ad5f83398a6,True,/home/aup/yy/workspace/peps/configs/paper/image_repro_smoke.toml,"{""batch_size"":512,""checkpoint_every"":1,""cosine"":true,""encoder_lr"":0.1,""log_every"":1,""loss"":""l2"",""model_lr"":0.001,""seed"":0,""steps"":1,""task"":""image"",""total_steps"":1}","{""flip-evaluator"":""1.7"",""lpips"":""0.1.4"",""torch"":""2.10.0+rocm7.0"",""torchmetrics"":""1.9.0""}",smoke_not_paper_comparable
smoke,smoke,kodim02,768,512,G-P-PEPS,0,ssim,0.04282369837164879,426496,11459,437955,2.69353700722677,2.324812815990299,2,4,9004fe2240b9e84c55ae641ba78c0ad5f83398a6,True,/home/aup/yy/workspace/peps/configs/paper/image_repro_smoke.toml,"{""batch_size"":512,""checkpoint_every"":1,""cosine"":true,""encoder_lr"":0.1,""log_every"":1,""loss"":""l2"",""model_lr"":0.001,""seed"":0,""steps"":1,""task"":""image"",""total_steps"":1}","{""flip-evaluator"":""1.7"",""lpips"":""0.1.4"",""torch"":""2.10.0+rocm7.0"",""torchmetrics"":""1.9.0""}",smoke_not_paper_comparable
smoke,smoke,kodim02,768,512,NTC_PEPS,0,flip,0.8692207932472229,417792,39811,457603,2.577885197430961,3.2805273269768804,3,4,9004fe2240b9e84c55ae641ba78c0ad5f83398a6,True,/home/aup/yy/workspace/peps/configs/paper/image_repro_smoke.toml,"{""batch_size"":512,""checkpoint_every"":1,""cosine"":true,""encoder_lr"":0.1,""log_every"":1,""loss"":""l2"",""model_lr"":0.001,""seed"":0,""steps"":1,""task"":""image"",""total_steps"":1}","{""flip-evaluator"":""1.7"",""lpips"":""0.1.4"",""torch"":""2.10.0+rocm7.0"",""torchmetrics"":""1.9.0""}",smoke_not_paper_comparable
smoke,smoke,kodim02,768,512,NTC_PEPS,0,lpips,0.9207825660705566,417792,39811,457603,2.577885197430961,3.2805273269768804,3,4,9004fe2240b9e84c55ae641ba78c0ad5f83398a6,True,/home/aup/yy/workspace/peps/configs/paper/image_repro_smoke.toml,"{""batch_size"":512,""checkpoint_every"":1,""cosine"":true,""encoder_lr"":0.1,""log_every"":1,""loss"":""l2"",""model_lr"":0.001,""seed"":0,""steps"":1,""task"":""image"",""total_steps"":1}","{""flip-evaluator"":""1.7"",""lpips"":""0.1.4"",""torch"":""2.10.0+rocm7.0"",""torchmetrics"":""1.9.0""}",smoke_not_paper_comparable
smoke,smoke,kodim02,768,512,NTC_PEPS,0,lsd,0.05859110775288776,417792,39811,457603,2.577885197430961,3.2805273269768804,3,4,9004fe2240b9e84c55ae641ba78c0ad5f83398a6,True,/home/aup/yy/workspace/peps/configs/paper/image_repro_smoke.toml,"{""batch_size"":512,""checkpoint_every"":1,""cosine"":true,""encoder_lr"":0.1,""log_every"":1,""loss"":""l2"",""model_lr"":0.001,""seed"":0,""steps"":1,""task"":""image"",""total_steps"":1}","{""flip-evaluator"":""1.7"",""lpips"":""0.1.4"",""torch"":""2.10.0+rocm7.0"",""torchmetrics"":""1.9.0""}",smoke_not_paper_comparable
smoke,smoke,kodim02,768,512,NTC_PEPS,0,psnr,10.815628016305137,417792,39811,457603,2.577885197430961,3.2805273269768804,3,4,9004fe2240b9e84c55ae641ba78c0ad5f83398a6,True,/home/aup/yy/workspace/peps/configs/paper/image_repro_smoke.toml,"{""batch_size"":512,""checkpoint_every"":1,""cosine"":true,""encoder_lr"":0.1,""log_every"":1,""loss"":""l2"",""model_lr"":0.001,""seed"":0,""steps"":1,""task"":""image"",""total_steps"":1}","{""flip-evaluator"":""1.7"",""lpips"":""0.1.4"",""torch"":""2.10.0+rocm7.0"",""torchmetrics"":""1.9.0""}",smoke_not_paper_comparable
smoke,smoke,kodim02,768,512,NTC_PEPS,0,ssim,0.33679264783859253,417792,39811,457603,2.577885197430961,3.2805273269768804,3,4,9004fe2240b9e84c55ae641ba78c0ad5f83398a6,True,/home/aup/yy/workspace/peps/configs/paper/image_repro_smoke.toml,"{""batch_size"":512,""checkpoint_every"":1,""cosine"":true,""encoder_lr"":0.1,""log_every"":1,""loss"":""l2"",""model_lr"":0.001,""seed"":0,""steps"":1,""task"":""image"",""total_steps"":1}","{""flip-evaluator"":""1.7"",""lpips"":""0.1.4"",""torch"":""2.10.0+rocm7.0"",""torchmetrics"":""1.9.0""}",smoke_not_paper_comparable
smoke,smoke,kodim02,768,512,NTC_PinkPEPS,0,flip,0.8984971046447754,417792,21251,439043,2.6868621069006906,3.261155993095599,0,4,9004fe2240b9e84c55ae641ba78c0ad5f83398a6,True,/home/aup/yy/workspace/peps/configs/paper/image_repro_smoke.toml,"{""batch_size"":512,""checkpoint_every"":1,""cosine"":true,""encoder_lr"":0.1,""log_every"":1,""loss"":""l2"",""model_lr"":0.001,""seed"":0,""steps"":1,""task"":""image"",""total_steps"":1}","{""flip-evaluator"":""1.7"",""lpips"":""0.1.4"",""torch"":""2.10.0+rocm7.0"",""torchmetrics"":""1.9.0""}",smoke_not_paper_comparable
smoke,smoke,kodim02,768,512,NTC_PinkPEPS,0,lpips,1.1328239440917969,417792,21251,439043,2.6868621069006906,3.261155993095599,0,4,9004fe2240b9e84c55ae641ba78c0ad5f83398a6,True,/home/aup/yy/workspace/peps/configs/paper/image_repro_smoke.toml,"{""batch_size"":512,""checkpoint_every"":1,""cosine"":true,""encoder_lr"":0.1,""log_every"":1,""loss"":""l2"",""model_lr"":0.001,""seed"":0,""steps"":1,""task"":""image"",""total_steps"":1}","{""flip-evaluator"":""1.7"",""lpips"":""0.1.4"",""torch"":""2.10.0+rocm7.0"",""torchmetrics"":""1.9.0""}",smoke_not_paper_comparable
smoke,smoke,kodim02,768,512,NTC_PinkPEPS,0,lsd,0.05879151109050194,417792,21251,439043,2.6868621069006906,3.261155993095599,0,4,9004fe2240b9e84c55ae641ba78c0ad5f83398a6,True,/home/aup/yy/workspace/peps/configs/paper/image_repro_smoke.toml,"{""batch_size"":512,""checkpoint_every"":1,""cosine"":true,""encoder_lr"":0.1,""log_every"":1,""loss"":""l2"",""model_lr"":0.001,""seed"":0,""steps"":1,""task"":""image"",""total_steps"":1}","{""flip-evaluator"":""1.7"",""lpips"":""0.1.4"",""torch"":""2.10.0+rocm7.0"",""torchmetrics"":""1.9.0""}",smoke_not_paper_comparable
smoke,smoke,kodim02,768,512,NTC_PinkPEPS,0,psnr,8.371976210790908,417792,21251,439043,2.6868621069006906,3.261155993095599,0,4,9004fe2240b9e84c55ae641ba78c0ad5f83398a6,True,/home/aup/yy/workspace/peps/configs/paper/image_repro_smoke.toml,"{""batch_size"":512,""checkpoint_every"":1,""cosine"":true,""encoder_lr"":0.1,""log_every"":1,""loss"":""l2"",""model_lr"":0.001,""seed"":0,""steps"":1,""task"":""image"",""total_steps"":1}","{""flip-evaluator"":""1.7"",""lpips"":""0.1.4"",""torch"":""2.10.0+rocm7.0"",""torchmetrics"":""1.9.0""}",smoke_not_paper_comparable
smoke,smoke,kodim02,768,512,NTC_PinkPEPS,0,ssim,0.09224329888820648,417792,21251,439043,2.6868621069006906,3.261155993095599,0,4,9004fe2240b9e84c55ae641ba78c0ad5f83398a6,True,/home/aup/yy/workspace/peps/configs/paper/image_repro_smoke.toml,"{""batch_size"":512,""checkpoint_every"":1,""cosine"":true,""encoder_lr"":0.1,""log_every"":1,""loss"":""l2"",""model_lr"":0.001,""seed"":0,""steps"":1,""task"":""image"",""total_steps"":1}","{""flip-evaluator"":""1.7"",""lpips"":""0.1.4"",""torch"":""2.10.0+rocm7.0"",""torchmetrics"":""1.9.0""}",smoke_not_paper_comparable
smoke,smoke,kodim02,768,512,G-P-PEPS-25,0,flip,0.9023212790489197,326144,10691,336835,3.5021538735582705,4.722860555048101,1,4,9004fe2240b9e84c55ae641ba78c0ad5f83398a6,True,/home/aup/yy/workspace/peps/configs/paper/image_repro_smoke.toml,"{""batch_size"":512,""checkpoint_every"":1,""cosine"":true,""encoder_lr"":0.1,""log_every"":1,""loss"":""l2"",""model_lr"":0.001,""seed"":0,""steps"":1,""task"":""image"",""total_steps"":1}","{""flip-evaluator"":""1.7"",""lpips"":""0.1.4"",""torch"":""2.10.0+rocm7.0"",""torchmetrics"":""1.9.0""}",smoke_not_paper_comparable
smoke,smoke,kodim02,768,512,G-P-PEPS-25,0,lpips,0.9684239625930786,326144,10691,336835,3.5021538735582705,4.722860555048101,1,4,9004fe2240b9e84c55ae641ba78c0ad5f83398a6,True,/home/aup/yy/workspace/peps/configs/paper/image_repro_smoke.toml,"{""batch_size"":512,""checkpoint_every"":1,""cosine"":true,""encoder_lr"":0.1,""log_every"":1,""loss"":""l2"",""model_lr"":0.001,""seed"":0,""steps"":1,""task"":""image"",""total_steps"":1}","{""flip-evaluator"":""1.7"",""lpips"":""0.1.4"",""torch"":""2.10.0+rocm7.0"",""torchmetrics"":""1.9.0""}",smoke_not_paper_comparable
smoke,smoke,kodim02,768,512,G-P-PEPS-25,0,lsd,0.059402445707102174,326144,10691,336835,3.5021538735582705,4.722860555048101,1,4,9004fe2240b9e84c55ae641ba78c0ad5f83398a6,True,/home/aup/yy/workspace/peps/configs/paper/image_repro_smoke.toml,"{""batch_size"":512,""checkpoint_every"":1,""cosine"":true,""encoder_lr"":0.1,""log_every"":1,""loss"":""l2"",""model_lr"":0.001,""seed"":0,""steps"":1,""task"":""image"",""total_steps"":1}","{""flip-evaluator"":""1.7"",""lpips"":""0.1.4"",""torch"":""2.10.0+rocm7.0"",""torchmetrics"":""1.9.0""}",smoke_not_paper_comparable
smoke,smoke,kodim02,768,512,G-P-PEPS-25,0,psnr,9.36363647405004,326144,10691,336835,3.5021538735582705,4.722860555048101,1,4,9004fe2240b9e84c55ae641ba78c0ad5f83398a6,True,/home/aup/yy/workspace/peps/configs/paper/image_repro_smoke.toml,"{""batch_size"":512,""checkpoint_every"":1,""cosine"":true,""encoder_lr"":0.1,""log_every"":1,""loss"":""l2"",""model_lr"":0.001,""seed"":0,""steps"":1,""task"":""image"",""total_steps"":1}","{""flip-evaluator"":""1.7"",""lpips"":""0.1.4"",""torch"":""2.10.0+rocm7.0"",""torchmetrics"":""1.9.0""}",smoke_not_paper_comparable
smoke,smoke,kodim02,768,512,G-P-PEPS-25,0,ssim,0.05784998834133148,326144,10691,336835,3.5021538735582705,4.722860555048101,1,4,9004fe2240b9e84c55ae641ba78c0ad5f83398a6,True,/home/aup/yy/workspace/peps/configs/paper/image_repro_smoke.toml,"{""batch_size"":512,""checkpoint_every"":1,""cosine"":true,""encoder_lr"":0.1,""log_every"":1,""loss"":""l2"",""model_lr"":0.001,""seed"":0,""steps"":1,""task"":""image"",""total_steps"":1}","{""flip-evaluator"":""1.7"",""lpips"":""0.1.4"",""torch"":""2.10.0+rocm7.0"",""torchmetrics"":""1.9.0""}",smoke_not_paper_comparable
smoke,smoke,kodim03,768,512,PE,0,flip,0.8203346133232117,0,194403,194403,6.068054505331708,5.169839728041552,2,4,9004fe2240b9e84c55ae641ba78c0ad5f83398a6,True,/home/aup/yy/workspace/peps/configs/paper/image_repro_smoke.toml,"{""batch_size"":512,""checkpoint_every"":1,""cosine"":true,""encoder_lr"":0.1,""log_every"":1,""loss"":""l2"",""model_lr"":0.001,""seed"":0,""steps"":1,""task"":""image"",""total_steps"":1}","{""flip-evaluator"":""1.7"",""lpips"":""0.1.4"",""torch"":""2.10.0+rocm7.0"",""torchmetrics"":""1.9.0""}",smoke_not_paper_comparable
smoke,smoke,kodim03,768,512,PE,0,lpips,0.9546518921852112,0,194403,194403,6.068054505331708,5.169839728041552,2,4,9004fe2240b9e84c55ae641ba78c0ad5f83398a6,True,/home/aup/yy/workspace/peps/configs/paper/image_repro_smoke.toml,"{""batch_size"":512,""checkpoint_every"":1,""cosine"":true,""encoder_lr"":0.1,""log_every"":1,""loss"":""l2"",""model_lr"":0.001,""seed"":0,""steps"":1,""task"":""image"",""total_steps"":1}","{""flip-evaluator"":""1.7"",""lpips"":""0.1.4"",""torch"":""2.10.0+rocm7.0"",""torchmetrics"":""1.9.0""}",smoke_not_paper_comparable
smoke,smoke,kodim03,768,512,PE,0,lsd,0.06605557767519046,0,194403,194403,6.068054505331708,5.169839728041552,2,4,9004fe2240b9e84c55ae641ba78c0ad5f83398a6,True,/home/aup/yy/workspace/peps/configs/paper/image_repro_smoke.toml,"{""batch_size"":512,""checkpoint_every"":1,""cosine"":true,""encoder_lr"":0.1,""log_every"":1,""loss"":""l2"",""model_lr"":0.001,""seed"":0,""steps"":1,""task"":""image"",""total_steps"":1}","{""flip-evaluator"":""1.7"",""lpips"":""0.1.4"",""torch"":""2.10.0+rocm7.0"",""torchmetrics"":""1.9.0""}",smoke_not_paper_comparable
smoke,smoke,kodim03,768,512,PE,0,psnr,7.696853592376262,0,194403,194403,6.068054505331708,5.169839728041552,2,4,9004fe2240b9e84c55ae641ba78c0ad5f83398a6,True,/home/aup/yy/workspace/peps/configs/paper/image_repro_smoke.toml,"{""batch_size"":512,""checkpoint_every"":1,""cosine"":true,""encoder_lr"":0.1,""log_every"":1,""loss"":""l2"",""model_lr"":0.001,""seed"":0,""steps"":1,""task"":""image"",""total_steps"":1}","{""flip-evaluator"":""1.7"",""lpips"":""0.1.4"",""torch"":""2.10.0+rocm7.0"",""torchmetrics"":""1.9.0""}",smoke_not_paper_comparable
smoke,smoke,kodim03,768,512,PE,0,ssim,-0.01485535129904747,0,194403,194403,6.068054505331708,5.169839728041552,2,4,9004fe2240b9e84c55ae641ba78c0ad5f83398a6,True,/home/aup/yy/workspace/peps/configs/paper/image_repro_smoke.toml,"{""batch_size"":512,""checkpoint_every"":1,""cosine"":true,""encoder_lr"":0.1,""log_every"":1,""loss"":""l2"",""model_lr"":0.001,""seed"":0,""steps"":1,""task"":""image"",""total_steps"":1}","{""flip-evaluator"":""1.7"",""lpips"":""0.1.4"",""torch"":""2.10.0+rocm7.0"",""torchmetrics"":""1.9.0""}",smoke_not_paper_comparable
smoke,smoke,kodim03,768,512,LPE,0,flip,0.8332945704460144,401408,9603,411011,2.870112965346426,4.671966264024377,3,4,9004fe2240b9e84c55ae641ba78c0ad5f83398a6,True,/home/aup/yy/workspace/peps/configs/paper/image_repro_smoke.toml,"{""batch_size"":512,""checkpoint_every"":1,""cosine"":true,""encoder_lr"":0.1,""log_every"":1,""loss"":""l2"",""model_lr"":0.001,""seed"":0,""steps"":1,""task"":""image"",""total_steps"":1}","{""flip-evaluator"":""1.7"",""lpips"":""0.1.4"",""torch"":""2.10.0+rocm7.0"",""torchmetrics"":""1.9.0""}",smoke_not_paper_comparable
smoke,smoke,kodim03,768,512,LPE,0,lpips,0.944170355796814,401408,9603,411011,2.870112965346426,4.671966264024377,3,4,9004fe2240b9e84c55ae641ba78c0ad5f83398a6,True,/home/aup/yy/workspace/peps/configs/paper/image_repro_smoke.toml,"{""batch_size"":512,""checkpoint_every"":1,""cosine"":true,""encoder_lr"":0.1,""log_every"":1,""loss"":""l2"",""model_lr"":0.001,""seed"":0,""steps"":1,""task"":""image"",""total_steps"":1}","{""flip-evaluator"":""1.7"",""lpips"":""0.1.4"",""torch"":""2.10.0+rocm7.0"",""torchmetrics"":""1.9.0""}",smoke_not_paper_comparable
smoke,smoke,kodim03,768,512,LPE,0,lsd,0.06764362148473711,401408,9603,411011,2.870112965346426,4.671966264024377,3,4,9004fe2240b9e84c55ae641ba78c0ad5f83398a6,True,/home/aup/yy/workspace/peps/configs/paper/image_repro_smoke.toml,"{""batch_size"":512,""checkpoint_every"":1,""cosine"":true,""encoder_lr"":0.1,""log_every"":1,""loss"":""l2"",""model_lr"":0.001,""seed"":0,""steps"":1,""task"":""image"",""total_steps"":1}","{""flip-evaluator"":""1.7"",""lpips"":""0.1.4"",""torch"":""2.10.0+rocm7.0"",""torchmetrics"":""1.9.0""}",smoke_not_paper_comparable
smoke,smoke,kodim03,768,512,LPE,0,psnr,6.626827455673441,401408,9603,411011,2.870112965346426,4.671966264024377,3,4,9004fe2240b9e84c55ae641ba78c0ad5f83398a6,True,/home/aup/yy/workspace/peps/configs/paper/image_repro_smoke.toml,"{""batch_size"":512,""checkpoint_every"":1,""cosine"":true,""encoder_lr"":0.1,""log_every"":1,""loss"":""l2"",""model_lr"":0.001,""seed"":0,""steps"":1,""task"":""image"",""total_steps"":1}","{""flip-evaluator"":""1.7"",""lpips"":""0.1.4"",""torch"":""2.10.0+rocm7.0"",""torchmetrics"":""1.9.0""}",smoke_not_paper_comparable
smoke,smoke,kodim03,768,512,LPE,0,ssim,-0.23537299036979675,401408,9603,411011,2.870112965346426,4.671966264024377,3,4,9004fe2240b9e84c55ae641ba78c0ad5f83398a6,True,/home/aup/yy/workspace/peps/configs/paper/image_repro_smoke.toml,"{""batch_size"":512,""checkpoint_every"":1,""cosine"":true,""encoder_lr"":0.1,""log_every"":1,""loss"":""l2"",""model_lr"":0.001,""seed"":0,""steps"":1,""task"":""image"",""total_steps"":1}","{""flip-evaluator"":""1.7"",""lpips"":""0.1.4"",""torch"":""2.10.0+rocm7.0"",""torchmetrics"":""1.9.0""}",smoke_not_paper_comparable
smoke,smoke,kodim03,768,512,NTC_N,0,flip,0.7967429161071777,417792,13699,431491,2.733887844705915,4.476688159047626,0,4,9004fe2240b9e84c55ae641ba78c0ad5f83398a6,True,/home/aup/yy/workspace/peps/configs/paper/image_repro_smoke.toml,"{""batch_size"":512,""checkpoint_every"":1,""cosine"":true,""encoder_lr"":0.1,""log_every"":1,""loss"":""l2"",""model_lr"":0.001,""seed"":0,""steps"":1,""task"":""image"",""total_steps"":1}","{""flip-evaluator"":""1.7"",""lpips"":""0.1.4"",""torch"":""2.10.0+rocm7.0"",""torchmetrics"":""1.9.0""}",smoke_not_paper_comparable
smoke,smoke,kodim03,768,512,NTC_N,0,lpips,0.9117175936698914,417792,13699,431491,2.733887844705915,4.476688159047626,0,4,9004fe2240b9e84c55ae641ba78c0ad5f83398a6,True,/home/aup/yy/workspace/peps/configs/paper/image_repro_smoke.toml,"{""batch_size"":512,""checkpoint_every"":1,""cosine"":true,""encoder_lr"":0.1,""log_every"":1,""loss"":""l2"",""model_lr"":0.001,""seed"":0,""steps"":1,""task"":""image"",""total_steps"":1}","{""flip-evaluator"":""1.7"",""lpips"":""0.1.4"",""torch"":""2.10.0+rocm7.0"",""torchmetrics"":""1.9.0""}",smoke_not_paper_comparable
smoke,smoke,kodim03,768,512,NTC_N,0,lsd,0.06723353014525117,417792,13699,431491,2.733887844705915,4.476688159047626,0,4,9004fe2240b9e84c55ae641ba78c0ad5f83398a6,True,/home/aup/yy/workspace/peps/configs/paper/image_repro_smoke.toml,"{""batch_size"":512,""checkpoint_every"":1,""cosine"":true,""encoder_lr"":0.1,""log_every"":1,""loss"":""l2"",""model_lr"":0.001,""seed"":0,""steps"":1,""task"":""image"",""total_steps"":1}","{""flip-evaluator"":""1.7"",""lpips"":""0.1.4"",""torch"":""2.10.0+rocm7.0"",""torchmetrics"":""1.9.0""}",smoke_not_paper_comparable
smoke,smoke,kodim03,768,512,NTC_N,0,psnr,8.399277488025486,417792,13699,431491,2.733887844705915,4.476688159047626,0,4,9004fe2240b9e84c55ae641ba78c0ad5f83398a6,True,/home/aup/yy/workspace/peps/configs/paper/image_repro_smoke.toml,"{""batch_size"":512,""checkpoint_every"":1,""cosine"":true,""encoder_lr"":0.1,""log_every"":1,""loss"":""l2"",""model_lr"":0.001,""seed"":0,""steps"":1,""task"":""image"",""total_steps"":1}","{""flip-evaluator"":""1.7"",""lpips"":""0.1.4"",""torch"":""2.10.0+rocm7.0"",""torchmetrics"":""1.9.0""}",smoke_not_paper_comparable
smoke,smoke,kodim03,768,512,NTC_N,0,ssim,0.1969108283519745,417792,13699,431491,2.733887844705915,4.476688159047626,0,4,9004fe2240b9e84c55ae641ba78c0ad5f83398a6,True,/home/aup/yy/workspace/peps/configs/paper/image_repro_smoke.toml,"{""batch_size"":512,""checkpoint_every"":1,""cosine"":true,""encoder_lr"":0.1,""log_every"":1,""loss"":""l2"",""model_lr"":0.001,""seed"":0,""steps"":1,""task"":""image"",""total_steps"":1}","{""flip-evaluator"":""1.7"",""lpips"":""0.1.4"",""torch"":""2.10.0+rocm7.0"",""torchmetrics"":""1.9.0""}",smoke_not_paper_comparable
smoke,smoke,kodim03,768,512,Grid,0,flip,0.8320643305778503,426496,9667,436163,2.704603554175847,4.602289022062905,1,4,9004fe2240b9e84c55ae641ba78c0ad5f83398a6,True,/home/aup/yy/workspace/peps/configs/paper/image_repro_smoke.toml,"{""batch_size"":512,""checkpoint_every"":1,""cosine"":true,""encoder_lr"":0.1,""log_every"":1,""loss"":""l2"",""model_lr"":0.001,""seed"":0,""steps"":1,""task"":""image"",""total_steps"":1}","{""flip-evaluator"":""1.7"",""lpips"":""0.1.4"",""torch"":""2.10.0+rocm7.0"",""torchmetrics"":""1.9.0""}",smoke_not_paper_comparable
smoke,smoke,kodim03,768,512,Grid,0,lpips,0.9882379770278931,426496,9667,436163,2.704603554175847,4.602289022062905,1,4,9004fe2240b9e84c55ae641ba78c0ad5f83398a6,True,/home/aup/yy/workspace/peps/configs/paper/image_repro_smoke.toml,"{""batch_size"":512,""checkpoint_every"":1,""cosine"":true,""encoder_lr"":0.1,""log_every"":1,""loss"":""l2"",""model_lr"":0.001,""seed"":0,""steps"":1,""task"":""image"",""total_steps"":1}","{""flip-evaluator"":""1.7"",""lpips"":""0.1.4"",""torch"":""2.10.0+rocm7.0"",""torchmetrics"":""1.9.0""}",smoke_not_paper_comparable
smoke,smoke,kodim03,768,512,Grid,0,lsd,0.06732912608749415,426496,9667,436163,2.704603554175847,4.602289022062905,1,4,9004fe2240b9e84c55ae641ba78c0ad5f83398a6,True,/home/aup/yy/workspace/peps/configs/paper/image_repro_smoke.toml,"{""batch_size"":512,""checkpoint_every"":1,""cosine"":true,""encoder_lr"":0.1,""log_every"":1,""loss"":""l2"",""model_lr"":0.001,""seed"":0,""steps"":1,""task"":""image"",""total_steps"":1}","{""flip-evaluator"":""1.7"",""lpips"":""0.1.4"",""torch"":""2.10.0+rocm7.0"",""torchmetrics"":""1.9.0""}",smoke_not_paper_comparable
smoke,smoke,kodim03,768,512,Grid,0,psnr,6.6691537628669835,426496,9667,436163,2.704603554175847,4.602289022062905,1,4,9004fe2240b9e84c55ae641ba78c0ad5f83398a6,True,/home/aup/yy/workspace/peps/configs/paper/image_repro_smoke.toml,"{""batch_size"":512,""checkpoint_every"":1,""cosine"":true,""encoder_lr"":0.1,""log_every"":1,""loss"":""l2"",""model_lr"":0.001,""seed"":0,""steps"":1,""task"":""image"",""total_steps"":1}","{""flip-evaluator"":""1.7"",""lpips"":""0.1.4"",""torch"":""2.10.0+rocm7.0"",""torchmetrics"":""1.9.0""}",smoke_not_paper_comparable
smoke,smoke,kodim03,768,512,Grid,0,ssim,-0.11519939452409744,426496,9667,436163,2.704603554175847,4.602289022062905,1,4,9004fe2240b9e84c55ae641ba78c0ad5f83398a6,True,/home/aup/yy/workspace/peps/configs/paper/image_repro_smoke.toml,"{""batch_size"":512,""checkpoint_every"":1,""cosine"":true,""encoder_lr"":0.1,""log_every"":1,""loss"":""l2"",""model_lr"":0.001,""seed"":0,""steps"":1,""task"":""image"",""total_steps"":1}","{""flip-evaluator"":""1.7"",""lpips"":""0.1.4"",""torch"":""2.10.0+rocm7.0"",""torchmetrics"":""1.9.0""}",smoke_not_paper_comparable
smoke,smoke,kodim03,768,512,G-PEPS,0,flip,0.7662944793701172,426496,16195,442691,2.6647209904877216,3.0617476030020043,2,4,9004fe2240b9e84c55ae641ba78c0ad5f83398a6,True,/home/aup/yy/workspace/peps/configs/paper/image_repro_smoke.toml,"{""batch_size"":512,""checkpoint_every"":1,""cosine"":true,""encoder_lr"":0.1,""log_every"":1,""loss"":""l2"",""model_lr"":0.001,""seed"":0,""steps"":1,""task"":""image"",""total_steps"":1}","{""flip-evaluator"":""1.7"",""lpips"":""0.1.4"",""torch"":""2.10.0+rocm7.0"",""torchmetrics"":""1.9.0""}",smoke_not_paper_comparable
smoke,smoke,kodim03,768,512,G-PEPS,0,lpips,0.9844798445701599,426496,16195,442691,2.6647209904877216,3.0617476030020043,2,4,9004fe2240b9e84c55ae641ba78c0ad5f83398a6,True,/home/aup/yy/workspace/peps/configs/paper/image_repro_smoke.toml,"{""batch_size"":512,""checkpoint_every"":1,""cosine"":true,""encoder_lr"":0.1,""log_every"":1,""loss"":""l2"",""model_lr"":0.001,""seed"":0,""steps"":1,""task"":""image"",""total_steps"":1}","{""flip-evaluator"":""1.7"",""lpips"":""0.1.4"",""torch"":""2.10.0+rocm7.0"",""torchmetrics"":""1.9.0""}",smoke_not_paper_comparable
smoke,smoke,kodim03,768,512,G-PEPS,0,lsd,0.06728494472412448,426496,16195,442691,2.6647209904877216,3.0617476030020043,2,4,9004fe2240b9e84c55ae641ba78c0ad5f83398a6,True,/home/aup/yy/workspace/peps/configs/paper/image_repro_smoke.toml,"{""batch_size"":512,""checkpoint_every"":1,""cosine"":true,""encoder_lr"":0.1,""log_every"":1,""loss"":""l2"",""model_lr"":0.001,""seed"":0,""steps"":1,""task"":""image"",""total_steps"":1}","{""flip-evaluator"":""1.7"",""lpips"":""0.1.4"",""torch"":""2.10.0+rocm7.0"",""torchmetrics"":""1.9.0""}",smoke_not_paper_comparable
smoke,smoke,kodim03,768,512,G-PEPS,0,psnr,7.656379718878595,426496,16195,442691,2.6647209904877216,3.0617476030020043,2,4,9004fe2240b9e84c55ae641ba78c0ad5f83398a6,True,/home/aup/yy/workspace/peps/configs/paper/image_repro_smoke.toml,"{""batch_size"":512,""checkpoint_every"":1,""cosine"":true,""encoder_lr"":0.1,""log_every"":1,""loss"":""l2"",""model_lr"":0.001,""seed"":0,""steps"":1,""task"":""image"",""total_steps"":1}","{""flip-evaluator"":""1.7"",""lpips"":""0.1.4"",""torch"":""2.10.0+rocm7.0"",""torchmetrics"":""1.9.0""}",smoke_not_paper_comparable
smoke,smoke,kodim03,768,512,G-PEPS,0,ssim,0.010919027030467987,426496,16195,442691,2.6647209904877216,3.0617476030020043,2,4,9004fe2240b9e84c55ae641ba78c0ad5f83398a6,True,/home/aup/yy/workspace/peps/configs/paper/image_repro_smoke.toml,"{""batch_size"":512,""checkpoint_every"":1,""cosine"":true,""encoder_lr"":0.1,""log_every"":1,""loss"":""l2"",""model_lr"":0.001,""seed"":0,""steps"":1,""task"":""image"",""total_steps"":1}","{""flip-evaluator"":""1.7"",""lpips"":""0.1.4"",""torch"":""2.10.0+rocm7.0"",""torchmetrics"":""1.9.0""}",smoke_not_paper_comparable
smoke,smoke,kodim03,768,512,G-P-PEPS,0,flip,0.8201029896736145,426496,11459,437955,2.69353700722677,4.55250338697806,3,4,9004fe2240b9e84c55ae641ba78c0ad5f83398a6,True,/home/aup/yy/workspace/peps/configs/paper/image_repro_smoke.toml,"{""batch_size"":512,""checkpoint_every"":1,""cosine"":true,""encoder_lr"":0.1,""log_every"":1,""loss"":""l2"",""model_lr"":0.001,""seed"":0,""steps"":1,""task"":""image"",""total_steps"":1}","{""flip-evaluator"":""1.7"",""lpips"":""0.1.4"",""torch"":""2.10.0+rocm7.0"",""torchmetrics"":""1.9.0""}",smoke_not_paper_comparable
smoke,smoke,kodim03,768,512,G-P-PEPS,0,lpips,0.9376444220542908,426496,11459,437955,2.69353700722677,4.55250338697806,3,4,9004fe2240b9e84c55ae641ba78c0ad5f83398a6,True,/home/aup/yy/workspace/peps/configs/paper/image_repro_smoke.toml,"{""batch_size"":512,""checkpoint_every"":1,""cosine"":true,""encoder_lr"":0.1,""log_every"":1,""loss"":""l2"",""model_lr"":0.001,""seed"":0,""steps"":1,""task"":""image"",""total_steps"":1}","{""flip-evaluator"":""1.7"",""lpips"":""0.1.4"",""torch"":""2.10.0+rocm7.0"",""torchmetrics"":""1.9.0""}",smoke_not_paper_comparable
smoke,smoke,kodim03,768,512,G-P-PEPS,0,lsd,0.06736774253781684,426496,11459,437955,2.69353700722677,4.55250338697806,3,4,9004fe2240b9e84c55ae641ba78c0ad5f83398a6,True,/home/aup/yy/workspace/peps/configs/paper/image_repro_smoke.toml,"{""batch_size"":512,""checkpoint_every"":1,""cosine"":true,""encoder_lr"":0.1,""log_every"":1,""loss"":""l2"",""model_lr"":0.001,""seed"":0,""steps"":1,""task"":""image"",""total_steps"":1}","{""flip-evaluator"":""1.7"",""lpips"":""0.1.4"",""torch"":""2.10.0+rocm7.0"",""torchmetrics"":""1.9.0""}",smoke_not_paper_comparable
smoke,smoke,kodim03,768,512,G-P-PEPS,0,psnr,7.843091614997143,426496,11459,437955,2.69353700722677,4.55250338697806,3,4,9004fe2240b9e84c55ae641ba78c0ad5f83398a6,True,/home/aup/yy/workspace/peps/configs/paper/image_repro_smoke.toml,"{""batch_size"":512,""checkpoint_every"":1,""cosine"":true,""encoder_lr"":0.1,""log_every"":1,""loss"":""l2"",""model_lr"":0.001,""seed"":0,""steps"":1,""task"":""image"",""total_steps"":1}","{""flip-evaluator"":""1.7"",""lpips"":""0.1.4"",""torch"":""2.10.0+rocm7.0"",""torchmetrics"":""1.9.0""}",smoke_not_paper_comparable
smoke,smoke,kodim03,768,512,G-P-PEPS,0,ssim,0.0560164712369442,426496,11459,437955,2.69353700722677,4.55250338697806,3,4,9004fe2240b9e84c55ae641ba78c0ad5f83398a6,True,/home/aup/yy/workspace/peps/configs/paper/image_repro_smoke.toml,"{""batch_size"":512,""checkpoint_every"":1,""cosine"":true,""encoder_lr"":0.1,""log_every"":1,""loss"":""l2"",""model_lr"":0.001,""seed"":0,""steps"":1,""task"":""image"",""total_steps"":1}","{""flip-evaluator"":""1.7"",""lpips"":""0.1.4"",""torch"":""2.10.0+rocm7.0"",""torchmetrics"":""1.9.0""}",smoke_not_paper_comparable
smoke,smoke,kodim03,768,512,NTC_PEPS,0,flip,0.7940511703491211,417792,39811,457603,2.577885197430961,4.34544233395718,0,4,9004fe2240b9e84c55ae641ba78c0ad5f83398a6,True,/home/aup/yy/workspace/peps/configs/paper/image_repro_smoke.toml,"{""batch_size"":512,""checkpoint_every"":1,""cosine"":true,""encoder_lr"":0.1,""log_every"":1,""loss"":""l2"",""model_lr"":0.001,""seed"":0,""steps"":1,""task"":""image"",""total_steps"":1}","{""flip-evaluator"":""1.7"",""lpips"":""0.1.4"",""torch"":""2.10.0+rocm7.0"",""torchmetrics"":""1.9.0""}",smoke_not_paper_comparable
smoke,smoke,kodim03,768,512,NTC_PEPS,0,lpips,0.9513267874717712,417792,39811,457603,2.577885197430961,4.34544233395718,0,4,9004fe2240b9e84c55ae641ba78c0ad5f83398a6,True,/home/aup/yy/workspace/peps/configs/paper/image_repro_smoke.toml,"{""batch_size"":512,""checkpoint_every"":1,""cosine"":true,""encoder_lr"":0.1,""log_every"":1,""loss"":""l2"",""model_lr"":0.001,""seed"":0,""steps"":1,""task"":""image"",""total_steps"":1}","{""flip-evaluator"":""1.7"",""lpips"":""0.1.4"",""torch"":""2.10.0+rocm7.0"",""torchmetrics"":""1.9.0""}",smoke_not_paper_comparable
smoke,smoke,kodim03,768,512,NTC_PEPS,0,lsd,0.06679420208270398,417792,39811,457603,2.577885197430961,4.34544233395718,0,4,9004fe2240b9e84c55ae641ba78c0ad5f83398a6,True,/home/aup/yy/workspace/peps/configs/paper/image_repro_smoke.toml,"{""batch_size"":512,""checkpoint_every"":1,""cosine"":true,""encoder_lr"":0.1,""log_every"":1,""loss"":""l2"",""model_lr"":0.001,""seed"":0,""steps"":1,""task"":""image"",""total_steps"":1}","{""flip-evaluator"":""1.7"",""lpips"":""0.1.4"",""torch"":""2.10.0+rocm7.0"",""torchmetrics"":""1.9.0""}",smoke_not_paper_comparable
smoke,smoke,kodim03,768,512,NTC_PEPS,0,psnr,9.221799889629642,417792,39811,457603,2.577885197430961,4.34544233395718,0,4,9004fe2240b9e84c55ae641ba78c0ad5f83398a6,True,/home/aup/yy/workspace/peps/configs/paper/image_repro_smoke.toml,"{""batch_size"":512,""checkpoint_every"":1,""cosine"":true,""encoder_lr"":0.1,""log_every"":1,""loss"":""l2"",""model_lr"":0.001,""seed"":0,""steps"":1,""task"":""image"",""total_steps"":1}","{""flip-evaluator"":""1.7"",""lpips"":""0.1.4"",""torch"":""2.10.0+rocm7.0"",""torchmetrics"":""1.9.0""}",smoke_not_paper_comparable
smoke,smoke,kodim03,768,512,NTC_PEPS,0,ssim,0.336881160736084,417792,39811,457603,2.577885197430961,4.34544233395718,0,4,9004fe2240b9e84c55ae641ba78c0ad5f83398a6,True,/home/aup/yy/workspace/peps/configs/paper/image_repro_smoke.toml,"{""batch_size"":512,""checkpoint_every"":1,""cosine"":true,""encoder_lr"":0.1,""log_every"":1,""loss"":""l2"",""model_lr"":0.001,""seed"":0,""steps"":1,""task"":""image"",""total_steps"":1}","{""flip-evaluator"":""1.7"",""lpips"":""0.1.4"",""torch"":""2.10.0+rocm7.0"",""torchmetrics"":""1.9.0""}",smoke_not_paper_comparable
smoke,smoke,kodim03,768,512,NTC_PinkPEPS,0,flip,0.817392885684967,417792,21251,439043,2.6868621069006906,0.21485673997085541,1,4,9004fe2240b9e84c55ae641ba78c0ad5f83398a6,True,/home/aup/yy/workspace/peps/configs/paper/image_repro_smoke.toml,"{""batch_size"":512,""checkpoint_every"":1,""cosine"":true,""encoder_lr"":0.1,""log_every"":1,""loss"":""l2"",""model_lr"":0.001,""seed"":0,""steps"":1,""task"":""image"",""total_steps"":1}","{""flip-evaluator"":""1.7"",""lpips"":""0.1.4"",""torch"":""2.10.0+rocm7.0"",""torchmetrics"":""1.9.0""}",smoke_not_paper_comparable
smoke,smoke,kodim03,768,512,NTC_PinkPEPS,0,lpips,0.9683454036712646,417792,21251,439043,2.6868621069006906,0.21485673997085541,1,4,9004fe2240b9e84c55ae641ba78c0ad5f83398a6,True,/home/aup/yy/workspace/peps/configs/paper/image_repro_smoke.toml,"{""batch_size"":512,""checkpoint_every"":1,""cosine"":true,""encoder_lr"":0.1,""log_every"":1,""loss"":""l2"",""model_lr"":0.001,""seed"":0,""steps"":1,""task"":""image"",""total_steps"":1}","{""flip-evaluator"":""1.7"",""lpips"":""0.1.4"",""torch"":""2.10.0+rocm7.0"",""torchmetrics"":""1.9.0""}",smoke_not_paper_comparable
smoke,smoke,kodim03,768,512,NTC_PinkPEPS,0,lsd,0.0669502048410394,417792,21251,439043,2.6868621069006906,0.21485673997085541,1,4,9004fe2240b9e84c55ae641ba78c0ad5f83398a6,True,/home/aup/yy/workspace/peps/configs/paper/image_repro_smoke.toml,"{""batch_size"":512,""checkpoint_every"":1,""cosine"":true,""encoder_lr"":0.1,""log_every"":1,""loss"":""l2"",""model_lr"":0.001,""seed"":0,""steps"":1,""task"":""image"",""total_steps"":1}","{""flip-evaluator"":""1.7"",""lpips"":""0.1.4"",""torch"":""2.10.0+rocm7.0"",""torchmetrics"":""1.9.0""}",smoke_not_paper_comparable
smoke,smoke,kodim03,768,512,NTC_PinkPEPS,0,psnr,7.4975504654194385,417792,21251,439043,2.6868621069006906,0.21485673997085541,1,4,9004fe2240b9e84c55ae641ba78c0ad5f83398a6,True,/home/aup/yy/workspace/peps/configs/paper/image_repro_smoke.toml,"{""batch_size"":512,""checkpoint_every"":1,""cosine"":true,""encoder_lr"":0.1,""log_every"":1,""loss"":""l2"",""model_lr"":0.001,""seed"":0,""steps"":1,""task"":""image"",""total_steps"":1}","{""flip-evaluator"":""1.7"",""lpips"":""0.1.4"",""torch"":""2.10.0+rocm7.0"",""torchmetrics"":""1.9.0""}",smoke_not_paper_comparable
smoke,smoke,kodim03,768,512,NTC_PinkPEPS,0,ssim,0.040526509284973145,417792,21251,439043,2.6868621069006906,0.21485673997085541,1,4,9004fe2240b9e84c55ae641ba78c0ad5f83398a6,True,/home/aup/yy/workspace/peps/configs/paper/image_repro_smoke.toml,"{""batch_size"":512,""checkpoint_every"":1,""cosine"":true,""encoder_lr"":0.1,""log_every"":1,""loss"":""l2"",""model_lr"":0.001,""seed"":0,""steps"":1,""task"":""image"",""total_steps"":1}","{""flip-evaluator"":""1.7"",""lpips"":""0.1.4"",""torch"":""2.10.0+rocm7.0"",""torchmetrics"":""1.9.0""}",smoke_not_paper_comparable
smoke,smoke,kodim03,768,512,G-P-PEPS-25,0,flip,0.8230912685394287,326144,10691,336835,3.5021538735582705,1.9245963300345466,2,4,9004fe2240b9e84c55ae641ba78c0ad5f83398a6,True,/home/aup/yy/workspace/peps/configs/paper/image_repro_smoke.toml,"{""batch_size"":512,""checkpoint_every"":1,""cosine"":true,""encoder_lr"":0.1,""log_every"":1,""loss"":""l2"",""model_lr"":0.001,""seed"":0,""steps"":1,""task"":""image"",""total_steps"":1}","{""flip-evaluator"":""1.7"",""lpips"":""0.1.4"",""torch"":""2.10.0+rocm7.0"",""torchmetrics"":""1.9.0""}",smoke_not_paper_comparable
smoke,smoke,kodim03,768,512,G-P-PEPS-25,0,lpips,0.9412990808486938,326144,10691,336835,3.5021538735582705,1.9245963300345466,2,4,9004fe2240b9e84c55ae641ba78c0ad5f83398a6,True,/home/aup/yy/workspace/peps/configs/paper/image_repro_smoke.toml,"{""batch_size"":512,""checkpoint_every"":1,""cosine"":true,""encoder_lr"":0.1,""log_every"":1,""loss"":""l2"",""model_lr"":0.001,""seed"":0,""steps"":1,""task"":""image"",""total_steps"":1}","{""flip-evaluator"":""1.7"",""lpips"":""0.1.4"",""torch"":""2.10.0+rocm7.0"",""torchmetrics"":""1.9.0""}",smoke_not_paper_comparable
smoke,smoke,kodim03,768,512,G-P-PEPS-25,0,lsd,0.06749521525976823,326144,10691,336835,3.5021538735582705,1.9245963300345466,2,4,9004fe2240b9e84c55ae641ba78c0ad5f83398a6,True,/home/aup/yy/workspace/peps/configs/paper/image_repro_smoke.toml,"{""batch_size"":512,""checkpoint_every"":1,""cosine"":true,""encoder_lr"":0.1,""log_every"":1,""loss"":""l2"",""model_lr"":0.001,""seed"":0,""steps"":1,""task"":""image"",""total_steps"":1}","{""flip-evaluator"":""1.7"",""lpips"":""0.1.4"",""torch"":""2.10.0+rocm7.0"",""torchmetrics"":""1.9.0""}",smoke_not_paper_comparable
smoke,smoke,kodim03,768,512,G-P-PEPS-25,0,psnr,7.959188981910018,326144,10691,336835,3.5021538735582705,1.9245963300345466,2,4,9004fe2240b9e84c55ae641ba78c0ad5f83398a6,True,/home/aup/yy/workspace/peps/configs/paper/image_repro_smoke.toml,"{""batch_size"":512,""checkpoint_every"":1,""cosine"":true,""encoder_lr"":0.1,""log_every"":1,""loss"":""l2"",""model_lr"":0.001,""seed"":0,""steps"":1,""task"":""image"",""total_steps"":1}","{""flip-evaluator"":""1.7"",""lpips"":""0.1.4"",""torch"":""2.10.0+rocm7.0"",""torchmetrics"":""1.9.0""}",smoke_not_paper_comparable
smoke,smoke,kodim03,768,512,G-P-PEPS-25,0,ssim,0.09105760604143143,326144,10691,336835,3.5021538735582705,1.9245963300345466,2,4,9004fe2240b9e84c55ae641ba78c0ad5f83398a6,True,/home/aup/yy/workspace/peps/configs/paper/image_repro_smoke.toml,"{""batch_size"":512,""checkpoint_every"":1,""cosine"":true,""encoder_lr"":0.1,""log_every"":1,""loss"":""l2"",""model_lr"":0.001,""seed"":0,""steps"":1,""task"":""image"",""total_steps"":1}","{""flip-evaluator"":""1.7"",""lpips"":""0.1.4"",""torch"":""2.10.0+rocm7.0"",""torchmetrics"":""1.9.0""}",smoke_not_paper_comparable
smoke,smoke,kodim04,512,768,PE,0,flip,0.852034866809845,0,194403,194403,6.068054505331708,3.0887662429595366,3,4,9004fe2240b9e84c55ae641ba78c0ad5f83398a6,True,/home/aup/yy/workspace/peps/configs/paper/image_repro_smoke.toml,"{""batch_size"":512,""checkpoint_every"":1,""cosine"":true,""encoder_lr"":0.1,""log_every"":1,""loss"":""l2"",""model_lr"":0.001,""seed"":0,""steps"":1,""task"":""image"",""total_steps"":1}","{""flip-evaluator"":""1.7"",""lpips"":""0.1.4"",""torch"":""2.10.0+rocm7.0"",""torchmetrics"":""1.9.0""}",smoke_not_paper_comparable
smoke,smoke,kodim04,512,768,PE,0,lpips,1.0086848735809326,0,194403,194403,6.068054505331708,3.0887662429595366,3,4,9004fe2240b9e84c55ae641ba78c0ad5f83398a6,True,/home/aup/yy/workspace/peps/configs/paper/image_repro_smoke.toml,"{""batch_size"":512,""checkpoint_every"":1,""cosine"":true,""encoder_lr"":0.1,""log_every"":1,""loss"":""l2"",""model_lr"":0.001,""seed"":0,""steps"":1,""task"":""image"",""total_steps"":1}","{""flip-evaluator"":""1.7"",""lpips"":""0.1.4"",""torch"":""2.10.0+rocm7.0"",""torchmetrics"":""1.9.0""}",smoke_not_paper_comparable
smoke,smoke,kodim04,512,768,PE,0,lsd,0.07131323898538518,0,194403,194403,6.068054505331708,3.0887662429595366,3,4,9004fe2240b9e84c55ae641ba78c0ad5f83398a6,True,/home/aup/yy/workspace/peps/configs/paper/image_repro_smoke.toml,"{""batch_size"":512,""checkpoint_every"":1,""cosine"":true,""encoder_lr"":0.1,""log_every"":1,""loss"":""l2"",""model_lr"":0.001,""seed"":0,""steps"":1,""task"":""image"",""total_steps"":1}","{""flip-evaluator"":""1.7"",""lpips"":""0.1.4"",""torch"":""2.10.0+rocm7.0"",""torchmetrics"":""1.9.0""}",smoke_not_paper_comparable
smoke,smoke,kodim04,512,768,PE,0,psnr,7.531974172137326,0,194403,194403,6.068054505331708,3.0887662429595366,3,4,9004fe2240b9e84c55ae641ba78c0ad5f83398a6,True,/home/aup/yy/workspace/peps/configs/paper/image_repro_smoke.toml,"{""batch_size"":512,""checkpoint_every"":1,""cosine"":true,""encoder_lr"":0.1,""log_every"":1,""loss"":""l2"",""model_lr"":0.001,""seed"":0,""steps"":1,""task"":""image"",""total_steps"":1}","{""flip-evaluator"":""1.7"",""lpips"":""0.1.4"",""torch"":""2.10.0+rocm7.0"",""torchmetrics"":""1.9.0""}",smoke_not_paper_comparable
smoke,smoke,kodim04,512,768,PE,0,ssim,-0.016175828874111176,0,194403,194403,6.068054505331708,3.0887662429595366,3,4,9004fe2240b9e84c55ae641ba78c0ad5f83398a6,True,/home/aup/yy/workspace/peps/configs/paper/image_repro_smoke.toml,"{""batch_size"":512,""checkpoint_every"":1,""cosine"":true,""encoder_lr"":0.1,""log_every"":1,""loss"":""l2"",""model_lr"":0.001,""seed"":0,""steps"":1,""task"":""image"",""total_steps"":1}","{""flip-evaluator"":""1.7"",""lpips"":""0.1.4"",""torch"":""2.10.0+rocm7.0"",""torchmetrics"":""1.9.0""}",smoke_not_paper_comparable
smoke,smoke,kodim04,512,768,LPE,0,flip,0.8624865412712097,401408,9603,411011,2.870112965346426,2.7227285989793018,0,4,9004fe2240b9e84c55ae641ba78c0ad5f83398a6,True,/home/aup/yy/workspace/peps/configs/paper/image_repro_smoke.toml,"{""batch_size"":512,""checkpoint_every"":1,""cosine"":true,""encoder_lr"":0.1,""log_every"":1,""loss"":""l2"",""model_lr"":0.001,""seed"":0,""steps"":1,""task"":""image"",""total_steps"":1}","{""flip-evaluator"":""1.7"",""lpips"":""0.1.4"",""torch"":""2.10.0+rocm7.0"",""torchmetrics"":""1.9.0""}",smoke_not_paper_comparable
smoke,smoke,kodim04,512,768,LPE,0,lpips,1.018441915512085,401408,9603,411011,2.870112965346426,2.7227285989793018,0,4,9004fe2240b9e84c55ae641ba78c0ad5f83398a6,True,/home/aup/yy/workspace/peps/configs/paper/image_repro_smoke.toml,"{""batch_size"":512,""checkpoint_every"":1,""cosine"":true,""encoder_lr"":0.1,""log_every"":1,""loss"":""l2"",""model_lr"":0.001,""seed"":0,""steps"":1,""task"":""image"",""total_steps"":1}","{""flip-evaluator"":""1.7"",""lpips"":""0.1.4"",""torch"":""2.10.0+rocm7.0"",""torchmetrics"":""1.9.0""}",smoke_not_paper_comparable
smoke,smoke,kodim04,512,768,LPE,0,lsd,0.07306269612516265,401408,9603,411011,2.870112965346426,2.7227285989793018,0,4,9004fe2240b9e84c55ae641ba78c0ad5f83398a6,True,/home/aup/yy/workspace/peps/configs/paper/image_repro_smoke.toml,"{""batch_size"":512,""checkpoint_every"":1,""cosine"":true,""encoder_lr"":0.1,""log_every"":1,""loss"":""l2"",""model_lr"":0.001,""seed"":0,""steps"":1,""task"":""image"",""total_steps"":1}","{""flip-evaluator"":""1.7"",""lpips"":""0.1.4"",""torch"":""2.10.0+rocm7.0"",""torchmetrics"":""1.9.0""}",smoke_not_paper_comparable
smoke,smoke,kodim04,512,768,LPE,0,psnr,6.4386357499114375,401408,9603,411011,2.870112965346426,2.7227285989793018,0,4,9004fe2240b9e84c55ae641ba78c0ad5f83398a6,True,/home/aup/yy/workspace/peps/configs/paper/image_repro_smoke.toml,"{""batch_size"":512,""checkpoint_every"":1,""cosine"":true,""encoder_lr"":0.1,""log_every"":1,""loss"":""l2"",""model_lr"":0.001,""seed"":0,""steps"":1,""task"":""image"",""total_steps"":1}","{""flip-evaluator"":""1.7"",""lpips"":""0.1.4"",""torch"":""2.10.0+rocm7.0"",""torchmetrics"":""1.9.0""}",smoke_not_paper_comparable
smoke,smoke,kodim04,512,768,LPE,0,ssim,-0.18618124723434448,401408,9603,411011,2.870112965346426,2.7227285989793018,0,4,9004fe2240b9e84c55ae641ba78c0ad5f83398a6,True,/home/aup/yy/workspace/peps/configs/paper/image_repro_smoke.toml,"{""batch_size"":512,""checkpoint_every"":1,""cosine"":true,""encoder_lr"":0.1,""log_every"":1,""loss"":""l2"",""model_lr"":0.001,""seed"":0,""steps"":1,""task"":""image"",""total_steps"":1}","{""flip-evaluator"":""1.7"",""lpips"":""0.1.4"",""torch"":""2.10.0+rocm7.0"",""torchmetrics"":""1.9.0""}",smoke_not_paper_comparable
smoke,smoke,kodim04,512,768,NTC_N,0,flip,0.828962504863739,417792,13699,431491,2.733887844705915,2.905629090964794,1,4,9004fe2240b9e84c55ae641ba78c0ad5f83398a6,True,/home/aup/yy/workspace/peps/configs/paper/image_repro_smoke.toml,"{""batch_size"":512,""checkpoint_every"":1,""cosine"":true,""encoder_lr"":0.1,""log_every"":1,""loss"":""l2"",""model_lr"":0.001,""seed"":0,""steps"":1,""task"":""image"",""total_steps"":1}","{""flip-evaluator"":""1.7"",""lpips"":""0.1.4"",""torch"":""2.10.0+rocm7.0"",""torchmetrics"":""1.9.0""}",smoke_not_paper_comparable
smoke,smoke,kodim04,512,768,NTC_N,0,lpips,0.9931192398071289,417792,13699,431491,2.733887844705915,2.905629090964794,1,4,9004fe2240b9e84c55ae641ba78c0ad5f83398a6,True,/home/aup/yy/workspace/peps/configs/paper/image_repro_smoke.toml,"{""batch_size"":512,""checkpoint_every"":1,""cosine"":true,""encoder_lr"":0.1,""log_every"":1,""loss"":""l2"",""model_lr"":0.001,""seed"":0,""steps"":1,""task"":""image"",""total_steps"":1}","{""flip-evaluator"":""1.7"",""lpips"":""0.1.4"",""torch"":""2.10.0+rocm7.0"",""torchmetrics"":""1.9.0""}",smoke_not_paper_comparable
smoke,smoke,kodim04,512,768,NTC_N,0,lsd,0.0726318379526688,417792,13699,431491,2.733887844705915,2.905629090964794,1,4,9004fe2240b9e84c55ae641ba78c0ad5f83398a6,True,/home/aup/yy/workspace/peps/configs/paper/image_repro_smoke.toml,"{""batch_size"":512,""checkpoint_every"":1,""cosine"":true,""encoder_lr"":0.1,""log_every"":1,""loss"":""l2"",""model_lr"":0.001,""seed"":0,""steps"":1,""task"":""image"",""total_steps"":1}","{""flip-evaluator"":""1.7"",""lpips"":""0.1.4"",""torch"":""2.10.0+rocm7.0"",""torchmetrics"":""1.9.0""}",smoke_not_paper_comparable
smoke,smoke,kodim04,512,768,NTC_N,0,psnr,8.181966618325875,417792,13699,431491,2.733887844705915,2.905629090964794,1,4,9004fe2240b9e84c55ae641ba78c0ad5f83398a6,True,/home/aup/yy/workspace/peps/configs/paper/image_repro_smoke.toml,"{""batch_size"":512,""checkpoint_every"":1,""cosine"":true,""encoder_lr"":0.1,""log_every"":1,""loss"":""l2"",""model_lr"":0.001,""seed"":0,""steps"":1,""task"":""image"",""total_steps"":1}","{""flip-evaluator"":""1.7"",""lpips"":""0.1.4"",""torch"":""2.10.0+rocm7.0"",""torchmetrics"":""1.9.0""}",smoke_not_paper_comparable
smoke,smoke,kodim04,512,768,NTC_N,0,ssim,0.15119999647140503,417792,13699,431491,2.733887844705915,2.905629090964794,1,4,9004fe2240b9e84c55ae641ba78c0ad5f83398a6,True,/home/aup/yy/workspace/peps/configs/paper/image_repro_smoke.toml,"{""batch_size"":512,""checkpoint_every"":1,""cosine"":true,""encoder_lr"":0.1,""log_every"":1,""loss"":""l2"",""model_lr"":0.001,""seed"":0,""steps"":1,""task"":""image"",""total_steps"":1}","{""flip-evaluator"":""1.7"",""lpips"":""0.1.4"",""torch"":""2.10.0+rocm7.0"",""torchmetrics"":""1.9.0""}",smoke_not_paper_comparable
smoke,smoke,kodim04,512,768,Grid,0,flip,0.8613414764404297,426496,9667,436163,2.704603554175847,2.912619781913236,2,4,9004fe2240b9e84c55ae641ba78c0ad5f83398a6,True,/home/aup/yy/workspace/peps/configs/paper/image_repro_smoke.toml,"{""batch_size"":512,""checkpoint_every"":1,""cosine"":true,""encoder_lr"":0.1,""log_every"":1,""loss"":""l2"",""model_lr"":0.001,""seed"":0,""steps"":1,""task"":""image"",""total_steps"":1}","{""flip-evaluator"":""1.7"",""lpips"":""0.1.4"",""torch"":""2.10.0+rocm7.0"",""torchmetrics"":""1.9.0""}",smoke_not_paper_comparable
smoke,smoke,kodim04,512,768,Grid,0,lpips,1.0218591690063477,426496,9667,436163,2.704603554175847,2.912619781913236,2,4,9004fe2240b9e84c55ae641ba78c0ad5f83398a6,True,/home/aup/yy/workspace/peps/configs/paper/image_repro_smoke.toml,"{""batch_size"":512,""checkpoint_every"":1,""cosine"":true,""encoder_lr"":0.1,""log_every"":1,""loss"":""l2"",""model_lr"":0.001,""seed"":0,""steps"":1,""task"":""image"",""total_steps"":1}","{""flip-evaluator"":""1.7"",""lpips"":""0.1.4"",""torch"":""2.10.0+rocm7.0"",""torchmetrics"":""1.9.0""}",smoke_not_paper_comparable
smoke,smoke,kodim04,512,768,Grid,0,lsd,0.07271387517480625,426496,9667,436163,2.704603554175847,2.912619781913236,2,4,9004fe2240b9e84c55ae641ba78c0ad5f83398a6,True,/home/aup/yy/workspace/peps/configs/paper/image_repro_smoke.toml,"{""batch_size"":512,""checkpoint_every"":1,""cosine"":true,""encoder_lr"":0.1,""log_every"":1,""loss"":""l2"",""model_lr"":0.001,""seed"":0,""steps"":1,""task"":""image"",""total_steps"":1}","{""flip-evaluator"":""1.7"",""lpips"":""0.1.4"",""torch"":""2.10.0+rocm7.0"",""torchmetrics"":""1.9.0""}",smoke_not_paper_comparable
smoke,smoke,kodim04,512,768,Grid,0,psnr,6.530698084659265,426496,9667,436163,2.704603554175847,2.912619781913236,2,4,9004fe2240b9e84c55ae641ba78c0ad5f83398a6,True,/home/aup/yy/workspace/peps/configs/paper/image_repro_smoke.toml,"{""batch_size"":512,""checkpoint_every"":1,""cosine"":true,""encoder_lr"":0.1,""log_every"":1,""loss"":""l2"",""model_lr"":0.001,""seed"":0,""steps"":1,""task"":""image"",""total_steps"":1}","{""flip-evaluator"":""1.7"",""lpips"":""0.1.4"",""torch"":""2.10.0+rocm7.0"",""torchmetrics"":""1.9.0""}",smoke_not_paper_comparable
smoke,smoke,kodim04,512,768,Grid,0,ssim,-0.10398770123720169,426496,9667,436163,2.704603554175847,2.912619781913236,2,4,9004fe2240b9e84c55ae641ba78c0ad5f83398a6,True,/home/aup/yy/workspace/peps/configs/paper/image_repro_smoke.toml,"{""batch_size"":512,""checkpoint_every"":1,""cosine"":true,""encoder_lr"":0.1,""log_every"":1,""loss"":""l2"",""model_lr"":0.001,""seed"":0,""steps"":1,""task"":""image"",""total_steps"":1}","{""flip-evaluator"":""1.7"",""lpips"":""0.1.4"",""torch"":""2.10.0+rocm7.0"",""torchmetrics"":""1.9.0""}",smoke_not_paper_comparable
smoke,smoke,kodim04,512,768,G-PEPS,0,flip,0.8016814589500427,426496,16195,442691,2.6647209904877216,2.9357140180654824,3,4,9004fe2240b9e84c55ae641ba78c0ad5f83398a6,True,/home/aup/yy/workspace/peps/configs/paper/image_repro_smoke.toml,"{""batch_size"":512,""checkpoint_every"":1,""cosine"":true,""encoder_lr"":0.1,""log_every"":1,""loss"":""l2"",""model_lr"":0.001,""seed"":0,""steps"":1,""task"":""image"",""total_steps"":1}","{""flip-evaluator"":""1.7"",""lpips"":""0.1.4"",""torch"":""2.10.0+rocm7.0"",""torchmetrics"":""1.9.0""}",smoke_not_paper_comparable
smoke,smoke,kodim04,512,768,G-PEPS,0,lpips,1.1049318313598633,426496,16195,442691,2.6647209904877216,2.9357140180654824,3,4,9004fe2240b9e84c55ae641ba78c0ad5f83398a6,True,/home/aup/yy/workspace/peps/configs/paper/image_repro_smoke.toml,"{""batch_size"":512,""checkpoint_every"":1,""cosine"":true,""encoder_lr"":0.1,""log_every"":1,""loss"":""l2"",""model_lr"":0.001,""seed"":0,""steps"":1,""task"":""image"",""total_steps"":1}","{""flip-evaluator"":""1.7"",""lpips"":""0.1.4"",""torch"":""2.10.0+rocm7.0"",""torchmetrics"":""1.9.0""}",smoke_not_paper_comparable
smoke,smoke,kodim04,512,768,G-PEPS,0,lsd,0.07266687368505842,426496,16195,442691,2.6647209904877216,2.9357140180654824,3,4,9004fe2240b9e84c55ae641ba78c0ad5f83398a6,True,/home/aup/yy/workspace/peps/configs/paper/image_repro_smoke.toml,"{""batch_size"":512,""checkpoint_every"":1,""cosine"":true,""encoder_lr"":0.1,""log_every"":1,""loss"":""l2"",""model_lr"":0.001,""seed"":0,""steps"":1,""task"":""image"",""total_steps"":1}","{""flip-evaluator"":""1.7"",""lpips"":""0.1.4"",""torch"":""2.10.0+rocm7.0"",""torchmetrics"":""1.9.0""}",smoke_not_paper_comparable
smoke,smoke,kodim04,512,768,G-PEPS,0,psnr,7.292595116025879,426496,16195,442691,2.6647209904877216,2.9357140180654824,3,4,9004fe2240b9e84c55ae641ba78c0ad5f83398a6,True,/home/aup/yy/workspace/peps/configs/paper/image_repro_smoke.toml,"{""batch_size"":512,""checkpoint_every"":1,""cosine"":true,""encoder_lr"":0.1,""log_every"":1,""loss"":""l2"",""model_lr"":0.001,""seed"":0,""steps"":1,""task"":""image"",""total_steps"":1}","{""flip-evaluator"":""1.7"",""lpips"":""0.1.4"",""torch"":""2.10.0+rocm7.0"",""torchmetrics"":""1.9.0""}",smoke_not_paper_comparable
smoke,smoke,kodim04,512,768,G-PEPS,0,ssim,0.042602162808179855,426496,16195,442691,2.6647209904877216,2.9357140180654824,3,4,9004fe2240b9e84c55ae641ba78c0ad5f83398a6,True,/home/aup/yy/workspace/peps/configs/paper/image_repro_smoke.toml,"{""batch_size"":512,""checkpoint_every"":1,""cosine"":true,""encoder_lr"":0.1,""log_every"":1,""loss"":""l2"",""model_lr"":0.001,""seed"":0,""steps"":1,""task"":""image"",""total_steps"":1}","{""flip-evaluator"":""1.7"",""lpips"":""0.1.4"",""torch"":""2.10.0+rocm7.0"",""torchmetrics"":""1.9.0""}",smoke_not_paper_comparable
smoke,smoke,kodim04,512,768,G-P-PEPS,0,flip,0.8500518202781677,426496,11459,437955,2.69353700722677,0.47665778908412904,0,4,9004fe2240b9e84c55ae641ba78c0ad5f83398a6,True,/home/aup/yy/workspace/peps/configs/paper/image_repro_smoke.toml,"{""batch_size"":512,""checkpoint_every"":1,""cosine"":true,""encoder_lr"":0.1,""log_every"":1,""loss"":""l2"",""model_lr"":0.001,""seed"":0,""steps"":1,""task"":""image"",""total_steps"":1}","{""flip-evaluator"":""1.7"",""lpips"":""0.1.4"",""torch"":""2.10.0+rocm7.0"",""torchmetrics"":""1.9.0""}",smoke_not_paper_comparable
smoke,smoke,kodim04,512,768,G-P-PEPS,0,lpips,1.0120539665222168,426496,11459,437955,2.69353700722677,0.47665778908412904,0,4,9004fe2240b9e84c55ae641ba78c0ad5f83398a6,True,/home/aup/yy/workspace/peps/configs/paper/image_repro_smoke.toml,"{""batch_size"":512,""checkpoint_every"":1,""cosine"":true,""encoder_lr"":0.1,""log_every"":1,""loss"":""l2"",""model_lr"":0.001,""seed"":0,""steps"":1,""task"":""image"",""total_steps"":1}","{""flip-evaluator"":""1.7"",""lpips"":""0.1.4"",""torch"":""2.10.0+rocm7.0"",""torchmetrics"":""1.9.0""}",smoke_not_paper_comparable
smoke,smoke,kodim04,512,768,G-P-PEPS,0,lsd,0.07277841055210037,426496,11459,437955,2.69353700722677,0.47665778908412904,0,4,9004fe2240b9e84c55ae641ba78c0ad5f83398a6,True,/home/aup/yy/workspace/peps/configs/paper/image_repro_smoke.toml,"{""batch_size"":512,""checkpoint_every"":1,""cosine"":true,""encoder_lr"":0.1,""log_every"":1,""loss"":""l2"",""model_lr"":0.001,""seed"":0,""steps"":1,""task"":""image"",""total_steps"":1}","{""flip-evaluator"":""1.7"",""lpips"":""0.1.4"",""torch"":""2.10.0+rocm7.0"",""torchmetrics"":""1.9.0""}",smoke_not_paper_comparable
smoke,smoke,kodim04,512,768,G-P-PEPS,0,psnr,7.659258800365592,426496,11459,437955,2.69353700722677,0.47665778908412904,0,4,9004fe2240b9e84c55ae641ba78c0ad5f83398a6,True,/home/aup/yy/workspace/peps/configs/paper/image_repro_smoke.toml,"{""batch_size"":512,""checkpoint_every"":1,""cosine"":true,""encoder_lr"":0.1,""log_every"":1,""loss"":""l2"",""model_lr"":0.001,""seed"":0,""steps"":1,""task"":""image"",""total_steps"":1}","{""flip-evaluator"":""1.7"",""lpips"":""0.1.4"",""torch"":""2.10.0+rocm7.0"",""torchmetrics"":""1.9.0""}",smoke_not_paper_comparable
smoke,smoke,kodim04,512,768,G-P-PEPS,0,ssim,0.04917597025632858,426496,11459,437955,2.69353700722677,0.47665778908412904,0,4,9004fe2240b9e84c55ae641ba78c0ad5f83398a6,True,/home/aup/yy/workspace/peps/configs/paper/image_repro_smoke.toml,"{""batch_size"":512,""checkpoint_every"":1,""cosine"":true,""encoder_lr"":0.1,""log_every"":1,""loss"":""l2"",""model_lr"":0.001,""seed"":0,""steps"":1,""task"":""image"",""total_steps"":1}","{""flip-evaluator"":""1.7"",""lpips"":""0.1.4"",""torch"":""2.10.0+rocm7.0"",""torchmetrics"":""1.9.0""}",smoke_not_paper_comparable
smoke,smoke,kodim04,512,768,NTC_PEPS,0,flip,0.8200679421424866,417792,39811,457603,2.577885197430961,3.1082458390155807,1,4,9004fe2240b9e84c55ae641ba78c0ad5f83398a6,True,/home/aup/yy/workspace/peps/configs/paper/image_repro_smoke.toml,"{""batch_size"":512,""checkpoint_every"":1,""cosine"":true,""encoder_lr"":0.1,""log_every"":1,""loss"":""l2"",""model_lr"":0.001,""seed"":0,""steps"":1,""task"":""image"",""total_steps"":1}","{""flip-evaluator"":""1.7"",""lpips"":""0.1.4"",""torch"":""2.10.0+rocm7.0"",""torchmetrics"":""1.9.0""}",smoke_not_paper_comparable
smoke,smoke,kodim04,512,768,NTC_PEPS,0,lpips,0.9258635640144348,417792,39811,457603,2.577885197430961,3.1082458390155807,1,4,9004fe2240b9e84c55ae641ba78c0ad5f83398a6,True,/home/aup/yy/workspace/peps/configs/paper/image_repro_smoke.toml,"{""batch_size"":512,""checkpoint_every"":1,""cosine"":true,""encoder_lr"":0.1,""log_every"":1,""loss"":""l2"",""model_lr"":0.001,""seed"":0,""steps"":1,""task"":""image"",""total_steps"":1}","{""flip-evaluator"":""1.7"",""lpips"":""0.1.4"",""torch"":""2.10.0+rocm7.0"",""torchmetrics"":""1.9.0""}",smoke_not_paper_comparable
smoke,smoke,kodim04,512,768,NTC_PEPS,0,lsd,0.07220165360764656,417792,39811,457603,2.577885197430961,3.1082458390155807,1,4,9004fe2240b9e84c55ae641ba78c0ad5f83398a6,True,/home/aup/yy/workspace/peps/configs/paper/image_repro_smoke.toml,"{""batch_size"":512,""checkpoint_every"":1,""cosine"":true,""encoder_lr"":0.1,""log_every"":1,""loss"":""l2"",""model_lr"":0.001,""seed"":0,""steps"":1,""task"":""image"",""total_steps"":1}","{""flip-evaluator"":""1.7"",""lpips"":""0.1.4"",""torch"":""2.10.0+rocm7.0"",""torchmetrics"":""1.9.0""}",smoke_not_paper_comparable
smoke,smoke,kodim04,512,768,NTC_PEPS,0,psnr,9.207146660052155,417792,39811,457603,2.577885197430961,3.1082458390155807,1,4,9004fe2240b9e84c55ae641ba78c0ad5f83398a6,True,/home/aup/yy/workspace/peps/configs/paper/image_repro_smoke.toml,"{""batch_size"":512,""checkpoint_every"":1,""cosine"":true,""encoder_lr"":0.1,""log_every"":1,""loss"":""l2"",""model_lr"":0.001,""seed"":0,""steps"":1,""task"":""image"",""total_steps"":1}","{""flip-evaluator"":""1.7"",""lpips"":""0.1.4"",""torch"":""2.10.0+rocm7.0"",""torchmetrics"":""1.9.0""}",smoke_not_paper_comparable
smoke,smoke,kodim04,512,768,NTC_PEPS,0,ssim,0.26454630494117737,417792,39811,457603,2.577885197430961,3.1082458390155807,1,4,9004fe2240b9e84c55ae641ba78c0ad5f83398a6,True,/home/aup/yy/workspace/peps/configs/paper/image_repro_smoke.toml,"{""batch_size"":512,""checkpoint_every"":1,""cosine"":true,""encoder_lr"":0.1,""log_every"":1,""loss"":""l2"",""model_lr"":0.001,""seed"":0,""steps"":1,""task"":""image"",""total_steps"":1}","{""flip-evaluator"":""1.7"",""lpips"":""0.1.4"",""torch"":""2.10.0+rocm7.0"",""torchmetrics"":""1.9.0""}",smoke_not_paper_comparable
smoke,smoke,kodim04,512,768,NTC_PinkPEPS,0,flip,0.848087728023529,417792,21251,439043,2.6868621069006906,1.5844205589964986,2,4,9004fe2240b9e84c55ae641ba78c0ad5f83398a6,True,/home/aup/yy/workspace/peps/configs/paper/image_repro_smoke.toml,"{""batch_size"":512,""checkpoint_every"":1,""cosine"":true,""encoder_lr"":0.1,""log_every"":1,""loss"":""l2"",""model_lr"":0.001,""seed"":0,""steps"":1,""task"":""image"",""total_steps"":1}","{""flip-evaluator"":""1.7"",""lpips"":""0.1.4"",""torch"":""2.10.0+rocm7.0"",""torchmetrics"":""1.9.0""}",smoke_not_paper_comparable
smoke,smoke,kodim04,512,768,NTC_PinkPEPS,0,lpips,1.0851263999938965,417792,21251,439043,2.6868621069006906,1.5844205589964986,2,4,9004fe2240b9e84c55ae641ba78c0ad5f83398a6,True,/home/aup/yy/workspace/peps/configs/paper/image_repro_smoke.toml,"{""batch_size"":512,""checkpoint_every"":1,""cosine"":true,""encoder_lr"":0.1,""log_every"":1,""loss"":""l2"",""model_lr"":0.001,""seed"":0,""steps"":1,""task"":""image"",""total_steps"":1}","{""flip-evaluator"":""1.7"",""lpips"":""0.1.4"",""torch"":""2.10.0+rocm7.0"",""torchmetrics"":""1.9.0""}",smoke_not_paper_comparable
smoke,smoke,kodim04,512,768,NTC_PinkPEPS,0,lsd,0.07235765854099628,417792,21251,439043,2.6868621069006906,1.5844205589964986,2,4,9004fe2240b9e84c55ae641ba78c0ad5f83398a6,True,/home/aup/yy/workspace/peps/configs/paper/image_repro_smoke.toml,"{""batch_size"":512,""checkpoint_every"":1,""cosine"":true,""encoder_lr"":0.1,""log_every"":1,""loss"":""l2"",""model_lr"":0.001,""seed"":0,""steps"":1,""task"":""image"",""total_steps"":1}","{""flip-evaluator"":""1.7"",""lpips"":""0.1.4"",""torch"":""2.10.0+rocm7.0"",""torchmetrics"":""1.9.0""}",smoke_not_paper_comparable
smoke,smoke,kodim04,512,768,NTC_PinkPEPS,0,psnr,7.235887139308646,417792,21251,439043,2.6868621069006906,1.5844205589964986,2,4,9004fe2240b9e84c55ae641ba78c0ad5f83398a6,True,/home/aup/yy/workspace/peps/configs/paper/image_repro_smoke.toml,"{""batch_size"":512,""checkpoint_every"":1,""cosine"":true,""encoder_lr"":0.1,""log_every"":1,""loss"":""l2"",""model_lr"":0.001,""seed"":0,""steps"":1,""task"":""image"",""total_steps"":1}","{""flip-evaluator"":""1.7"",""lpips"":""0.1.4"",""torch"":""2.10.0+rocm7.0"",""torchmetrics"":""1.9.0""}",smoke_not_paper_comparable
smoke,smoke,kodim04,512,768,NTC_PinkPEPS,0,ssim,0.04348008334636688,417792,21251,439043,2.6868621069006906,1.5844205589964986,2,4,9004fe2240b9e84c55ae641ba78c0ad5f83398a6,True,/home/aup/yy/workspace/peps/configs/paper/image_repro_smoke.toml,"{""batch_size"":512,""checkpoint_every"":1,""cosine"":true,""encoder_lr"":0.1,""log_every"":1,""loss"":""l2"",""model_lr"":0.001,""seed"":0,""steps"":1,""task"":""image"",""total_steps"":1}","{""flip-evaluator"":""1.7"",""lpips"":""0.1.4"",""torch"":""2.10.0+rocm7.0"",""torchmetrics"":""1.9.0""}",smoke_not_paper_comparable
smoke,smoke,kodim04,512,768,G-P-PEPS-25,0,flip,0.8531479835510254,326144,10691,336835,3.5021538735582705,3.2619353169575334,3,4,9004fe2240b9e84c55ae641ba78c0ad5f83398a6,True,/home/aup/yy/workspace/peps/configs/paper/image_repro_smoke.toml,"{""batch_size"":512,""checkpoint_every"":1,""cosine"":true,""encoder_lr"":0.1,""log_every"":1,""loss"":""l2"",""model_lr"":0.001,""seed"":0,""steps"":1,""task"":""image"",""total_steps"":1}","{""flip-evaluator"":""1.7"",""lpips"":""0.1.4"",""torch"":""2.10.0+rocm7.0"",""torchmetrics"":""1.9.0""}",smoke_not_paper_comparable
smoke,smoke,kodim04,512,768,G-P-PEPS-25,0,lpips,0.9663478136062622,326144,10691,336835,3.5021538735582705,3.2619353169575334,3,4,9004fe2240b9e84c55ae641ba78c0ad5f83398a6,True,/home/aup/yy/workspace/peps/configs/paper/image_repro_smoke.toml,"{""batch_size"":512,""checkpoint_every"":1,""cosine"":true,""encoder_lr"":0.1,""log_every"":1,""loss"":""l2"",""model_lr"":0.001,""seed"":0,""steps"":1,""task"":""image"",""total_steps"":1}","{""flip-evaluator"":""1.7"",""lpips"":""0.1.4"",""torch"":""2.10.0+rocm7.0"",""torchmetrics"":""1.9.0""}",smoke_not_paper_comparable
smoke,smoke,kodim04,512,768,G-P-PEPS-25,0,lsd,0.07292157437516557,326144,10691,336835,3.5021538735582705,3.2619353169575334,3,4,9004fe2240b9e84c55ae641ba78c0ad5f83398a6,True,/home/aup/yy/workspace/peps/configs/paper/image_repro_smoke.toml,"{""batch_size"":512,""checkpoint_every"":1,""cosine"":true,""encoder_lr"":0.1,""log_every"":1,""loss"":""l2"",""model_lr"":0.001,""seed"":0,""steps"":1,""task"":""image"",""total_steps"":1}","{""flip-evaluator"":""1.7"",""lpips"":""0.1.4"",""torch"":""2.10.0+rocm7.0"",""torchmetrics"":""1.9.0""}",smoke_not_paper_comparable
smoke,smoke,kodim04,512,768,G-P-PEPS-25,0,psnr,7.821960725173519,326144,10691,336835,3.5021538735582705,3.2619353169575334,3,4,9004fe2240b9e84c55ae641ba78c0ad5f83398a6,True,/home/aup/yy/workspace/peps/configs/paper/image_repro_smoke.toml,"{""batch_size"":512,""checkpoint_every"":1,""cosine"":true,""encoder_lr"":0.1,""log_every"":1,""loss"":""l2"",""model_lr"":0.001,""seed"":0,""steps"":1,""task"":""image"",""total_steps"":1}","{""flip-evaluator"":""1.7"",""lpips"":""0.1.4"",""torch"":""2.10.0+rocm7.0"",""torchmetrics"":""1.9.0""}",smoke_not_paper_comparable
smoke,smoke,kodim04,512,768,G-P-PEPS-25,0,ssim,0.059944357722997665,326144,10691,336835,3.5021538735582705,3.2619353169575334,3,4,9004fe2240b9e84c55ae641ba78c0ad5f83398a6,True,/home/aup/yy/workspace/peps/configs/paper/image_repro_smoke.toml,"{""batch_size"":512,""checkpoint_every"":1,""cosine"":true,""encoder_lr"":0.1,""log_every"":1,""loss"":""l2"",""model_lr"":0.001,""seed"":0,""steps"":1,""task"":""image"",""total_steps"":1}","{""flip-evaluator"":""1.7"",""lpips"":""0.1.4"",""torch"":""2.10.0+rocm7.0"",""torchmetrics"":""1.9.0""}",smoke_not_paper_comparable
smoke,smoke,kodim05,768,512,PE,0,flip,0.7378242015838623,0,194403,194403,6.068054505331708,3.0327525220345706,0,4,9004fe2240b9e84c55ae641ba78c0ad5f83398a6,True,/home/aup/yy/workspace/peps/configs/paper/image_repro_smoke.toml,"{""batch_size"":512,""checkpoint_every"":1,""cosine"":true,""encoder_lr"":0.1,""log_every"":1,""loss"":""l2"",""model_lr"":0.001,""seed"":0,""steps"":1,""task"":""image"",""total_steps"":1}","{""flip-evaluator"":""1.7"",""lpips"":""0.1.4"",""torch"":""2.10.0+rocm7.0"",""torchmetrics"":""1.9.0""}",smoke_not_paper_comparable
smoke,smoke,kodim05,768,512,PE,0,lpips,0.9759601950645447,0,194403,194403,6.068054505331708,3.0327525220345706,0,4,9004fe2240b9e84c55ae641ba78c0ad5f83398a6,True,/home/aup/yy/workspace/peps/configs/paper/image_repro_smoke.toml,"{""batch_size"":512,""checkpoint_every"":1,""cosine"":true,""encoder_lr"":0.1,""log_every"":1,""loss"":""l2"",""model_lr"":0.001,""seed"":0,""steps"":1,""task"":""image"",""total_steps"":1}","{""flip-evaluator"":""1.7"",""lpips"":""0.1.4"",""torch"":""2.10.0+rocm7.0"",""torchmetrics"":""1.9.0""}",smoke_not_paper_comparable
smoke,smoke,kodim05,768,512,PE,0,lsd,0.11852631324751796,0,194403,194403,6.068054505331708,3.0327525220345706,0,4,9004fe2240b9e84c55ae641ba78c0ad5f83398a6,True,/home/aup/yy/workspace/peps/configs/paper/image_repro_smoke.toml,"{""batch_size"":512,""checkpoint_every"":1,""cosine"":true,""encoder_lr"":0.1,""log_every"":1,""loss"":""l2"",""model_lr"":0.001,""seed"":0,""steps"":1,""task"":""image"",""total_steps"":1}","{""flip-evaluator"":""1.7"",""lpips"":""0.1.4"",""torch"":""2.10.0+rocm7.0"",""torchmetrics"":""1.9.0""}",smoke_not_paper_comparable
smoke,smoke,kodim05,768,512,PE,0,psnr,8.793947933951959,0,194403,194403,6.068054505331708,3.0327525220345706,0,4,9004fe2240b9e84c55ae641ba78c0ad5f83398a6,True,/home/aup/yy/workspace/peps/configs/paper/image_repro_smoke.toml,"{""batch_size"":512,""checkpoint_every"":1,""cosine"":true,""encoder_lr"":0.1,""log_every"":1,""loss"":""l2"",""model_lr"":0.001,""seed"":0,""steps"":1,""task"":""image"",""total_steps"":1}","{""flip-evaluator"":""1.7"",""lpips"":""0.1.4"",""torch"":""2.10.0+rocm7.0"",""torchmetrics"":""1.9.0""}",smoke_not_paper_comparable
smoke,smoke,kodim05,768,512,PE,0,ssim,0.0008663918124511838,0,194403,194403,6.068054505331708,3.0327525220345706,0,4,9004fe2240b9e84c55ae641ba78c0ad5f83398a6,True,/home/aup/yy/workspace/peps/configs/paper/image_repro_smoke.toml,"{""batch_size"":512,""checkpoint_every"":1,""cosine"":true,""encoder_lr"":0.1,""log_every"":1,""loss"":""l2"",""model_lr"":0.001,""seed"":0,""steps"":1,""task"":""image"",""total_steps"":1}","{""flip-evaluator"":""1.7"",""lpips"":""0.1.4"",""torch"":""2.10.0+rocm7.0"",""torchmetrics"":""1.9.0""}",smoke_not_paper_comparable
smoke,smoke,kodim05,768,512,LPE,0,flip,0.7546131014823914,401408,9603,411011,2.870112965346426,2.4029252380132675,1,4,9004fe2240b9e84c55ae641ba78c0ad5f83398a6,True,/home/aup/yy/workspace/peps/configs/paper/image_repro_smoke.toml,"{""batch_size"":512,""checkpoint_every"":1,""cosine"":true,""encoder_lr"":0.1,""log_every"":1,""loss"":""l2"",""model_lr"":0.001,""seed"":0,""steps"":1,""task"":""image"",""total_steps"":1}","{""flip-evaluator"":""1.7"",""lpips"":""0.1.4"",""torch"":""2.10.0+rocm7.0"",""torchmetrics"":""1.9.0""}",smoke_not_paper_comparable
smoke,smoke,kodim05,768,512,LPE,0,lpips,0.9555568099021912,401408,9603,411011,2.870112965346426,2.4029252380132675,1,4,9004fe2240b9e84c55ae641ba78c0ad5f83398a6,True,/home/aup/yy/workspace/peps/configs/paper/image_repro_smoke.toml,"{""batch_size"":512,""checkpoint_every"":1,""cosine"":true,""encoder_lr"":0.1,""log_every"":1,""loss"":""l2"",""model_lr"":0.001,""seed"":0,""steps"":1,""task"":""image"",""total_steps"":1}","{""flip-evaluator"":""1.7"",""lpips"":""0.1.4"",""torch"":""2.10.0+rocm7.0"",""torchmetrics"":""1.9.0""}",smoke_not_paper_comparable
smoke,smoke,kodim05,768,512,LPE,0,lsd,0.1195494025818752,401408,9603,411011,2.870112965346426,2.4029252380132675,1,4,9004fe2240b9e84c55ae641ba78c0ad5f83398a6,True,/home/aup/yy/workspace/peps/configs/paper/image_repro_smoke.toml,"{""batch_size"":512,""checkpoint_every"":1,""cosine"":true,""encoder_lr"":0.1,""log_every"":1,""loss"":""l2"",""model_lr"":0.001,""seed"":0,""steps"":1,""task"":""image"",""total_steps"":1}","{""flip-evaluator"":""1.7"",""lpips"":""0.1.4"",""torch"":""2.10.0+rocm7.0"",""torchmetrics"":""1.9.0""}",smoke_not_paper_comparable
smoke,smoke,kodim05,768,512,LPE,0,psnr,7.660123765577316,401408,9603,411011,2.870112965346426,2.4029252380132675,1,4,9004fe2240b9e84c55ae641ba78c0ad5f83398a6,True,/home/aup/yy/workspace/peps/configs/paper/image_repro_smoke.toml,"{""batch_size"":512,""checkpoint_every"":1,""cosine"":true,""encoder_lr"":0.1,""log_every"":1,""loss"":""l2"",""model_lr"":0.001,""seed"":0,""steps"":1,""task"":""image"",""total_steps"":1}","{""flip-evaluator"":""1.7"",""lpips"":""0.1.4"",""torch"":""2.10.0+rocm7.0"",""torchmetrics"":""1.9.0""}",smoke_not_paper_comparable
smoke,smoke,kodim05,768,512,LPE,0,ssim,-0.12235730141401291,401408,9603,411011,2.870112965346426,2.4029252380132675,1,4,9004fe2240b9e84c55ae641ba78c0ad5f83398a6,True,/home/aup/yy/workspace/peps/configs/paper/image_repro_smoke.toml,"{""batch_size"":512,""checkpoint_every"":1,""cosine"":true,""encoder_lr"":0.1,""log_every"":1,""loss"":""l2"",""model_lr"":0.001,""seed"":0,""steps"":1,""task"":""image"",""total_steps"":1}","{""flip-evaluator"":""1.7"",""lpips"":""0.1.4"",""torch"":""2.10.0+rocm7.0"",""torchmetrics"":""1.9.0""}",smoke_not_paper_comparable
smoke,smoke,kodim05,768,512,NTC_N,0,flip,0.7065113186836243,417792,13699,431491,2.733887844705915,1.9439251240110025,2,4,9004fe2240b9e84c55ae641ba78c0ad5f83398a6,True,/home/aup/yy/workspace/peps/configs/paper/image_repro_smoke.toml,"{""batch_size"":512,""checkpoint_every"":1,""cosine"":true,""encoder_lr"":0.1,""log_every"":1,""loss"":""l2"",""model_lr"":0.001,""seed"":0,""steps"":1,""task"":""image"",""total_steps"":1}","{""flip-evaluator"":""1.7"",""lpips"":""0.1.4"",""torch"":""2.10.0+rocm7.0"",""torchmetrics"":""1.9.0""}",smoke_not_paper_comparable
smoke,smoke,kodim05,768,512,NTC_N,0,lpips,0.95637047290802,417792,13699,431491,2.733887844705915,1.9439251240110025,2,4,9004fe2240b9e84c55ae641ba78c0ad5f83398a6,True,/home/aup/yy/workspace/peps/configs/paper/image_repro_smoke.toml,"{""batch_size"":512,""checkpoint_every"":1,""cosine"":true,""encoder_lr"":0.1,""log_every"":1,""loss"":""l2"",""model_lr"":0.001,""seed"":0,""steps"":1,""task"":""image"",""total_steps"":1}","{""flip-evaluator"":""1.7"",""lpips"":""0.1.4"",""torch"":""2.10.0+rocm7.0"",""torchmetrics"":""1.9.0""}",smoke_not_paper_comparable
smoke,smoke,kodim05,768,512,NTC_N,0,lsd,0.1190833223695363,417792,13699,431491,2.733887844705915,1.9439251240110025,2,4,9004fe2240b9e84c55ae641ba78c0ad5f83398a6,True,/home/aup/yy/workspace/peps/configs/paper/image_repro_smoke.toml,"{""batch_size"":512,""checkpoint_every"":1,""cosine"":true,""encoder_lr"":0.1,""log_every"":1,""loss"":""l2"",""model_lr"":0.001,""seed"":0,""steps"":1,""task"":""image"",""total_steps"":1}","{""flip-evaluator"":""1.7"",""lpips"":""0.1.4"",""torch"":""2.10.0+rocm7.0"",""torchmetrics"":""1.9.0""}",smoke_not_paper_comparable
smoke,smoke,kodim05,768,512,NTC_N,0,psnr,9.559228431225968,417792,13699,431491,2.733887844705915,1.9439251240110025,2,4,9004fe2240b9e84c55ae641ba78c0ad5f83398a6,True,/home/aup/yy/workspace/peps/configs/paper/image_repro_smoke.toml,"{""batch_size"":512,""checkpoint_every"":1,""cosine"":true,""encoder_lr"":0.1,""log_every"":1,""loss"":""l2"",""model_lr"":0.001,""seed"":0,""steps"":1,""task"":""image"",""total_steps"":1}","{""flip-evaluator"":""1.7"",""lpips"":""0.1.4"",""torch"":""2.10.0+rocm7.0"",""torchmetrics"":""1.9.0""}",smoke_not_paper_comparable
smoke,smoke,kodim05,768,512,NTC_N,0,ssim,0.10131639987230301,417792,13699,431491,2.733887844705915,1.9439251240110025,2,4,9004fe2240b9e84c55ae641ba78c0ad5f83398a6,True,/home/aup/yy/workspace/peps/configs/paper/image_repro_smoke.toml,"{""batch_size"":512,""checkpoint_every"":1,""cosine"":true,""encoder_lr"":0.1,""log_every"":1,""loss"":""l2"",""model_lr"":0.001,""seed"":0,""steps"":1,""task"":""image"",""total_steps"":1}","{""flip-evaluator"":""1.7"",""lpips"":""0.1.4"",""torch"":""2.10.0+rocm7.0"",""torchmetrics"":""1.9.0""}",smoke_not_paper_comparable
smoke,smoke,kodim05,768,512,Grid,0,flip,0.752985954284668,426496,9667,436163,2.704603554175847,2.1836142310639843,3,4,9004fe2240b9e84c55ae641ba78c0ad5f83398a6,True,/home/aup/yy/workspace/peps/configs/paper/image_repro_smoke.toml,"{""batch_size"":512,""checkpoint_every"":1,""cosine"":true,""encoder_lr"":0.1,""log_every"":1,""loss"":""l2"",""model_lr"":0.001,""seed"":0,""steps"":1,""task"":""image"",""total_steps"":1}","{""flip-evaluator"":""1.7"",""lpips"":""0.1.4"",""torch"":""2.10.0+rocm7.0"",""torchmetrics"":""1.9.0""}",smoke_not_paper_comparable
smoke,smoke,kodim05,768,512,Grid,0,lpips,1.0000181198120117,426496,9667,436163,2.704603554175847,2.1836142310639843,3,4,9004fe2240b9e84c55ae641ba78c0ad5f83398a6,True,/home/aup/yy/workspace/peps/configs/paper/image_repro_smoke.toml,"{""batch_size"":512,""checkpoint_every"":1,""cosine"":true,""encoder_lr"":0.1,""log_every"":1,""loss"":""l2"",""model_lr"":0.001,""seed"":0,""steps"":1,""task"":""image"",""total_steps"":1}","{""flip-evaluator"":""1.7"",""lpips"":""0.1.4"",""torch"":""2.10.0+rocm7.0"",""torchmetrics"":""1.9.0""}",smoke_not_paper_comparable
smoke,smoke,kodim05,768,512,Grid,0,lsd,0.11925006579591474,426496,9667,436163,2.704603554175847,2.1836142310639843,3,4,9004fe2240b9e84c55ae641ba78c0ad5f83398a6,True,/home/aup/yy/workspace/peps/configs/paper/image_repro_smoke.toml,"{""batch_size"":512,""checkpoint_every"":1,""cosine"":true,""encoder_lr"":0.1,""log_every"":1,""loss"":""l2"",""model_lr"":0.001,""seed"":0,""steps"":1,""task"":""image"",""total_steps"":1}","{""flip-evaluator"":""1.7"",""lpips"":""0.1.4"",""torch"":""2.10.0+rocm7.0"",""torchmetrics"":""1.9.0""}",smoke_not_paper_comparable
smoke,smoke,kodim05,768,512,Grid,0,psnr,7.750816934408248,426496,9667,436163,2.704603554175847,2.1836142310639843,3,4,9004fe2240b9e84c55ae641ba78c0ad5f83398a6,True,/home/aup/yy/workspace/peps/configs/paper/image_repro_smoke.toml,"{""batch_size"":512,""checkpoint_every"":1,""cosine"":true,""encoder_lr"":0.1,""log_every"":1,""loss"":""l2"",""model_lr"":0.001,""seed"":0,""steps"":1,""task"":""image"",""total_steps"":1}","{""flip-evaluator"":""1.7"",""lpips"":""0.1.4"",""torch"":""2.10.0+rocm7.0"",""torchmetrics"":""1.9.0""}",smoke_not_paper_comparable
smoke,smoke,kodim05,768,512,Grid,0,ssim,-0.06263305991888046,426496,9667,436163,2.704603554175847,2.1836142310639843,3,4,9004fe2240b9e84c55ae641ba78c0ad5f83398a6,True,/home/aup/yy/workspace/peps/configs/paper/image_repro_smoke.toml,"{""batch_size"":512,""checkpoint_every"":1,""cosine"":true,""encoder_lr"":0.1,""log_every"":1,""loss"":""l2"",""model_lr"":0.001,""seed"":0,""steps"":1,""task"":""image"",""total_steps"":1}","{""flip-evaluator"":""1.7"",""lpips"":""0.1.4"",""torch"":""2.10.0+rocm7.0"",""torchmetrics"":""1.9.0""}",smoke_not_paper_comparable
smoke,smoke,kodim05,768,512,G-PEPS,0,flip,0.6722226738929749,426496,16195,442691,2.6647209904877216,3.0817290319828317,0,4,9004fe2240b9e84c55ae641ba78c0ad5f83398a6,True,/home/aup/yy/workspace/peps/configs/paper/image_repro_smoke.toml,"{""batch_size"":512,""checkpoint_every"":1,""cosine"":true,""encoder_lr"":0.1,""log_every"":1,""loss"":""l2"",""model_lr"":0.001,""seed"":0,""steps"":1,""task"":""image"",""total_steps"":1}","{""flip-evaluator"":""1.7"",""lpips"":""0.1.4"",""torch"":""2.10.0+rocm7.0"",""torchmetrics"":""1.9.0""}",smoke_not_paper_comparable
smoke,smoke,kodim05,768,512,G-PEPS,0,lpips,1.0431205034255981,426496,16195,442691,2.6647209904877216,3.0817290319828317,0,4,9004fe2240b9e84c55ae641ba78c0ad5f83398a6,True,/home/aup/yy/workspace/peps/configs/paper/image_repro_smoke.toml,"{""batch_size"":512,""checkpoint_every"":1,""cosine"":true,""encoder_lr"":0.1,""log_every"":1,""loss"":""l2"",""model_lr"":0.001,""seed"":0,""steps"":1,""task"":""image"",""total_steps"":1}","{""flip-evaluator"":""1.7"",""lpips"":""0.1.4"",""torch"":""2.10.0+rocm7.0"",""torchmetrics"":""1.9.0""}",smoke_not_paper_comparable
smoke,smoke,kodim05,768,512,G-PEPS,0,lsd,0.1191235645647833,426496,16195,442691,2.6647209904877216,3.0817290319828317,0,4,9004fe2240b9e84c55ae641ba78c0ad5f83398a6,True,/home/aup/yy/workspace/peps/configs/paper/image_repro_smoke.toml,"{""batch_size"":512,""checkpoint_every"":1,""cosine"":true,""encoder_lr"":0.1,""log_every"":1,""loss"":""l2"",""model_lr"":0.001,""seed"":0,""steps"":1,""task"":""image"",""total_steps"":1}","{""flip-evaluator"":""1.7"",""lpips"":""0.1.4"",""torch"":""2.10.0+rocm7.0"",""torchmetrics"":""1.9.0""}",smoke_not_paper_comparable
smoke,smoke,kodim05,768,512,G-PEPS,0,psnr,8.721700718065012,426496,16195,442691,2.6647209904877216,3.0817290319828317,0,4,9004fe2240b9e84c55ae641ba78c0ad5f83398a6,True,/home/aup/yy/workspace/peps/configs/paper/image_repro_smoke.toml,"{""batch_size"":512,""checkpoint_every"":1,""cosine"":true,""encoder_lr"":0.1,""log_every"":1,""loss"":""l2"",""model_lr"":0.001,""seed"":0,""steps"":1,""task"":""image"",""total_steps"":1}","{""flip-evaluator"":""1.7"",""lpips"":""0.1.4"",""torch"":""2.10.0+rocm7.0"",""torchmetrics"":""1.9.0""}",smoke_not_paper_comparable
smoke,smoke,kodim05,768,512,G-PEPS,0,ssim,0.0005660102469846606,426496,16195,442691,2.6647209904877216,3.0817290319828317,0,4,9004fe2240b9e84c55ae641ba78c0ad5f83398a6,True,/home/aup/yy/workspace/peps/configs/paper/image_repro_smoke.toml,"{""batch_size"":512,""checkpoint_every"":1,""cosine"":true,""encoder_lr"":0.1,""log_every"":1,""loss"":""l2"",""model_lr"":0.001,""seed"":0,""steps"":1,""task"":""image"",""total_steps"":1}","{""flip-evaluator"":""1.7"",""lpips"":""0.1.4"",""torch"":""2.10.0+rocm7.0"",""torchmetrics"":""1.9.0""}",smoke_not_paper_comparable
smoke,smoke,kodim05,768,512,G-P-PEPS,0,flip,0.7370489239692688,426496,11459,437955,2.69353700722677,2.772584123071283,1,4,9004fe2240b9e84c55ae641ba78c0ad5f83398a6,True,/home/aup/yy/workspace/peps/configs/paper/image_repro_smoke.toml,"{""batch_size"":512,""checkpoint_every"":1,""cosine"":true,""encoder_lr"":0.1,""log_every"":1,""loss"":""l2"",""model_lr"":0.001,""seed"":0,""steps"":1,""task"":""image"",""total_steps"":1}","{""flip-evaluator"":""1.7"",""lpips"":""0.1.4"",""torch"":""2.10.0+rocm7.0"",""torchmetrics"":""1.9.0""}",smoke_not_paper_comparable
smoke,smoke,kodim05,768,512,G-P-PEPS,0,lpips,0.9622852206230164,426496,11459,437955,2.69353700722677,2.772584123071283,1,4,9004fe2240b9e84c55ae641ba78c0ad5f83398a6,True,/home/aup/yy/workspace/peps/configs/paper/image_repro_smoke.toml,"{""batch_size"":512,""checkpoint_every"":1,""cosine"":true,""encoder_lr"":0.1,""log_every"":1,""loss"":""l2"",""model_lr"":0.001,""seed"":0,""steps"":1,""task"":""image"",""total_steps"":1}","{""flip-evaluator"":""1.7"",""lpips"":""0.1.4"",""torch"":""2.10.0+rocm7.0"",""torchmetrics"":""1.9.0""}",smoke_not_paper_comparable
smoke,smoke,kodim05,768,512,G-P-PEPS,0,lsd,0.11920357226605181,426496,11459,437955,2.69353700722677,2.772584123071283,1,4,9004fe2240b9e84c55ae641ba78c0ad5f83398a6,True,/home/aup/yy/workspace/peps/configs/paper/image_repro_smoke.toml,"{""batch_size"":512,""checkpoint_every"":1,""cosine"":true,""encoder_lr"":0.1,""log_every"":1,""loss"":""l2"",""model_lr"":0.001,""seed"":0,""steps"":1,""task"":""image"",""total_steps"":1}","{""flip-evaluator"":""1.7"",""lpips"":""0.1.4"",""torch"":""2.10.0+rocm7.0"",""torchmetrics"":""1.9.0""}",smoke_not_paper_comparable
smoke,smoke,kodim05,768,512,G-P-PEPS,0,psnr,8.97620184969007,426496,11459,437955,2.69353700722677,2.772584123071283,1,4,9004fe2240b9e84c55ae641ba78c0ad5f83398a6,True,/home/aup/yy/workspace/peps/configs/paper/image_repro_smoke.toml,"{""batch_size"":512,""checkpoint_every"":1,""cosine"":true,""encoder_lr"":0.1,""log_every"":1,""loss"":""l2"",""model_lr"":0.001,""seed"":0,""steps"":1,""task"":""image"",""total_steps"":1}","{""flip-evaluator"":""1.7"",""lpips"":""0.1.4"",""torch"":""2.10.0+rocm7.0"",""torchmetrics"":""1.9.0""}",smoke_not_paper_comparable
smoke,smoke,kodim05,768,512,G-P-PEPS,0,ssim,0.03454403579235077,426496,11459,437955,2.69353700722677,2.772584123071283,1,4,9004fe2240b9e84c55ae641ba78c0ad5f83398a6,True,/home/aup/yy/workspace/peps/configs/paper/image_repro_smoke.toml,"{""batch_size"":512,""checkpoint_every"":1,""cosine"":true,""encoder_lr"":0.1,""log_every"":1,""loss"":""l2"",""model_lr"":0.001,""seed"":0,""steps"":1,""task"":""image"",""total_steps"":1}","{""flip-evaluator"":""1.7"",""lpips"":""0.1.4"",""torch"":""2.10.0+rocm7.0"",""torchmetrics"":""1.9.0""}",smoke_not_paper_comparable
smoke,smoke,kodim05,768,512,NTC_PEPS,0,flip,0.7024965882301331,417792,39811,457603,2.577885197430961,2.9862383970757946,2,4,9004fe2240b9e84c55ae641ba78c0ad5f83398a6,True,/home/aup/yy/workspace/peps/configs/paper/image_repro_smoke.toml,"{""batch_size"":512,""checkpoint_every"":1,""cosine"":true,""encoder_lr"":0.1,""log_every"":1,""loss"":""l2"",""model_lr"":0.001,""seed"":0,""steps"":1,""task"":""image"",""total_steps"":1}","{""flip-evaluator"":""1.7"",""lpips"":""0.1.4"",""torch"":""2.10.0+rocm7.0"",""torchmetrics"":""1.9.0""}",smoke_not_paper_comparable
smoke,smoke,kodim05,768,512,NTC_PEPS,0,lpips,0.9835079908370972,417792,39811,457603,2.577885197430961,2.9862383970757946,2,4,9004fe2240b9e84c55ae641ba78c0ad5f83398a6,True,/home/aup/yy/workspace/peps/configs/paper/image_repro_smoke.toml,"{""batch_size"":512,""checkpoint_every"":1,""cosine"":true,""encoder_lr"":0.1,""log_every"":1,""loss"":""l2"",""model_lr"":0.001,""seed"":0,""steps"":1,""task"":""image"",""total_steps"":1}","{""flip-evaluator"":""1.7"",""lpips"":""0.1.4"",""torch"":""2.10.0+rocm7.0"",""torchmetrics"":""1.9.0""}",smoke_not_paper_comparable
smoke,smoke,kodim05,768,512,NTC_PEPS,0,lsd,0.1186139400870811,417792,39811,457603,2.577885197430961,2.9862383970757946,2,4,9004fe2240b9e84c55ae641ba78c0ad5f83398a6,True,/home/aup/yy/workspace/peps/configs/paper/image_repro_smoke.toml,"{""batch_size"":512,""checkpoint_every"":1,""cosine"":true,""encoder_lr"":0.1,""log_every"":1,""loss"":""l2"",""model_lr"":0.001,""seed"":0,""steps"":1,""task"":""image"",""total_steps"":1}","{""flip-evaluator"":""1.7"",""lpips"":""0.1.4"",""torch"":""2.10.0+rocm7.0"",""torchmetrics"":""1.9.0""}",smoke_not_paper_comparable
smoke,smoke,kodim05,768,512,NTC_PEPS,0,psnr,10.451657710182547,417792,39811,457603,2.577885197430961,2.9862383970757946,2,4,9004fe2240b9e84c55ae641ba78c0ad5f83398a6,True,/home/aup/yy/workspace/peps/configs/paper/image_repro_smoke.toml,"{""batch_size"":512,""checkpoint_every"":1,""cosine"":true,""encoder_lr"":0.1,""log_every"":1,""loss"":""l2"",""model_lr"":0.001,""seed"":0,""steps"":1,""task"":""image"",""total_steps"":1}","{""flip-evaluator"":""1.7"",""lpips"":""0.1.4"",""torch"":""2.10.0+rocm7.0"",""torchmetrics"":""1.9.0""}",smoke_not_paper_comparable
smoke,smoke,kodim05,768,512,NTC_PEPS,0,ssim,0.16733507812023163,417792,39811,457603,2.577885197430961,2.9862383970757946,2,4,9004fe2240b9e84c55ae641ba78c0ad5f83398a6,True,/home/aup/yy/workspace/peps/configs/paper/image_repro_smoke.toml,"{""batch_size"":512,""checkpoint_every"":1,""cosine"":true,""encoder_lr"":0.1,""log_every"":1,""loss"":""l2"",""model_lr"":0.001,""seed"":0,""steps"":1,""task"":""image"",""total_steps"":1}","{""flip-evaluator"":""1.7"",""lpips"":""0.1.4"",""torch"":""2.10.0+rocm7.0"",""torchmetrics"":""1.9.0""}",smoke_not_paper_comparable
smoke,smoke,kodim05,768,512,NTC_PinkPEPS,0,flip,0.7339069843292236,417792,21251,439043,2.6868621069006906,2.7943667420186102,3,4,9004fe2240b9e84c55ae641ba78c0ad5f83398a6,True,/home/aup/yy/workspace/peps/configs/paper/image_repro_smoke.toml,"{""batch_size"":512,""checkpoint_every"":1,""cosine"":true,""encoder_lr"":0.1,""log_every"":1,""loss"":""l2"",""model_lr"":0.001,""seed"":0,""steps"":1,""task"":""image"",""total_steps"":1}","{""flip-evaluator"":""1.7"",""lpips"":""0.1.4"",""torch"":""2.10.0+rocm7.0"",""torchmetrics"":""1.9.0""}",smoke_not_paper_comparable
smoke,smoke,kodim05,768,512,NTC_PinkPEPS,0,lpips,1.0301986932754517,417792,21251,439043,2.6868621069006906,2.7943667420186102,3,4,9004fe2240b9e84c55ae641ba78c0ad5f83398a6,True,/home/aup/yy/workspace/peps/configs/paper/image_repro_smoke.toml,"{""batch_size"":512,""checkpoint_every"":1,""cosine"":true,""encoder_lr"":0.1,""log_every"":1,""loss"":""l2"",""model_lr"":0.001,""seed"":0,""steps"":1,""task"":""image"",""total_steps"":1}","{""flip-evaluator"":""1.7"",""lpips"":""0.1.4"",""torch"":""2.10.0+rocm7.0"",""torchmetrics"":""1.9.0""}",smoke_not_paper_comparable
smoke,smoke,kodim05,768,512,NTC_PinkPEPS,0,lsd,0.11880351539323453,417792,21251,439043,2.6868621069006906,2.7943667420186102,3,4,9004fe2240b9e84c55ae641ba78c0ad5f83398a6,True,/home/aup/yy/workspace/peps/configs/paper/image_repro_smoke.toml,"{""batch_size"":512,""checkpoint_every"":1,""cosine"":true,""encoder_lr"":0.1,""log_every"":1,""loss"":""l2"",""model_lr"":0.001,""seed"":0,""steps"":1,""task"":""image"",""total_steps"":1}","{""flip-evaluator"":""1.7"",""lpips"":""0.1.4"",""torch"":""2.10.0+rocm7.0"",""torchmetrics"":""1.9.0""}",smoke_not_paper_comparable
smoke,smoke,kodim05,768,512,NTC_PinkPEPS,0,psnr,8.61020501926095,417792,21251,439043,2.6868621069006906,2.7943667420186102,3,4,9004fe2240b9e84c55ae641ba78c0ad5f83398a6,True,/home/aup/yy/workspace/peps/configs/paper/image_repro_smoke.toml,"{""batch_size"":512,""checkpoint_every"":1,""cosine"":true,""encoder_lr"":0.1,""log_every"":1,""loss"":""l2"",""model_lr"":0.001,""seed"":0,""steps"":1,""task"":""image"",""total_steps"":1}","{""flip-evaluator"":""1.7"",""lpips"":""0.1.4"",""torch"":""2.10.0+rocm7.0"",""torchmetrics"":""1.9.0""}",smoke_not_paper_comparable
smoke,smoke,kodim05,768,512,NTC_PinkPEPS,0,ssim,0.019796496257185936,417792,21251,439043,2.6868621069006906,2.7943667420186102,3,4,9004fe2240b9e84c55ae641ba78c0ad5f83398a6,True,/home/aup/yy/workspace/peps/configs/paper/image_repro_smoke.toml,"{""batch_size"":512,""checkpoint_every"":1,""cosine"":true,""encoder_lr"":0.1,""log_every"":1,""loss"":""l2"",""model_lr"":0.001,""seed"":0,""steps"":1,""task"":""image"",""total_steps"":1}","{""flip-evaluator"":""1.7"",""lpips"":""0.1.4"",""torch"":""2.10.0+rocm7.0"",""torchmetrics"":""1.9.0""}",smoke_not_paper_comparable
smoke,smoke,kodim05,768,512,G-P-PEPS-25,0,flip,0.74104243516922,326144,10691,336835,3.5021538735582705,2.509714129031636,0,4,9004fe2240b9e84c55ae641ba78c0ad5f83398a6,True,/home/aup/yy/workspace/peps/configs/paper/image_repro_smoke.toml,"{""batch_size"":512,""checkpoint_every"":1,""cosine"":true,""encoder_lr"":0.1,""log_every"":1,""loss"":""l2"",""model_lr"":0.001,""seed"":0,""steps"":1,""task"":""image"",""total_steps"":1}","{""flip-evaluator"":""1.7"",""lpips"":""0.1.4"",""torch"":""2.10.0+rocm7.0"",""torchmetrics"":""1.9.0""}",smoke_not_paper_comparable
smoke,smoke,kodim05,768,512,G-P-PEPS-25,0,lpips,0.960968554019928,326144,10691,336835,3.5021538735582705,2.509714129031636,0,4,9004fe2240b9e84c55ae641ba78c0ad5f83398a6,True,/home/aup/yy/workspace/peps/configs/paper/image_repro_smoke.toml,"{""batch_size"":512,""checkpoint_every"":1,""cosine"":true,""encoder_lr"":0.1,""log_every"":1,""loss"":""l2"",""model_lr"":0.001,""seed"":0,""steps"":1,""task"":""image"",""total_steps"":1}","{""flip-evaluator"":""1.7"",""lpips"":""0.1.4"",""torch"":""2.10.0+rocm7.0"",""torchmetrics"":""1.9.0""}",smoke_not_paper_comparable
smoke,smoke,kodim05,768,512,G-P-PEPS-25,0,lsd,0.11932627383356358,326144,10691,336835,3.5021538735582705,2.509714129031636,0,4,9004fe2240b9e84c55ae641ba78c0ad5f83398a6,True,/home/aup/yy/workspace/peps/configs/paper/image_repro_smoke.toml,"{""batch_size"":512,""checkpoint_every"":1,""cosine"":true,""encoder_lr"":0.1,""log_every"":1,""loss"":""l2"",""model_lr"":0.001,""seed"":0,""steps"":1,""task"":""image"",""total_steps"":1}","{""flip-evaluator"":""1.7"",""lpips"":""0.1.4"",""torch"":""2.10.0+rocm7.0"",""torchmetrics"":""1.9.0""}",smoke_not_paper_comparable
smoke,smoke,kodim05,768,512,G-P-PEPS-25,0,psnr,9.105667888754597,326144,10691,336835,3.5021538735582705,2.509714129031636,0,4,9004fe2240b9e84c55ae641ba78c0ad5f83398a6,True,/home/aup/yy/workspace/peps/configs/paper/image_repro_smoke.toml,"{""batch_size"":512,""checkpoint_every"":1,""cosine"":true,""encoder_lr"":0.1,""log_every"":1,""loss"":""l2"",""model_lr"":0.001,""seed"":0,""steps"":1,""task"":""image"",""total_steps"":1}","{""flip-evaluator"":""1.7"",""lpips"":""0.1.4"",""torch"":""2.10.0+rocm7.0"",""torchmetrics"":""1.9.0""}",smoke_not_paper_comparable
smoke,smoke,kodim05,768,512,G-P-PEPS-25,0,ssim,0.04900314286351204,326144,10691,336835,3.5021538735582705,2.509714129031636,0,4,9004fe2240b9e84c55ae641ba78c0ad5f83398a6,True,/home/aup/yy/workspace/peps/configs/paper/image_repro_smoke.toml,"{""batch_size"":512,""checkpoint_every"":1,""cosine"":true,""encoder_lr"":0.1,""log_every"":1,""loss"":""l2"",""model_lr"":0.001,""seed"":0,""steps"":1,""task"":""image"",""total_steps"":1}","{""flip-evaluator"":""1.7"",""lpips"":""0.1.4"",""torch"":""2.10.0+rocm7.0"",""torchmetrics"":""1.9.0""}",smoke_not_paper_comparable
smoke,smoke,kodim06,768,512,PE,0,flip,0.8965771794319153,0,194403,194403,6.068054505331708,3.905521621927619,1,4,9004fe2240b9e84c55ae641ba78c0ad5f83398a6,True,/home/aup/yy/workspace/peps/configs/paper/image_repro_smoke.toml,"{""batch_size"":512,""checkpoint_every"":1,""cosine"":true,""encoder_lr"":0.1,""log_every"":1,""loss"":""l2"",""model_lr"":0.001,""seed"":0,""steps"":1,""task"":""image"",""total_steps"":1}","{""flip-evaluator"":""1.7"",""lpips"":""0.1.4"",""torch"":""2.10.0+rocm7.0"",""torchmetrics"":""1.9.0""}",smoke_not_paper_comparable
smoke,smoke,kodim06,768,512,PE,0,lpips,0.9414013028144836,0,194403,194403,6.068054505331708,3.905521621927619,1,4,9004fe2240b9e84c55ae641ba78c0ad5f83398a6,True,/home/aup/yy/workspace/peps/configs/paper/image_repro_smoke.toml,"{""batch_size"":512,""checkpoint_every"":1,""cosine"":true,""encoder_lr"":0.1,""log_every"":1,""loss"":""l2"",""model_lr"":0.001,""seed"":0,""steps"":1,""task"":""image"",""total_steps"":1}","{""flip-evaluator"":""1.7"",""lpips"":""0.1.4"",""torch"":""2.10.0+rocm7.0"",""torchmetrics"":""1.9.0""}",smoke_not_paper_comparable
smoke,smoke,kodim06,768,512,PE,0,lsd,0.0846445650188467,0,194403,194403,6.068054505331708,3.905521621927619,1,4,9004fe2240b9e84c55ae641ba78c0ad5f83398a6,True,/home/aup/yy/workspace/peps/configs/paper/image_repro_smoke.toml,"{""batch_size"":512,""checkpoint_every"":1,""cosine"":true,""encoder_lr"":0.1,""log_every"":1,""loss"":""l2"",""model_lr"":0.001,""seed"":0,""steps"":1,""task"":""image"",""total_steps"":1}","{""flip-evaluator"":""1.7"",""lpips"":""0.1.4"",""torch"":""2.10.0+rocm7.0"",""torchmetrics"":""1.9.0""}",smoke_not_paper_comparable
smoke,smoke,kodim06,768,512,PE,0,psnr,5.272573787165527,0,194403,194403,6.068054505331708,3.905521621927619,1,4,9004fe2240b9e84c55ae641ba78c0ad5f83398a6,True,/home/aup/yy/workspace/peps/configs/paper/image_repro_smoke.toml,"{""batch_size"":512,""checkpoint_every"":1,""cosine"":true,""encoder_lr"":0.1,""log_every"":1,""loss"":""l2"",""model_lr"":0.001,""seed"":0,""steps"":1,""task"":""image"",""total_steps"":1}","{""flip-evaluator"":""1.7"",""lpips"":""0.1.4"",""torch"":""2.10.0+rocm7.0"",""torchmetrics"":""1.9.0""}",smoke_not_paper_comparable
smoke,smoke,kodim06,768,512,PE,0,ssim,0.0028805171605199575,0,194403,194403,6.068054505331708,3.905521621927619,1,4,9004fe2240b9e84c55ae641ba78c0ad5f83398a6,True,/home/aup/yy/workspace/peps/configs/paper/image_repro_smoke.toml,"{""batch_size"":512,""checkpoint_every"":1,""cosine"":true,""encoder_lr"":0.1,""log_every"":1,""loss"":""l2"",""model_lr"":0.001,""seed"":0,""steps"":1,""task"":""image"",""total_steps"":1}","{""flip-evaluator"":""1.7"",""lpips"":""0.1.4"",""torch"":""2.10.0+rocm7.0"",""torchmetrics"":""1.9.0""}",smoke_not_paper_comparable
smoke,smoke,kodim06,768,512,LPE,0,flip,0.9049357771873474,401408,9603,411011,2.870112965346426,2.854949911008589,2,4,9004fe2240b9e84c55ae641ba78c0ad5f83398a6,True,/home/aup/yy/workspace/peps/configs/paper/image_repro_smoke.toml,"{""batch_size"":512,""checkpoint_every"":1,""cosine"":true,""encoder_lr"":0.1,""log_every"":1,""loss"":""l2"",""model_lr"":0.001,""seed"":0,""steps"":1,""task"":""image"",""total_steps"":1}","{""flip-evaluator"":""1.7"",""lpips"":""0.1.4"",""torch"":""2.10.0+rocm7.0"",""torchmetrics"":""1.9.0""}",smoke_not_paper_comparable
smoke,smoke,kodim06,768,512,LPE,0,lpips,0.9231557846069336,401408,9603,411011,2.870112965346426,2.854949911008589,2,4,9004fe2240b9e84c55ae641ba78c0ad5f83398a6,True,/home/aup/yy/workspace/peps/configs/paper/image_repro_smoke.toml,"{""batch_size"":512,""checkpoint_every"":1,""cosine"":true,""encoder_lr"":0.1,""log_every"":1,""loss"":""l2"",""model_lr"":0.001,""seed"":0,""steps"":1,""task"":""image"",""total_steps"":1}","{""flip-evaluator"":""1.7"",""lpips"":""0.1.4"",""torch"":""2.10.0+rocm7.0"",""torchmetrics"":""1.9.0""}",smoke_not_paper_comparable
smoke,smoke,kodim06,768,512,LPE,0,lsd,0.08616449170567474,401408,9603,411011,2.870112965346426,2.854949911008589,2,4,9004fe2240b9e84c55ae641ba78c0ad5f83398a6,True,/home/aup/yy/workspace/peps/configs/paper/image_repro_smoke.toml,"{""batch_size"":512,""checkpoint_every"":1,""cosine"":true,""encoder_lr"":0.1,""log_every"":1,""loss"":""l2"",""model_lr"":0.001,""seed"":0,""steps"":1,""task"":""image"",""total_steps"":1}","{""flip-evaluator"":""1.7"",""lpips"":""0.1.4"",""torch"":""2.10.0+rocm7.0"",""torchmetrics"":""1.9.0""}",smoke_not_paper_comparable
smoke,smoke,kodim06,768,512,LPE,0,psnr,4.474270802292256,401408,9603,411011,2.870112965346426,2.854949911008589,2,4,9004fe2240b9e84c55ae641ba78c0ad5f83398a6,True,/home/aup/yy/workspace/peps/configs/paper/image_repro_smoke.toml,"{""batch_size"":512,""checkpoint_every"":1,""cosine"":true,""encoder_lr"":0.1,""log_every"":1,""loss"":""l2"",""model_lr"":0.001,""seed"":0,""steps"":1,""task"":""image"",""total_steps"":1}","{""flip-evaluator"":""1.7"",""lpips"":""0.1.4"",""torch"":""2.10.0+rocm7.0"",""torchmetrics"":""1.9.0""}",smoke_not_paper_comparable
smoke,smoke,kodim06,768,512,LPE,0,ssim,-0.1066095381975174,401408,9603,411011,2.870112965346426,2.854949911008589,2,4,9004fe2240b9e84c55ae641ba78c0ad5f83398a6,True,/home/aup/yy/workspace/peps/configs/paper/image_repro_smoke.toml,"{""batch_size"":512,""checkpoint_every"":1,""cosine"":true,""encoder_lr"":0.1,""log_every"":1,""loss"":""l2"",""model_lr"":0.001,""seed"":0,""steps"":1,""task"":""image"",""total_steps"":1}","{""flip-evaluator"":""1.7"",""lpips"":""0.1.4"",""torch"":""2.10.0+rocm7.0"",""torchmetrics"":""1.9.0""}",smoke_not_paper_comparable
smoke,smoke,kodim06,768,512,NTC_N,0,flip,0.8807271122932434,417792,13699,431491,2.733887844705915,4.547366717946716,3,4,9004fe2240b9e84c55ae641ba78c0ad5f83398a6,True,/home/aup/yy/workspace/peps/configs/paper/image_repro_smoke.toml,"{""batch_size"":512,""checkpoint_every"":1,""cosine"":true,""encoder_lr"":0.1,""log_every"":1,""loss"":""l2"",""model_lr"":0.001,""seed"":0,""steps"":1,""task"":""image"",""total_steps"":1}","{""flip-evaluator"":""1.7"",""lpips"":""0.1.4"",""torch"":""2.10.0+rocm7.0"",""torchmetrics"":""1.9.0""}",smoke_not_paper_comparable
smoke,smoke,kodim06,768,512,NTC_N,0,lpips,0.9127872586250305,417792,13699,431491,2.733887844705915,4.547366717946716,3,4,9004fe2240b9e84c55ae641ba78c0ad5f83398a6,True,/home/aup/yy/workspace/peps/configs/paper/image_repro_smoke.toml,"{""batch_size"":512,""checkpoint_every"":1,""cosine"":true,""encoder_lr"":0.1,""log_every"":1,""loss"":""l2"",""model_lr"":0.001,""seed"":0,""steps"":1,""task"":""image"",""total_steps"":1}","{""flip-evaluator"":""1.7"",""lpips"":""0.1.4"",""torch"":""2.10.0+rocm7.0"",""torchmetrics"":""1.9.0""}",smoke_not_paper_comparable
smoke,smoke,kodim06,768,512,NTC_N,0,lsd,0.08575554165120564,417792,13699,431491,2.733887844705915,4.547366717946716,3,4,9004fe2240b9e84c55ae641ba78c0ad5f83398a6,True,/home/aup/yy/workspace/peps/configs/paper/image_repro_smoke.toml,"{""batch_size"":512,""checkpoint_every"":1,""cosine"":true,""encoder_lr"":0.1,""log_every"":1,""loss"":""l2"",""model_lr"":0.001,""seed"":0,""steps"":1,""task"":""image"",""total_steps"":1}","{""flip-evaluator"":""1.7"",""lpips"":""0.1.4"",""torch"":""2.10.0+rocm7.0"",""torchmetrics"":""1.9.0""}",smoke_not_paper_comparable
smoke,smoke,kodim06,768,512,NTC_N,0,psnr,5.822429603908255,417792,13699,431491,2.733887844705915,4.547366717946716,3,4,9004fe2240b9e84c55ae641ba78c0ad5f83398a6,True,/home/aup/yy/workspace/peps/configs/paper/image_repro_smoke.toml,"{""batch_size"":512,""checkpoint_every"":1,""cosine"":true,""encoder_lr"":0.1,""log_every"":1,""loss"":""l2"",""model_lr"":0.001,""seed"":0,""steps"":1,""task"":""image"",""total_steps"":1}","{""flip-evaluator"":""1.7"",""lpips"":""0.1.4"",""torch"":""2.10.0+rocm7.0"",""torchmetrics"":""1.9.0""}",smoke_not_paper_comparable
smoke,smoke,kodim06,768,512,NTC_N,0,ssim,0.07983580976724625,417792,13699,431491,2.733887844705915,4.547366717946716,3,4,9004fe2240b9e84c55ae641ba78c0ad5f83398a6,True,/home/aup/yy/workspace/peps/configs/paper/image_repro_smoke.toml,"{""batch_size"":512,""checkpoint_every"":1,""cosine"":true,""encoder_lr"":0.1,""log_every"":1,""loss"":""l2"",""model_lr"":0.001,""seed"":0,""steps"":1,""task"":""image"",""total_steps"":1}","{""flip-evaluator"":""1.7"",""lpips"":""0.1.4"",""torch"":""2.10.0+rocm7.0"",""torchmetrics"":""1.9.0""}",smoke_not_paper_comparable
smoke,smoke,kodim06,768,512,Grid,0,flip,0.9041908383369446,426496,9667,436163,2.704603554175847,3.7860990659100935,0,4,9004fe2240b9e84c55ae641ba78c0ad5f83398a6,True,/home/aup/yy/workspace/peps/configs/paper/image_repro_smoke.toml,"{""batch_size"":512,""checkpoint_every"":1,""cosine"":true,""encoder_lr"":0.1,""log_every"":1,""loss"":""l2"",""model_lr"":0.001,""seed"":0,""steps"":1,""task"":""image"",""total_steps"":1}","{""flip-evaluator"":""1.7"",""lpips"":""0.1.4"",""torch"":""2.10.0+rocm7.0"",""torchmetrics"":""1.9.0""}",smoke_not_paper_comparable
smoke,smoke,kodim06,768,512,Grid,0,lpips,0.9876700639724731,426496,9667,436163,2.704603554175847,3.7860990659100935,0,4,9004fe2240b9e84c55ae641ba78c0ad5f83398a6,True,/home/aup/yy/workspace/peps/configs/paper/image_repro_smoke.toml,"{""batch_size"":512,""checkpoint_every"":1,""cosine"":true,""encoder_lr"":0.1,""log_every"":1,""loss"":""l2"",""model_lr"":0.001,""seed"":0,""steps"":1,""task"":""image"",""total_steps"":1}","{""flip-evaluator"":""1.7"",""lpips"":""0.1.4"",""torch"":""2.10.0+rocm7.0"",""torchmetrics"":""1.9.0""}",smoke_not_paper_comparable
smoke,smoke,kodim06,768,512,Grid,0,lsd,0.08596842196440642,426496,9667,436163,2.704603554175847,3.7860990659100935,0,4,9004fe2240b9e84c55ae641ba78c0ad5f83398a6,True,/home/aup/yy/workspace/peps/configs/paper/image_repro_smoke.toml,"{""batch_size"":512,""checkpoint_every"":1,""cosine"":true,""encoder_lr"":0.1,""log_every"":1,""loss"":""l2"",""model_lr"":0.001,""seed"":0,""steps"":1,""task"":""image"",""total_steps"":1}","{""flip-evaluator"":""1.7"",""lpips"":""0.1.4"",""torch"":""2.10.0+rocm7.0"",""torchmetrics"":""1.9.0""}",smoke_not_paper_comparable
smoke,smoke,kodim06,768,512,Grid,0,psnr,4.5389188156674205,426496,9667,436163,2.704603554175847,3.7860990659100935,0,4,9004fe2240b9e84c55ae641ba78c0ad5f83398a6,True,/home/aup/yy/workspace/peps/configs/paper/image_repro_smoke.toml,"{""batch_size"":512,""checkpoint_every"":1,""cosine"":true,""encoder_lr"":0.1,""log_every"":1,""loss"":""l2"",""model_lr"":0.001,""seed"":0,""steps"":1,""task"":""image"",""total_steps"":1}","{""flip-evaluator"":""1.7"",""lpips"":""0.1.4"",""torch"":""2.10.0+rocm7.0"",""torchmetrics"":""1.9.0""}",smoke_not_paper_comparable
smoke,smoke,kodim06,768,512,Grid,0,ssim,-0.06266044080257416,426496,9667,436163,2.704603554175847,3.7860990659100935,0,4,9004fe2240b9e84c55ae641ba78c0ad5f83398a6,True,/home/aup/yy/workspace/peps/configs/paper/image_repro_smoke.toml,"{""batch_size"":512,""checkpoint_every"":1,""cosine"":true,""encoder_lr"":0.1,""log_every"":1,""loss"":""l2"",""model_lr"":0.001,""seed"":0,""steps"":1,""task"":""image"",""total_steps"":1}","{""flip-evaluator"":""1.7"",""lpips"":""0.1.4"",""torch"":""2.10.0+rocm7.0"",""torchmetrics"":""1.9.0""}",smoke_not_paper_comparable
smoke,smoke,kodim06,768,512,G-PEPS,0,flip,0.8530504107475281,426496,16195,442691,2.6647209904877216,4.295135025982745,1,4,9004fe2240b9e84c55ae641ba78c0ad5f83398a6,True,/home/aup/yy/workspace/peps/configs/paper/image_repro_smoke.toml,"{""batch_size"":512,""checkpoint_every"":1,""cosine"":true,""encoder_lr"":0.1,""log_every"":1,""loss"":""l2"",""model_lr"":0.001,""seed"":0,""steps"":1,""task"":""image"",""total_steps"":1}","{""flip-evaluator"":""1.7"",""lpips"":""0.1.4"",""torch"":""2.10.0+rocm7.0"",""torchmetrics"":""1.9.0""}",smoke_not_paper_comparable
smoke,smoke,kodim06,768,512,G-PEPS,0,lpips,0.9353377819061279,426496,16195,442691,2.6647209904877216,4.295135025982745,1,4,9004fe2240b9e84c55ae641ba78c0ad5f83398a6,True,/home/aup/yy/workspace/peps/configs/paper/image_repro_smoke.toml,"{""batch_size"":512,""checkpoint_every"":1,""cosine"":true,""encoder_lr"":0.1,""log_every"":1,""loss"":""l2"",""model_lr"":0.001,""seed"":0,""steps"":1,""task"":""image"",""total_steps"":1}","{""flip-evaluator"":""1.7"",""lpips"":""0.1.4"",""torch"":""2.10.0+rocm7.0"",""torchmetrics"":""1.9.0""}",smoke_not_paper_comparable
smoke,smoke,kodim06,768,512,G-PEPS,0,lsd,0.08574614915431487,426496,16195,442691,2.6647209904877216,4.295135025982745,1,4,9004fe2240b9e84c55ae641ba78c0ad5f83398a6,True,/home/aup/yy/workspace/peps/configs/paper/image_repro_smoke.toml,"{""batch_size"":512,""checkpoint_every"":1,""cosine"":true,""encoder_lr"":0.1,""log_every"":1,""loss"":""l2"",""model_lr"":0.001,""seed"":0,""steps"":1,""task"":""image"",""total_steps"":1}","{""flip-evaluator"":""1.7"",""lpips"":""0.1.4"",""torch"":""2.10.0+rocm7.0"",""torchmetrics"":""1.9.0""}",smoke_not_paper_comparable
smoke,smoke,kodim06,768,512,G-PEPS,0,psnr,5.328542421012399,426496,16195,442691,2.6647209904877216,4.295135025982745,1,4,9004fe2240b9e84c55ae641ba78c0ad5f83398a6,True,/home/aup/yy/workspace/peps/configs/paper/image_repro_smoke.toml,"{""batch_size"":512,""checkpoint_every"":1,""cosine"":true,""encoder_lr"":0.1,""log_every"":1,""loss"":""l2"",""model_lr"":0.001,""seed"":0,""steps"":1,""task"":""image"",""total_steps"":1}","{""flip-evaluator"":""1.7"",""lpips"":""0.1.4"",""torch"":""2.10.0+rocm7.0"",""torchmetrics"":""1.9.0""}",smoke_not_paper_comparable
smoke,smoke,kodim06,768,512,G-PEPS,0,ssim,0.007838376797735691,426496,16195,442691,2.6647209904877216,4.295135025982745,1,4,9004fe2240b9e84c55ae641ba78c0ad5f83398a6,True,/home/aup/yy/workspace/peps/configs/paper/image_repro_smoke.toml,"{""batch_size"":512,""checkpoint_every"":1,""cosine"":true,""encoder_lr"":0.1,""log_every"":1,""loss"":""l2"",""model_lr"":0.001,""seed"":0,""steps"":1,""task"":""image"",""total_steps"":1}","{""flip-evaluator"":""1.7"",""lpips"":""0.1.4"",""torch"":""2.10.0+rocm7.0"",""torchmetrics"":""1.9.0""}",smoke_not_paper_comparable
smoke,smoke,kodim06,768,512,G-P-PEPS,0,flip,0.8966805934906006,426496,11459,437955,2.69353700722677,4.962909133988433,2,4,9004fe2240b9e84c55ae641ba78c0ad5f83398a6,True,/home/aup/yy/workspace/peps/configs/paper/image_repro_smoke.toml,"{""batch_size"":512,""checkpoint_every"":1,""cosine"":true,""encoder_lr"":0.1,""log_every"":1,""loss"":""l2"",""model_lr"":0.001,""seed"":0,""steps"":1,""task"":""image"",""total_steps"":1}","{""flip-evaluator"":""1.7"",""lpips"":""0.1.4"",""torch"":""2.10.0+rocm7.0"",""torchmetrics"":""1.9.0""}",smoke_not_paper_comparable
smoke,smoke,kodim06,768,512,G-P-PEPS,0,lpips,0.939376711845398,426496,11459,437955,2.69353700722677,4.962909133988433,2,4,9004fe2240b9e84c55ae641ba78c0ad5f83398a6,True,/home/aup/yy/workspace/peps/configs/paper/image_repro_smoke.toml,"{""batch_size"":512,""checkpoint_every"":1,""cosine"":true,""encoder_lr"":0.1,""log_every"":1,""loss"":""l2"",""model_lr"":0.001,""seed"":0,""steps"":1,""task"":""image"",""total_steps"":1}","{""flip-evaluator"":""1.7"",""lpips"":""0.1.4"",""torch"":""2.10.0+rocm7.0"",""torchmetrics"":""1.9.0""}",smoke_not_paper_comparable
smoke,smoke,kodim06,768,512,G-P-PEPS,0,lsd,0.08586183576804662,426496,11459,437955,2.69353700722677,4.962909133988433,2,4,9004fe2240b9e84c55ae641ba78c0ad5f83398a6,True,/home/aup/yy/workspace/peps/configs/paper/image_repro_smoke.toml,"{""batch_size"":512,""checkpoint_every"":1,""cosine"":true,""encoder_lr"":0.1,""log_every"":1,""loss"":""l2"",""model_lr"":0.001,""seed"":0,""steps"":1,""task"":""image"",""total_steps"":1}","{""flip-evaluator"":""1.7"",""lpips"":""0.1.4"",""torch"":""2.10.0+rocm7.0"",""torchmetrics"":""1.9.0""}",smoke_not_paper_comparable
smoke,smoke,kodim06,768,512,G-P-PEPS,0,psnr,5.398700926657387,426496,11459,437955,2.69353700722677,4.962909133988433,2,4,9004fe2240b9e84c55ae641ba78c0ad5f83398a6,True,/home/aup/yy/workspace/peps/configs/paper/image_repro_smoke.toml,"{""batch_size"":512,""checkpoint_every"":1,""cosine"":true,""encoder_lr"":0.1,""log_every"":1,""loss"":""l2"",""model_lr"":0.001,""seed"":0,""steps"":1,""task"":""image"",""total_steps"":1}","{""flip-evaluator"":""1.7"",""lpips"":""0.1.4"",""torch"":""2.10.0+rocm7.0"",""torchmetrics"":""1.9.0""}",smoke_not_paper_comparable
smoke,smoke,kodim06,768,512,G-P-PEPS,0,ssim,0.026168514043092728,426496,11459,437955,2.69353700722677,4.962909133988433,2,4,9004fe2240b9e84c55ae641ba78c0ad5f83398a6,True,/home/aup/yy/workspace/peps/configs/paper/image_repro_smoke.toml,"{""batch_size"":512,""checkpoint_every"":1,""cosine"":true,""encoder_lr"":0.1,""log_every"":1,""loss"":""l2"",""model_lr"":0.001,""seed"":0,""steps"":1,""task"":""image"",""total_steps"":1}","{""flip-evaluator"":""1.7"",""lpips"":""0.1.4"",""torch"":""2.10.0+rocm7.0"",""torchmetrics"":""1.9.0""}",smoke_not_paper_comparable
smoke,smoke,kodim06,768,512,NTC_PEPS,0,flip,0.8831530213356018,417792,39811,457603,2.577885197430961,3.833263985114172,3,4,9004fe2240b9e84c55ae641ba78c0ad5f83398a6,True,/home/aup/yy/workspace/peps/configs/paper/image_repro_smoke.toml,"{""batch_size"":512,""checkpoint_every"":1,""cosine"":true,""encoder_lr"":0.1,""log_every"":1,""loss"":""l2"",""model_lr"":0.001,""seed"":0,""steps"":1,""task"":""image"",""total_steps"":1}","{""flip-evaluator"":""1.7"",""lpips"":""0.1.4"",""torch"":""2.10.0+rocm7.0"",""torchmetrics"":""1.9.0""}",smoke_not_paper_comparable
smoke,smoke,kodim06,768,512,NTC_PEPS,0,lpips,0.9645779132843018,417792,39811,457603,2.577885197430961,3.833263985114172,3,4,9004fe2240b9e84c55ae641ba78c0ad5f83398a6,True,/home/aup/yy/workspace/peps/configs/paper/image_repro_smoke.toml,"{""batch_size"":512,""checkpoint_every"":1,""cosine"":true,""encoder_lr"":0.1,""log_every"":1,""loss"":""l2"",""model_lr"":0.001,""seed"":0,""steps"":1,""task"":""image"",""total_steps"":1}","{""flip-evaluator"":""1.7"",""lpips"":""0.1.4"",""torch"":""2.10.0+rocm7.0"",""torchmetrics"":""1.9.0""}",smoke_not_paper_comparable
smoke,smoke,kodim06,768,512,NTC_PEPS,0,lsd,0.08518952790859728,417792,39811,457603,2.577885197430961,3.833263985114172,3,4,9004fe2240b9e84c55ae641ba78c0ad5f83398a6,True,/home/aup/yy/workspace/peps/configs/paper/image_repro_smoke.toml,"{""batch_size"":512,""checkpoint_every"":1,""cosine"":true,""encoder_lr"":0.1,""log_every"":1,""loss"":""l2"",""model_lr"":0.001,""seed"":0,""steps"":1,""task"":""image"",""total_steps"":1}","{""flip-evaluator"":""1.7"",""lpips"":""0.1.4"",""torch"":""2.10.0+rocm7.0"",""torchmetrics"":""1.9.0""}",smoke_not_paper_comparable
smoke,smoke,kodim06,768,512,NTC_PEPS,0,psnr,6.4227146638792645,417792,39811,457603,2.577885197430961,3.833263985114172,3,4,9004fe2240b9e84c55ae641ba78c0ad5f83398a6,True,/home/aup/yy/workspace/peps/configs/paper/image_repro_smoke.toml,"{""batch_size"":512,""checkpoint_every"":1,""cosine"":true,""encoder_lr"":0.1,""log_every"":1,""loss"":""l2"",""model_lr"":0.001,""seed"":0,""steps"":1,""task"":""image"",""total_steps"":1}","{""flip-evaluator"":""1.7"",""lpips"":""0.1.4"",""torch"":""2.10.0+rocm7.0"",""torchmetrics"":""1.9.0""}",smoke_not_paper_comparable
smoke,smoke,kodim06,768,512,NTC_PEPS,0,ssim,0.1644182950258255,417792,39811,457603,2.577885197430961,3.833263985114172,3,4,9004fe2240b9e84c55ae641ba78c0ad5f83398a6,True,/home/aup/yy/workspace/peps/configs/paper/image_repro_smoke.toml,"{""batch_size"":512,""checkpoint_every"":1,""cosine"":true,""encoder_lr"":0.1,""log_every"":1,""loss"":""l2"",""model_lr"":0.001,""seed"":0,""steps"":1,""task"":""image"",""total_steps"":1}","{""flip-evaluator"":""1.7"",""lpips"":""0.1.4"",""torch"":""2.10.0+rocm7.0"",""torchmetrics"":""1.9.0""}",smoke_not_paper_comparable
smoke,smoke,kodim06,768,512,NTC_PinkPEPS,0,flip,0.8946730494499207,417792,21251,439043,2.6868621069006906,3.768985084956512,0,4,9004fe2240b9e84c55ae641ba78c0ad5f83398a6,True,/home/aup/yy/workspace/peps/configs/paper/image_repro_smoke.toml,"{""batch_size"":512,""checkpoint_every"":1,""cosine"":true,""encoder_lr"":0.1,""log_every"":1,""loss"":""l2"",""model_lr"":0.001,""seed"":0,""steps"":1,""task"":""image"",""total_steps"":1}","{""flip-evaluator"":""1.7"",""lpips"":""0.1.4"",""torch"":""2.10.0+rocm7.0"",""torchmetrics"":""1.9.0""}",smoke_not_paper_comparable
smoke,smoke,kodim06,768,512,NTC_PinkPEPS,0,lpips,0.9577735066413879,417792,21251,439043,2.6868621069006906,3.768985084956512,0,4,9004fe2240b9e84c55ae641ba78c0ad5f83398a6,True,/home/aup/yy/workspace/peps/configs/paper/image_repro_smoke.toml,"{""batch_size"":512,""checkpoint_every"":1,""cosine"":true,""encoder_lr"":0.1,""log_every"":1,""loss"":""l2"",""model_lr"":0.001,""seed"":0,""steps"":1,""task"":""image"",""total_steps"":1}","{""flip-evaluator"":""1.7"",""lpips"":""0.1.4"",""torch"":""2.10.0+rocm7.0"",""torchmetrics"":""1.9.0""}",smoke_not_paper_comparable
smoke,smoke,kodim06,768,512,NTC_PinkPEPS,0,lsd,0.08542726296080883,417792,21251,439043,2.6868621069006906,3.768985084956512,0,4,9004fe2240b9e84c55ae641ba78c0ad5f83398a6,True,/home/aup/yy/workspace/peps/configs/paper/image_repro_smoke.toml,"{""batch_size"":512,""checkpoint_every"":1,""cosine"":true,""encoder_lr"":0.1,""log_every"":1,""loss"":""l2"",""model_lr"":0.001,""seed"":0,""steps"":1,""task"":""image"",""total_steps"":1}","{""flip-evaluator"":""1.7"",""lpips"":""0.1.4"",""torch"":""2.10.0+rocm7.0"",""torchmetrics"":""1.9.0""}",smoke_not_paper_comparable
smoke,smoke,kodim06,768,512,NTC_PinkPEPS,0,psnr,5.18492144439481,417792,21251,439043,2.6868621069006906,3.768985084956512,0,4,9004fe2240b9e84c55ae641ba78c0ad5f83398a6,True,/home/aup/yy/workspace/peps/configs/paper/image_repro_smoke.toml,"{""batch_size"":512,""checkpoint_every"":1,""cosine"":true,""encoder_lr"":0.1,""log_every"":1,""loss"":""l2"",""model_lr"":0.001,""seed"":0,""steps"":1,""task"":""image"",""total_steps"":1}","{""flip-evaluator"":""1.7"",""lpips"":""0.1.4"",""torch"":""2.10.0+rocm7.0"",""torchmetrics"":""1.9.0""}",smoke_not_paper_comparable
smoke,smoke,kodim06,768,512,NTC_PinkPEPS,0,ssim,0.004895652644336224,417792,21251,439043,2.6868621069006906,3.768985084956512,0,4,9004fe2240b9e84c55ae641ba78c0ad5f83398a6,True,/home/aup/yy/workspace/peps/configs/paper/image_repro_smoke.toml,"{""batch_size"":512,""checkpoint_every"":1,""cosine"":true,""encoder_lr"":0.1,""log_every"":1,""loss"":""l2"",""model_lr"":0.001,""seed"":0,""steps"":1,""task"":""image"",""total_steps"":1}","{""flip-evaluator"":""1.7"",""lpips"":""0.1.4"",""torch"":""2.10.0+rocm7.0"",""torchmetrics"":""1.9.0""}",smoke_not_paper_comparable
smoke,smoke,kodim06,768,512,G-P-PEPS-25,0,flip,0.8985816836357117,326144,10691,336835,3.5021538735582705,4.3692863850155845,1,4,9004fe2240b9e84c55ae641ba78c0ad5f83398a6,True,/home/aup/yy/workspace/peps/configs/paper/image_repro_smoke.toml,"{""batch_size"":512,""checkpoint_every"":1,""cosine"":true,""encoder_lr"":0.1,""log_every"":1,""loss"":""l2"",""model_lr"":0.001,""seed"":0,""steps"":1,""task"":""image"",""total_steps"":1}","{""flip-evaluator"":""1.7"",""lpips"":""0.1.4"",""torch"":""2.10.0+rocm7.0"",""torchmetrics"":""1.9.0""}",smoke_not_paper_comparable
smoke,smoke,kodim06,768,512,G-P-PEPS-25,0,lpips,0.960784912109375,326144,10691,336835,3.5021538735582705,4.3692863850155845,1,4,9004fe2240b9e84c55ae641ba78c0ad5f83398a6,True,/home/aup/yy/workspace/peps/configs/paper/image_repro_smoke.toml,"{""batch_size"":512,""checkpoint_every"":1,""cosine"":true,""encoder_lr"":0.1,""log_every"":1,""loss"":""l2"",""model_lr"":0.001,""seed"":0,""steps"":1,""task"":""image"",""total_steps"":1}","{""flip-evaluator"":""1.7"",""lpips"":""0.1.4"",""torch"":""2.10.0+rocm7.0"",""torchmetrics"":""1.9.0""}",smoke_not_paper_comparable
smoke,smoke,kodim06,768,512,G-P-PEPS-25,0,lsd,0.08597033735156955,326144,10691,336835,3.5021538735582705,4.3692863850155845,1,4,9004fe2240b9e84c55ae641ba78c0ad5f83398a6,True,/home/aup/yy/workspace/peps/configs/paper/image_repro_smoke.toml,"{""batch_size"":512,""checkpoint_every"":1,""cosine"":true,""encoder_lr"":0.1,""log_every"":1,""loss"":""l2"",""model_lr"":0.001,""seed"":0,""steps"":1,""task"":""image"",""total_steps"":1}","{""flip-evaluator"":""1.7"",""lpips"":""0.1.4"",""torch"":""2.10.0+rocm7.0"",""torchmetrics"":""1.9.0""}",smoke_not_paper_comparable
smoke,smoke,kodim06,768,512,G-P-PEPS-25,0,psnr,5.474710644420762,326144,10691,336835,3.5021538735582705,4.3692863850155845,1,4,9004fe2240b9e84c55ae641ba78c0ad5f83398a6,True,/home/aup/yy/workspace/peps/configs/paper/image_repro_smoke.toml,"{""batch_size"":512,""checkpoint_every"":1,""cosine"":true,""encoder_lr"":0.1,""log_every"":1,""loss"":""l2"",""model_lr"":0.001,""seed"":0,""steps"":1,""task"":""image"",""total_steps"":1}","{""flip-evaluator"":""1.7"",""lpips"":""0.1.4"",""torch"":""2.10.0+rocm7.0"",""torchmetrics"":""1.9.0""}",smoke_not_paper_comparable
smoke,smoke,kodim06,768,512,G-P-PEPS-25,0,ssim,0.03939026966691017,326144,10691,336835,3.5021538735582705,4.3692863850155845,1,4,9004fe2240b9e84c55ae641ba78c0ad5f83398a6,True,/home/aup/yy/workspace/peps/configs/paper/image_repro_smoke.toml,"{""batch_size"":512,""checkpoint_every"":1,""cosine"":true,""encoder_lr"":0.1,""log_every"":1,""loss"":""l2"",""model_lr"":0.001,""seed"":0,""steps"":1,""task"":""image"",""total_steps"":1}","{""flip-evaluator"":""1.7"",""lpips"":""0.1.4"",""torch"":""2.10.0+rocm7.0"",""torchmetrics"":""1.9.0""}",smoke_not_paper_comparable
smoke,smoke,kodim07,768,512,PE,0,flip,0.8810865879058838,0,194403,194403,6.068054505331708,4.575363412965089,2,4,9004fe2240b9e84c55ae641ba78c0ad5f83398a6,True,/home/aup/yy/workspace/peps/configs/paper/image_repro_smoke.toml,"{""batch_size"":512,""checkpoint_every"":1,""cosine"":true,""encoder_lr"":0.1,""log_every"":1,""loss"":""l2"",""model_lr"":0.001,""seed"":0,""steps"":1,""task"":""image"",""total_steps"":1}","{""flip-evaluator"":""1.7"",""lpips"":""0.1.4"",""torch"":""2.10.0+rocm7.0"",""torchmetrics"":""1.9.0""}",smoke_not_paper_comparable
smoke,smoke,kodim07,768,512,PE,0,lpips,0.9621796607971191,0,194403,194403,6.068054505331708,4.575363412965089,2,4,9004fe2240b9e84c55ae641ba78c0ad5f83398a6,True,/home/aup/yy/workspace/peps/configs/paper/image_repro_smoke.toml,"{""batch_size"":512,""checkpoint_every"":1,""cosine"":true,""encoder_lr"":0.1,""log_every"":1,""loss"":""l2"",""model_lr"":0.001,""seed"":0,""steps"":1,""task"":""image"",""total_steps"":1}","{""flip-evaluator"":""1.7"",""lpips"":""0.1.4"",""torch"":""2.10.0+rocm7.0"",""torchmetrics"":""1.9.0""}",smoke_not_paper_comparable
smoke,smoke,kodim07,768,512,PE,0,lsd,0.08353863936439382,0,194403,194403,6.068054505331708,4.575363412965089,2,4,9004fe2240b9e84c55ae641ba78c0ad5f83398a6,True,/home/aup/yy/workspace/peps/configs/paper/image_repro_smoke.toml,"{""batch_size"":512,""checkpoint_every"":1,""cosine"":true,""encoder_lr"":0.1,""log_every"":1,""loss"":""l2"",""model_lr"":0.001,""seed"":0,""steps"":1,""task"":""image"",""total_steps"":1}","{""flip-evaluator"":""1.7"",""lpips"":""0.1.4"",""torch"":""2.10.0+rocm7.0"",""torchmetrics"":""1.9.0""}",smoke_not_paper_comparable
smoke,smoke,kodim07,768,512,PE,0,psnr,7.236806363848521,0,194403,194403,6.068054505331708,4.575363412965089,2,4,9004fe2240b9e84c55ae641ba78c0ad5f83398a6,True,/home/aup/yy/workspace/peps/configs/paper/image_repro_smoke.toml,"{""batch_size"":512,""checkpoint_every"":1,""cosine"":true,""encoder_lr"":0.1,""log_every"":1,""loss"":""l2"",""model_lr"":0.001,""seed"":0,""steps"":1,""task"":""image"",""total_steps"":1}","{""flip-evaluator"":""1.7"",""lpips"":""0.1.4"",""torch"":""2.10.0+rocm7.0"",""torchmetrics"":""1.9.0""}",smoke_not_paper_comparable
smoke,smoke,kodim07,768,512,PE,0,ssim,-0.0038325174245983362,0,194403,194403,6.068054505331708,4.575363412965089,2,4,9004fe2240b9e84c55ae641ba78c0ad5f83398a6,True,/home/aup/yy/workspace/peps/configs/paper/image_repro_smoke.toml,"{""batch_size"":512,""checkpoint_every"":1,""cosine"":true,""encoder_lr"":0.1,""log_every"":1,""loss"":""l2"",""model_lr"":0.001,""seed"":0,""steps"":1,""task"":""image"",""total_steps"":1}","{""flip-evaluator"":""1.7"",""lpips"":""0.1.4"",""torch"":""2.10.0+rocm7.0"",""torchmetrics"":""1.9.0""}",smoke_not_paper_comparable
smoke,smoke,kodim07,768,512,LPE,0,flip,0.8901583552360535,401408,9603,411011,2.870112965346426,1.668198722996749,3,4,9004fe2240b9e84c55ae641ba78c0ad5f83398a6,True,/home/aup/yy/workspace/peps/configs/paper/image_repro_smoke.toml,"{""batch_size"":512,""checkpoint_every"":1,""cosine"":true,""encoder_lr"":0.1,""log_every"":1,""loss"":""l2"",""model_lr"":0.001,""seed"":0,""steps"":1,""task"":""image"",""total_steps"":1}","{""flip-evaluator"":""1.7"",""lpips"":""0.1.4"",""torch"":""2.10.0+rocm7.0"",""torchmetrics"":""1.9.0""}",smoke_not_paper_comparable
smoke,smoke,kodim07,768,512,LPE,0,lpips,0.9449249505996704,401408,9603,411011,2.870112965346426,1.668198722996749,3,4,9004fe2240b9e84c55ae641ba78c0ad5f83398a6,True,/home/aup/yy/workspace/peps/configs/paper/image_repro_smoke.toml,"{""batch_size"":512,""checkpoint_every"":1,""cosine"":true,""encoder_lr"":0.1,""log_every"":1,""loss"":""l2"",""model_lr"":0.001,""seed"":0,""steps"":1,""task"":""image"",""total_steps"":1}","{""flip-evaluator"":""1.7"",""lpips"":""0.1.4"",""torch"":""2.10.0+rocm7.0"",""torchmetrics"":""1.9.0""}",smoke_not_paper_comparable
smoke,smoke,kodim07,768,512,LPE,0,lsd,0.0848550159911818,401408,9603,411011,2.870112965346426,1.668198722996749,3,4,9004fe2240b9e84c55ae641ba78c0ad5f83398a6,True,/home/aup/yy/workspace/peps/configs/paper/image_repro_smoke.toml,"{""batch_size"":512,""checkpoint_every"":1,""cosine"":true,""encoder_lr"":0.1,""log_every"":1,""loss"":""l2"",""model_lr"":0.001,""seed"":0,""steps"":1,""task"":""image"",""total_steps"":1}","{""flip-evaluator"":""1.7"",""lpips"":""0.1.4"",""torch"":""2.10.0+rocm7.0"",""torchmetrics"":""1.9.0""}",smoke_not_paper_comparable
smoke,smoke,kodim07,768,512,LPE,0,psnr,6.211108819176632,401408,9603,411011,2.870112965346426,1.668198722996749,3,4,9004fe2240b9e84c55ae641ba78c0ad5f83398a6,True,/home/aup/yy/workspace/peps/configs/paper/image_repro_smoke.toml,"{""batch_size"":512,""checkpoint_every"":1,""cosine"":true,""encoder_lr"":0.1,""log_every"":1,""loss"":""l2"",""model_lr"":0.001,""seed"":0,""steps"":1,""task"":""image"",""total_steps"":1}","{""flip-evaluator"":""1.7"",""lpips"":""0.1.4"",""torch"":""2.10.0+rocm7.0"",""torchmetrics"":""1.9.0""}",smoke_not_paper_comparable
smoke,smoke,kodim07,768,512,LPE,0,ssim,-0.15405137836933136,401408,9603,411011,2.870112965346426,1.668198722996749,3,4,9004fe2240b9e84c55ae641ba78c0ad5f83398a6,True,/home/aup/yy/workspace/peps/configs/paper/image_repro_smoke.toml,"{""batch_size"":512,""checkpoint_every"":1,""cosine"":true,""encoder_lr"":0.1,""log_every"":1,""loss"":""l2"",""model_lr"":0.001,""seed"":0,""steps"":1,""task"":""image"",""total_steps"":1}","{""flip-evaluator"":""1.7"",""lpips"":""0.1.4"",""torch"":""2.10.0+rocm7.0"",""torchmetrics"":""1.9.0""}",smoke_not_paper_comparable
smoke,smoke,kodim07,768,512,NTC_N,0,flip,0.8637629151344299,417792,13699,431491,2.733887844705915,4.440124193904921,0,4,9004fe2240b9e84c55ae641ba78c0ad5f83398a6,True,/home/aup/yy/workspace/peps/configs/paper/image_repro_smoke.toml,"{""batch_size"":512,""checkpoint_every"":1,""cosine"":true,""encoder_lr"":0.1,""log_every"":1,""loss"":""l2"",""model_lr"":0.001,""seed"":0,""steps"":1,""task"":""image"",""total_steps"":1}","{""flip-evaluator"":""1.7"",""lpips"":""0.1.4"",""torch"":""2.10.0+rocm7.0"",""torchmetrics"":""1.9.0""}",smoke_not_paper_comparable
smoke,smoke,kodim07,768,512,NTC_N,0,lpips,0.921776294708252,417792,13699,431491,2.733887844705915,4.440124193904921,0,4,9004fe2240b9e84c55ae641ba78c0ad5f83398a6,True,/home/aup/yy/workspace/peps/configs/paper/image_repro_smoke.toml,"{""batch_size"":512,""checkpoint_every"":1,""cosine"":true,""encoder_lr"":0.1,""log_every"":1,""loss"":""l2"",""model_lr"":0.001,""seed"":0,""steps"":1,""task"":""image"",""total_steps"":1}","{""flip-evaluator"":""1.7"",""lpips"":""0.1.4"",""torch"":""2.10.0+rocm7.0"",""torchmetrics"":""1.9.0""}",smoke_not_paper_comparable
smoke,smoke,kodim07,768,512,NTC_N,0,lsd,0.08440517244991348,417792,13699,431491,2.733887844705915,4.440124193904921,0,4,9004fe2240b9e84c55ae641ba78c0ad5f83398a6,True,/home/aup/yy/workspace/peps/configs/paper/image_repro_smoke.toml,"{""batch_size"":512,""checkpoint_every"":1,""cosine"":true,""encoder_lr"":0.1,""log_every"":1,""loss"":""l2"",""model_lr"":0.001,""seed"":0,""steps"":1,""task"":""image"",""total_steps"":1}","{""flip-evaluator"":""1.7"",""lpips"":""0.1.4"",""torch"":""2.10.0+rocm7.0"",""torchmetrics"":""1.9.0""}",smoke_not_paper_comparable
smoke,smoke,kodim07,768,512,NTC_N,0,psnr,7.944824136501348,417792,13699,431491,2.733887844705915,4.440124193904921,0,4,9004fe2240b9e84c55ae641ba78c0ad5f83398a6,True,/home/aup/yy/workspace/peps/configs/paper/image_repro_smoke.toml,"{""batch_size"":512,""checkpoint_every"":1,""cosine"":true,""encoder_lr"":0.1,""log_every"":1,""loss"":""l2"",""model_lr"":0.001,""seed"":0,""steps"":1,""task"":""image"",""total_steps"":1}","{""flip-evaluator"":""1.7"",""lpips"":""0.1.4"",""torch"":""2.10.0+rocm7.0"",""torchmetrics"":""1.9.0""}",smoke_not_paper_comparable
smoke,smoke,kodim07,768,512,NTC_N,0,ssim,0.12150886654853821,417792,13699,431491,2.733887844705915,4.440124193904921,0,4,9004fe2240b9e84c55ae641ba78c0ad5f83398a6,True,/home/aup/yy/workspace/peps/configs/paper/image_repro_smoke.toml,"{""batch_size"":512,""checkpoint_every"":1,""cosine"":true,""encoder_lr"":0.1,""log_every"":1,""loss"":""l2"",""model_lr"":0.001,""seed"":0,""steps"":1,""task"":""image"",""total_steps"":1}","{""flip-evaluator"":""1.7"",""lpips"":""0.1.4"",""torch"":""2.10.0+rocm7.0"",""torchmetrics"":""1.9.0""}",smoke_not_paper_comparable
smoke,smoke,kodim07,768,512,Grid,0,flip,0.8893699645996094,426496,9667,436163,2.704603554175847,1.3992346230661497,1,4,9004fe2240b9e84c55ae641ba78c0ad5f83398a6,True,/home/aup/yy/workspace/peps/configs/paper/image_repro_smoke.toml,"{""batch_size"":512,""checkpoint_every"":1,""cosine"":true,""encoder_lr"":0.1,""log_every"":1,""loss"":""l2"",""model_lr"":0.001,""seed"":0,""steps"":1,""task"":""image"",""total_steps"":1}","{""flip-evaluator"":""1.7"",""lpips"":""0.1.4"",""torch"":""2.10.0+rocm7.0"",""torchmetrics"":""1.9.0""}",smoke_not_paper_comparable
smoke,smoke,kodim07,768,512,Grid,0,lpips,1.0299463272094727,426496,9667,436163,2.704603554175847,1.3992346230661497,1,4,9004fe2240b9e84c55ae641ba78c0ad5f83398a6,True,/home/aup/yy/workspace/peps/configs/paper/image_repro_smoke.toml,"{""batch_size"":512,""checkpoint_every"":1,""cosine"":true,""encoder_lr"":0.1,""log_every"":1,""loss"":""l2"",""model_lr"":0.001,""seed"":0,""steps"":1,""task"":""image"",""total_steps"":1}","{""flip-evaluator"":""1.7"",""lpips"":""0.1.4"",""torch"":""2.10.0+rocm7.0"",""torchmetrics"":""1.9.0""}",smoke_not_paper_comparable
smoke,smoke,kodim07,768,512,Grid,0,lsd,0.08453194152259168,426496,9667,436163,2.704603554175847,1.3992346230661497,1,4,9004fe2240b9e84c55ae641ba78c0ad5f83398a6,True,/home/aup/yy/workspace/peps/configs/paper/image_repro_smoke.toml,"{""batch_size"":512,""checkpoint_every"":1,""cosine"":true,""encoder_lr"":0.1,""log_every"":1,""loss"":""l2"",""model_lr"":0.001,""seed"":0,""steps"":1,""task"":""image"",""total_steps"":1}","{""flip-evaluator"":""1.7"",""lpips"":""0.1.4"",""torch"":""2.10.0+rocm7.0"",""torchmetrics"":""1.9.0""}",smoke_not_paper_comparable
smoke,smoke,kodim07,768,512,Grid,0,psnr,6.271549630501547,426496,9667,436163,2.704603554175847,1.3992346230661497,1,4,9004fe2240b9e84c55ae641ba78c0ad5f83398a6,True,/home/aup/yy/workspace/peps/configs/paper/image_repro_smoke.toml,"{""batch_size"":512,""checkpoint_every"":1,""cosine"":true,""encoder_lr"":0.1,""log_every"":1,""loss"":""l2"",""model_lr"":0.001,""seed"":0,""steps"":1,""task"":""image"",""total_steps"":1}","{""flip-evaluator"":""1.7"",""lpips"":""0.1.4"",""torch"":""2.10.0+rocm7.0"",""torchmetrics"":""1.9.0""}",smoke_not_paper_comparable
smoke,smoke,kodim07,768,512,Grid,0,ssim,-0.08177279680967331,426496,9667,436163,2.704603554175847,1.3992346230661497,1,4,9004fe2240b9e84c55ae641ba78c0ad5f83398a6,True,/home/aup/yy/workspace/peps/configs/paper/image_repro_smoke.toml,"{""batch_size"":512,""checkpoint_every"":1,""cosine"":true,""encoder_lr"":0.1,""log_every"":1,""loss"":""l2"",""model_lr"":0.001,""seed"":0,""steps"":1,""task"":""image"",""total_steps"":1}","{""flip-evaluator"":""1.7"",""lpips"":""0.1.4"",""torch"":""2.10.0+rocm7.0"",""torchmetrics"":""1.9.0""}",smoke_not_paper_comparable
smoke,smoke,kodim07,768,512,G-PEPS,0,flip,0.8314505219459534,426496,16195,442691,2.6647209904877216,2.3401221060194075,2,4,9004fe2240b9e84c55ae641ba78c0ad5f83398a6,True,/home/aup/yy/workspace/peps/configs/paper/image_repro_smoke.toml,"{""batch_size"":512,""checkpoint_every"":1,""cosine"":true,""encoder_lr"":0.1,""log_every"":1,""loss"":""l2"",""model_lr"":0.001,""seed"":0,""steps"":1,""task"":""image"",""total_steps"":1}","{""flip-evaluator"":""1.7"",""lpips"":""0.1.4"",""torch"":""2.10.0+rocm7.0"",""torchmetrics"":""1.9.0""}",smoke_not_paper_comparable
smoke,smoke,kodim07,768,512,G-PEPS,0,lpips,0.9855236411094666,426496,16195,442691,2.6647209904877216,2.3401221060194075,2,4,9004fe2240b9e84c55ae641ba78c0ad5f83398a6,True,/home/aup/yy/workspace/peps/configs/paper/image_repro_smoke.toml,"{""batch_size"":512,""checkpoint_every"":1,""cosine"":true,""encoder_lr"":0.1,""log_every"":1,""loss"":""l2"",""model_lr"":0.001,""seed"":0,""steps"":1,""task"":""image"",""total_steps"":1}","{""flip-evaluator"":""1.7"",""lpips"":""0.1.4"",""torch"":""2.10.0+rocm7.0"",""torchmetrics"":""1.9.0""}",smoke_not_paper_comparable
smoke,smoke,kodim07,768,512,G-PEPS,0,lsd,0.08446043841297028,426496,16195,442691,2.6647209904877216,2.3401221060194075,2,4,9004fe2240b9e84c55ae641ba78c0ad5f83398a6,True,/home/aup/yy/workspace/peps/configs/paper/image_repro_smoke.toml,"{""batch_size"":512,""checkpoint_every"":1,""cosine"":true,""encoder_lr"":0.1,""log_every"":1,""loss"":""l2"",""model_lr"":0.001,""seed"":0,""steps"":1,""task"":""image"",""total_steps"":1}","{""flip-evaluator"":""1.7"",""lpips"":""0.1.4"",""torch"":""2.10.0+rocm7.0"",""torchmetrics"":""1.9.0""}",smoke_not_paper_comparable
smoke,smoke,kodim07,768,512,G-PEPS,0,psnr,7.236428923970831,426496,16195,442691,2.6647209904877216,2.3401221060194075,2,4,9004fe2240b9e84c55ae641ba78c0ad5f83398a6,True,/home/aup/yy/workspace/peps/configs/paper/image_repro_smoke.toml,"{""batch_size"":512,""checkpoint_every"":1,""cosine"":true,""encoder_lr"":0.1,""log_every"":1,""loss"":""l2"",""model_lr"":0.001,""seed"":0,""steps"":1,""task"":""image"",""total_steps"":1}","{""flip-evaluator"":""1.7"",""lpips"":""0.1.4"",""torch"":""2.10.0+rocm7.0"",""torchmetrics"":""1.9.0""}",smoke_not_paper_comparable
smoke,smoke,kodim07,768,512,G-PEPS,0,ssim,0.011433977633714676,426496,16195,442691,2.6647209904877216,2.3401221060194075,2,4,9004fe2240b9e84c55ae641ba78c0ad5f83398a6,True,/home/aup/yy/workspace/peps/configs/paper/image_repro_smoke.toml,"{""batch_size"":512,""checkpoint_every"":1,""cosine"":true,""encoder_lr"":0.1,""log_every"":1,""loss"":""l2"",""model_lr"":0.001,""seed"":0,""steps"":1,""task"":""image"",""total_steps"":1}","{""flip-evaluator"":""1.7"",""lpips"":""0.1.4"",""torch"":""2.10.0+rocm7.0"",""torchmetrics"":""1.9.0""}",smoke_not_paper_comparable
smoke,smoke,kodim07,768,512,G-P-PEPS,0,flip,0.8813268542289734,426496,11459,437955,2.69353700722677,3.398026622016914,3,4,9004fe2240b9e84c55ae641ba78c0ad5f83398a6,True,/home/aup/yy/workspace/peps/configs/paper/image_repro_smoke.toml,"{""batch_size"":512,""checkpoint_every"":1,""cosine"":true,""encoder_lr"":0.1,""log_every"":1,""loss"":""l2"",""model_lr"":0.001,""seed"":0,""steps"":1,""task"":""image"",""total_steps"":1}","{""flip-evaluator"":""1.7"",""lpips"":""0.1.4"",""torch"":""2.10.0+rocm7.0"",""torchmetrics"":""1.9.0""}",smoke_not_paper_comparable
smoke,smoke,kodim07,768,512,G-P-PEPS,0,lpips,0.9470361471176147,426496,11459,437955,2.69353700722677,3.398026622016914,3,4,9004fe2240b9e84c55ae641ba78c0ad5f83398a6,True,/home/aup/yy/workspace/peps/configs/paper/image_repro_smoke.toml,"{""batch_size"":512,""checkpoint_every"":1,""cosine"":true,""encoder_lr"":0.1,""log_every"":1,""loss"":""l2"",""model_lr"":0.001,""seed"":0,""steps"":1,""task"":""image"",""total_steps"":1}","{""flip-evaluator"":""1.7"",""lpips"":""0.1.4"",""torch"":""2.10.0+rocm7.0"",""torchmetrics"":""1.9.0""}",smoke_not_paper_comparable
smoke,smoke,kodim07,768,512,G-P-PEPS,0,lsd,0.08450454103604695,426496,11459,437955,2.69353700722677,3.398026622016914,3,4,9004fe2240b9e84c55ae641ba78c0ad5f83398a6,True,/home/aup/yy/workspace/peps/configs/paper/image_repro_smoke.toml,"{""batch_size"":512,""checkpoint_every"":1,""cosine"":true,""encoder_lr"":0.1,""log_every"":1,""loss"":""l2"",""model_lr"":0.001,""seed"":0,""steps"":1,""task"":""image"",""total_steps"":1}","{""flip-evaluator"":""1.7"",""lpips"":""0.1.4"",""torch"":""2.10.0+rocm7.0"",""torchmetrics"":""1.9.0""}",smoke_not_paper_comparable
smoke,smoke,kodim07,768,512,G-P-PEPS,0,psnr,7.3979128335063375,426496,11459,437955,2.69353700722677,3.398026622016914,3,4,9004fe2240b9e84c55ae641ba78c0ad5f83398a6,True,/home/aup/yy/workspace/peps/configs/paper/image_repro_smoke.toml,"{""batch_size"":512,""checkpoint_every"":1,""cosine"":true,""encoder_lr"":0.1,""log_every"":1,""loss"":""l2"",""model_lr"":0.001,""seed"":0,""steps"":1,""task"":""image"",""total_steps"":1}","{""flip-evaluator"":""1.7"",""lpips"":""0.1.4"",""torch"":""2.10.0+rocm7.0"",""torchmetrics"":""1.9.0""}",smoke_not_paper_comparable
smoke,smoke,kodim07,768,512,G-P-PEPS,0,ssim,0.03611054643988609,426496,11459,437955,2.69353700722677,3.398026622016914,3,4,9004fe2240b9e84c55ae641ba78c0ad5f83398a6,True,/home/aup/yy/workspace/peps/configs/paper/image_repro_smoke.toml,"{""batch_size"":512,""checkpoint_every"":1,""cosine"":true,""encoder_lr"":0.1,""log_every"":1,""loss"":""l2"",""model_lr"":0.001,""seed"":0,""steps"":1,""task"":""image"",""total_steps"":1}","{""flip-evaluator"":""1.7"",""lpips"":""0.1.4"",""torch"":""2.10.0+rocm7.0"",""torchmetrics"":""1.9.0""}",smoke_not_paper_comparable
smoke,smoke,kodim07,768,512,NTC_PEPS,0,flip,0.8652355074882507,417792,39811,457603,2.577885197430961,2.7960605919361115,0,4,9004fe2240b9e84c55ae641ba78c0ad5f83398a6,True,/home/aup/yy/workspace/peps/configs/paper/image_repro_smoke.toml,"{""batch_size"":512,""checkpoint_every"":1,""cosine"":true,""encoder_lr"":0.1,""log_every"":1,""loss"":""l2"",""model_lr"":0.001,""seed"":0,""steps"":1,""task"":""image"",""total_steps"":1}","{""flip-evaluator"":""1.7"",""lpips"":""0.1.4"",""torch"":""2.10.0+rocm7.0"",""torchmetrics"":""1.9.0""}",smoke_not_paper_comparable
smoke,smoke,kodim07,768,512,NTC_PEPS,0,lpips,0.9940381050109863,417792,39811,457603,2.577885197430961,2.7960605919361115,0,4,9004fe2240b9e84c55ae641ba78c0ad5f83398a6,True,/home/aup/yy/workspace/peps/configs/paper/image_repro_smoke.toml,"{""batch_size"":512,""checkpoint_every"":1,""cosine"":true,""encoder_lr"":0.1,""log_every"":1,""loss"":""l2"",""model_lr"":0.001,""seed"":0,""steps"":1,""task"":""image"",""total_steps"":1}","{""flip-evaluator"":""1.7"",""lpips"":""0.1.4"",""torch"":""2.10.0+rocm7.0"",""torchmetrics"":""1.9.0""}",smoke_not_paper_comparable
smoke,smoke,kodim07,768,512,NTC_PEPS,0,lsd,0.08395269768462578,417792,39811,457603,2.577885197430961,2.7960605919361115,0,4,9004fe2240b9e84c55ae641ba78c0ad5f83398a6,True,/home/aup/yy/workspace/peps/configs/paper/image_repro_smoke.toml,"{""batch_size"":512,""checkpoint_every"":1,""cosine"":true,""encoder_lr"":0.1,""log_every"":1,""loss"":""l2"",""model_lr"":0.001,""seed"":0,""steps"":1,""task"":""image"",""total_steps"":1}","{""flip-evaluator"":""1.7"",""lpips"":""0.1.4"",""torch"":""2.10.0+rocm7.0"",""torchmetrics"":""1.9.0""}",smoke_not_paper_comparable
smoke,smoke,kodim07,768,512,NTC_PEPS,0,psnr,8.765593185735943,417792,39811,457603,2.577885197430961,2.7960605919361115,0,4,9004fe2240b9e84c55ae641ba78c0ad5f83398a6,True,/home/aup/yy/workspace/peps/configs/paper/image_repro_smoke.toml,"{""batch_size"":512,""checkpoint_every"":1,""cosine"":true,""encoder_lr"":0.1,""log_every"":1,""loss"":""l2"",""model_lr"":0.001,""seed"":0,""steps"":1,""task"":""image"",""total_steps"":1}","{""flip-evaluator"":""1.7"",""lpips"":""0.1.4"",""torch"":""2.10.0+rocm7.0"",""torchmetrics"":""1.9.0""}",smoke_not_paper_comparable
smoke,smoke,kodim07,768,512,NTC_PEPS,0,ssim,0.23191428184509277,417792,39811,457603,2.577885197430961,2.7960605919361115,0,4,9004fe2240b9e84c55ae641ba78c0ad5f83398a6,True,/home/aup/yy/workspace/peps/configs/paper/image_repro_smoke.toml,"{""batch_size"":512,""checkpoint_every"":1,""cosine"":true,""encoder_lr"":0.1,""log_every"":1,""loss"":""l2"",""model_lr"":0.001,""seed"":0,""steps"":1,""task"":""image"",""total_steps"":1}","{""flip-evaluator"":""1.7"",""lpips"":""0.1.4"",""torch"":""2.10.0+rocm7.0"",""torchmetrics"":""1.9.0""}",smoke_not_paper_comparable
smoke,smoke,kodim07,768,512,NTC_PinkPEPS,0,flip,0.8793204426765442,417792,21251,439043,2.6868621069006906,2.641371248057112,1,4,9004fe2240b9e84c55ae641ba78c0ad5f83398a6,True,/home/aup/yy/workspace/peps/configs/paper/image_repro_smoke.toml,"{""batch_size"":512,""checkpoint_every"":1,""cosine"":true,""encoder_lr"":0.1,""log_every"":1,""loss"":""l2"",""model_lr"":0.001,""seed"":0,""steps"":1,""task"":""image"",""total_steps"":1}","{""flip-evaluator"":""1.7"",""lpips"":""0.1.4"",""torch"":""2.10.0+rocm7.0"",""torchmetrics"":""1.9.0""}",smoke_not_paper_comparable
smoke,smoke,kodim07,768,512,NTC_PinkPEPS,0,lpips,0.9983687400817871,417792,21251,439043,2.6868621069006906,2.641371248057112,1,4,9004fe2240b9e84c55ae641ba78c0ad5f83398a6,True,/home/aup/yy/workspace/peps/configs/paper/image_repro_smoke.toml,"{""batch_size"":512,""checkpoint_every"":1,""cosine"":true,""encoder_lr"":0.1,""log_every"":1,""loss"":""l2"",""model_lr"":0.001,""seed"":0,""steps"":1,""task"":""image"",""total_steps"":1}","{""flip-evaluator"":""1.7"",""lpips"":""0.1.4"",""torch"":""2.10.0+rocm7.0"",""torchmetrics"":""1.9.0""}",smoke_not_paper_comparable
smoke,smoke,kodim07,768,512,NTC_PinkPEPS,0,lsd,0.08409738289241686,417792,21251,439043,2.6868621069006906,2.641371248057112,1,4,9004fe2240b9e84c55ae641ba78c0ad5f83398a6,True,/home/aup/yy/workspace/peps/configs/paper/image_repro_smoke.toml,"{""batch_size"":512,""checkpoint_every"":1,""cosine"":true,""encoder_lr"":0.1,""log_every"":1,""loss"":""l2"",""model_lr"":0.001,""seed"":0,""steps"":1,""task"":""image"",""total_steps"":1}","{""flip-evaluator"":""1.7"",""lpips"":""0.1.4"",""torch"":""2.10.0+rocm7.0"",""torchmetrics"":""1.9.0""}",smoke_not_paper_comparable
smoke,smoke,kodim07,768,512,NTC_PinkPEPS,0,psnr,7.078533748358828,417792,21251,439043,2.6868621069006906,2.641371248057112,1,4,9004fe2240b9e84c55ae641ba78c0ad5f83398a6,True,/home/aup/yy/workspace/peps/configs/paper/image_repro_smoke.toml,"{""batch_size"":512,""checkpoint_every"":1,""cosine"":true,""encoder_lr"":0.1,""log_every"":1,""loss"":""l2"",""model_lr"":0.001,""seed"":0,""steps"":1,""task"":""image"",""total_steps"":1}","{""flip-evaluator"":""1.7"",""lpips"":""0.1.4"",""torch"":""2.10.0+rocm7.0"",""torchmetrics"":""1.9.0""}",smoke_not_paper_comparable
smoke,smoke,kodim07,768,512,NTC_PinkPEPS,0,ssim,0.017639296129345894,417792,21251,439043,2.6868621069006906,2.641371248057112,1,4,9004fe2240b9e84c55ae641ba78c0ad5f83398a6,True,/home/aup/yy/workspace/peps/configs/paper/image_repro_smoke.toml,"{""batch_size"":512,""checkpoint_every"":1,""cosine"":true,""encoder_lr"":0.1,""log_every"":1,""loss"":""l2"",""model_lr"":0.001,""seed"":0,""steps"":1,""task"":""image"",""total_steps"":1}","{""flip-evaluator"":""1.7"",""lpips"":""0.1.4"",""torch"":""2.10.0+rocm7.0"",""torchmetrics"":""1.9.0""}",smoke_not_paper_comparable
smoke,smoke,kodim07,768,512,G-P-PEPS-25,0,flip,0.8833856582641602,326144,10691,336835,3.5021538735582705,3.1118489699438214,2,4,9004fe2240b9e84c55ae641ba78c0ad5f83398a6,True,/home/aup/yy/workspace/peps/configs/paper/image_repro_smoke.toml,"{""batch_size"":512,""checkpoint_every"":1,""cosine"":true,""encoder_lr"":0.1,""log_every"":1,""loss"":""l2"",""model_lr"":0.001,""seed"":0,""steps"":1,""task"":""image"",""total_steps"":1}","{""flip-evaluator"":""1.7"",""lpips"":""0.1.4"",""torch"":""2.10.0+rocm7.0"",""torchmetrics"":""1.9.0""}",smoke_not_paper_comparable
smoke,smoke,kodim07,768,512,G-P-PEPS-25,0,lpips,0.9674690365791321,326144,10691,336835,3.5021538735582705,3.1118489699438214,2,4,9004fe2240b9e84c55ae641ba78c0ad5f83398a6,True,/home/aup/yy/workspace/peps/configs/paper/image_repro_smoke.toml,"{""batch_size"":512,""checkpoint_every"":1,""cosine"":true,""encoder_lr"":0.1,""log_every"":1,""loss"":""l2"",""model_lr"":0.001,""seed"":0,""steps"":1,""task"":""image"",""total_steps"":1}","{""flip-evaluator"":""1.7"",""lpips"":""0.1.4"",""torch"":""2.10.0+rocm7.0"",""torchmetrics"":""1.9.0""}",smoke_not_paper_comparable
smoke,smoke,kodim07,768,512,G-P-PEPS-25,0,lsd,0.08464772465734861,326144,10691,336835,3.5021538735582705,3.1118489699438214,2,4,9004fe2240b9e84c55ae641ba78c0ad5f83398a6,True,/home/aup/yy/workspace/peps/configs/paper/image_repro_smoke.toml,"{""batch_size"":512,""checkpoint_every"":1,""cosine"":true,""encoder_lr"":0.1,""log_every"":1,""loss"":""l2"",""model_lr"":0.001,""seed"":0,""steps"":1,""task"":""image"",""total_steps"":1}","{""flip-evaluator"":""1.7"",""lpips"":""0.1.4"",""torch"":""2.10.0+rocm7.0"",""torchmetrics"":""1.9.0""}",smoke_not_paper_comparable
smoke,smoke,kodim07,768,512,G-P-PEPS-25,0,psnr,7.508678705279646,326144,10691,336835,3.5021538735582705,3.1118489699438214,2,4,9004fe2240b9e84c55ae641ba78c0ad5f83398a6,True,/home/aup/yy/workspace/peps/configs/paper/image_repro_smoke.toml,"{""batch_size"":512,""checkpoint_every"":1,""cosine"":true,""encoder_lr"":0.1,""log_every"":1,""loss"":""l2"",""model_lr"":0.001,""seed"":0,""steps"":1,""task"":""image"",""total_steps"":1}","{""flip-evaluator"":""1.7"",""lpips"":""0.1.4"",""torch"":""2.10.0+rocm7.0"",""torchmetrics"":""1.9.0""}",smoke_not_paper_comparable
smoke,smoke,kodim07,768,512,G-P-PEPS-25,0,ssim,0.05663229897618294,326144,10691,336835,3.5021538735582705,3.1118489699438214,2,4,9004fe2240b9e84c55ae641ba78c0ad5f83398a6,True,/home/aup/yy/workspace/peps/configs/paper/image_repro_smoke.toml,"{""batch_size"":512,""checkpoint_every"":1,""cosine"":true,""encoder_lr"":0.1,""log_every"":1,""loss"":""l2"",""model_lr"":0.001,""seed"":0,""steps"":1,""task"":""image"",""total_steps"":1}","{""flip-evaluator"":""1.7"",""lpips"":""0.1.4"",""torch"":""2.10.0+rocm7.0"",""torchmetrics"":""1.9.0""}",smoke_not_paper_comparable
smoke,smoke,kodim08,768,512,PE,0,flip,0.851820707321167,0,194403,194403,6.068054505331708,3.019744564895518,3,4,9004fe2240b9e84c55ae641ba78c0ad5f83398a6,True,/home/aup/yy/workspace/peps/configs/paper/image_repro_smoke.toml,"{""batch_size"":512,""checkpoint_every"":1,""cosine"":true,""encoder_lr"":0.1,""log_every"":1,""loss"":""l2"",""model_lr"":0.001,""seed"":0,""steps"":1,""task"":""image"",""total_steps"":1}","{""flip-evaluator"":""1.7"",""lpips"":""0.1.4"",""torch"":""2.10.0+rocm7.0"",""torchmetrics"":""1.9.0""}",smoke_not_paper_comparable
smoke,smoke,kodim08,768,512,PE,0,lpips,1.0122852325439453,0,194403,194403,6.068054505331708,3.019744564895518,3,4,9004fe2240b9e84c55ae641ba78c0ad5f83398a6,True,/home/aup/yy/workspace/peps/configs/paper/image_repro_smoke.toml,"{""batch_size"":512,""checkpoint_every"":1,""cosine"":true,""encoder_lr"":0.1,""log_every"":1,""loss"":""l2"",""model_lr"":0.001,""seed"":0,""steps"":1,""task"":""image"",""total_steps"":1}","{""flip-evaluator"":""1.7"",""lpips"":""0.1.4"",""torch"":""2.10.0+rocm7.0"",""torchmetrics"":""1.9.0""}",smoke_not_paper_comparable
smoke,smoke,kodim08,768,512,PE,0,lsd,0.1346118598579806,0,194403,194403,6.068054505331708,3.019744564895518,3,4,9004fe2240b9e84c55ae641ba78c0ad5f83398a6,True,/home/aup/yy/workspace/peps/configs/paper/image_repro_smoke.toml,"{""batch_size"":512,""checkpoint_every"":1,""cosine"":true,""encoder_lr"":0.1,""log_every"":1,""loss"":""l2"",""model_lr"":0.001,""seed"":0,""steps"":1,""task"":""image"",""total_steps"":1}","{""flip-evaluator"":""1.7"",""lpips"":""0.1.4"",""torch"":""2.10.0+rocm7.0"",""torchmetrics"":""1.9.0""}",smoke_not_paper_comparable
smoke,smoke,kodim08,768,512,PE,0,psnr,5.479044266625306,0,194403,194403,6.068054505331708,3.019744564895518,3,4,9004fe2240b9e84c55ae641ba78c0ad5f83398a6,True,/home/aup/yy/workspace/peps/configs/paper/image_repro_smoke.toml,"{""batch_size"":512,""checkpoint_every"":1,""cosine"":true,""encoder_lr"":0.1,""log_every"":1,""loss"":""l2"",""model_lr"":0.001,""seed"":0,""steps"":1,""task"":""image"",""total_steps"":1}","{""flip-evaluator"":""1.7"",""lpips"":""0.1.4"",""torch"":""2.10.0+rocm7.0"",""torchmetrics"":""1.9.0""}",smoke_not_paper_comparable
smoke,smoke,kodim08,768,512,PE,0,ssim,0.006315731443464756,0,194403,194403,6.068054505331708,3.019744564895518,3,4,9004fe2240b9e84c55ae641ba78c0ad5f83398a6,True,/home/aup/yy/workspace/peps/configs/paper/image_repro_smoke.toml,"{""batch_size"":512,""checkpoint_every"":1,""cosine"":true,""encoder_lr"":0.1,""log_every"":1,""loss"":""l2"",""model_lr"":0.001,""seed"":0,""steps"":1,""task"":""image"",""total_steps"":1}","{""flip-evaluator"":""1.7"",""lpips"":""0.1.4"",""torch"":""2.10.0+rocm7.0"",""torchmetrics"":""1.9.0""}",smoke_not_paper_comparable
smoke,smoke,kodim08,768,512,LPE,0,flip,0.8617507815361023,401408,9603,411011,2.870112965346426,1.333390363957733,0,4,9004fe2240b9e84c55ae641ba78c0ad5f83398a6,True,/home/aup/yy/workspace/peps/configs/paper/image_repro_smoke.toml,"{""batch_size"":512,""checkpoint_every"":1,""cosine"":true,""encoder_lr"":0.1,""log_every"":1,""loss"":""l2"",""model_lr"":0.001,""seed"":0,""steps"":1,""task"":""image"",""total_steps"":1}","{""flip-evaluator"":""1.7"",""lpips"":""0.1.4"",""torch"":""2.10.0+rocm7.0"",""torchmetrics"":""1.9.0""}",smoke_not_paper_comparable
smoke,smoke,kodim08,768,512,LPE,0,lpips,1.024988055229187,401408,9603,411011,2.870112965346426,1.333390363957733,0,4,9004fe2240b9e84c55ae641ba78c0ad5f83398a6,True,/home/aup/yy/workspace/peps/configs/paper/image_repro_smoke.toml,"{""batch_size"":512,""checkpoint_every"":1,""cosine"":true,""encoder_lr"":0.1,""log_every"":1,""loss"":""l2"",""model_lr"":0.001,""seed"":0,""steps"":1,""task"":""image"",""total_steps"":1}","{""flip-evaluator"":""1.7"",""lpips"":""0.1.4"",""torch"":""2.10.0+rocm7.0"",""torchmetrics"":""1.9.0""}",smoke_not_paper_comparable
smoke,smoke,kodim08,768,512,LPE,0,lsd,0.13583948954485595,401408,9603,411011,2.870112965346426,1.333390363957733,0,4,9004fe2240b9e84c55ae641ba78c0ad5f83398a6,True,/home/aup/yy/workspace/peps/configs/paper/image_repro_smoke.toml,"{""batch_size"":512,""checkpoint_every"":1,""cosine"":true,""encoder_lr"":0.1,""log_every"":1,""loss"":""l2"",""model_lr"":0.001,""seed"":0,""steps"":1,""task"":""image"",""total_steps"":1}","{""flip-evaluator"":""1.7"",""lpips"":""0.1.4"",""torch"":""2.10.0+rocm7.0"",""torchmetrics"":""1.9.0""}",smoke_not_paper_comparable
smoke,smoke,kodim08,768,512,LPE,0,psnr,4.677390749365454,401408,9603,411011,2.870112965346426,1.333390363957733,0,4,9004fe2240b9e84c55ae641ba78c0ad5f83398a6,True,/home/aup/yy/workspace/peps/configs/paper/image_repro_smoke.toml,"{""batch_size"":512,""checkpoint_every"":1,""cosine"":true,""encoder_lr"":0.1,""log_every"":1,""loss"":""l2"",""model_lr"":0.001,""seed"":0,""steps"":1,""task"":""image"",""total_steps"":1}","{""flip-evaluator"":""1.7"",""lpips"":""0.1.4"",""torch"":""2.10.0+rocm7.0"",""torchmetrics"":""1.9.0""}",smoke_not_paper_comparable
smoke,smoke,kodim08,768,512,LPE,0,ssim,-0.0708126500248909,401408,9603,411011,2.870112965346426,1.333390363957733,0,4,9004fe2240b9e84c55ae641ba78c0ad5f83398a6,True,/home/aup/yy/workspace/peps/configs/paper/image_repro_smoke.toml,"{""batch_size"":512,""checkpoint_every"":1,""cosine"":true,""encoder_lr"":0.1,""log_every"":1,""loss"":""l2"",""model_lr"":0.001,""seed"":0,""steps"":1,""task"":""image"",""total_steps"":1}","{""flip-evaluator"":""1.7"",""lpips"":""0.1.4"",""torch"":""2.10.0+rocm7.0"",""torchmetrics"":""1.9.0""}",smoke_not_paper_comparable
smoke,smoke,kodim08,768,512,NTC_N,0,flip,0.8335330486297607,417792,13699,431491,2.733887844705915,2.799295842065476,1,4,9004fe2240b9e84c55ae641ba78c0ad5f83398a6,True,/home/aup/yy/workspace/peps/configs/paper/image_repro_smoke.toml,"{""batch_size"":512,""checkpoint_every"":1,""cosine"":true,""encoder_lr"":0.1,""log_every"":1,""loss"":""l2"",""model_lr"":0.001,""seed"":0,""steps"":1,""task"":""image"",""total_steps"":1}","{""flip-evaluator"":""1.7"",""lpips"":""0.1.4"",""torch"":""2.10.0+rocm7.0"",""torchmetrics"":""1.9.0""}",smoke_not_paper_comparable
smoke,smoke,kodim08,768,512,NTC_N,0,lpips,1.0239946842193604,417792,13699,431491,2.733887844705915,2.799295842065476,1,4,9004fe2240b9e84c55ae641ba78c0ad5f83398a6,True,/home/aup/yy/workspace/peps/configs/paper/image_repro_smoke.toml,"{""batch_size"":512,""checkpoint_every"":1,""cosine"":true,""encoder_lr"":0.1,""log_every"":1,""loss"":""l2"",""model_lr"":0.001,""seed"":0,""steps"":1,""task"":""image"",""total_steps"":1}","{""flip-evaluator"":""1.7"",""lpips"":""0.1.4"",""torch"":""2.10.0+rocm7.0"",""torchmetrics"":""1.9.0""}",smoke_not_paper_comparable
smoke,smoke,kodim08,768,512,NTC_N,0,lsd,0.13541239855355414,417792,13699,431491,2.733887844705915,2.799295842065476,1,4,9004fe2240b9e84c55ae641ba78c0ad5f83398a6,True,/home/aup/yy/workspace/peps/configs/paper/image_repro_smoke.toml,"{""batch_size"":512,""checkpoint_every"":1,""cosine"":true,""encoder_lr"":0.1,""log_every"":1,""loss"":""l2"",""model_lr"":0.001,""seed"":0,""steps"":1,""task"":""image"",""total_steps"":1}","{""flip-evaluator"":""1.7"",""lpips"":""0.1.4"",""torch"":""2.10.0+rocm7.0"",""torchmetrics"":""1.9.0""}",smoke_not_paper_comparable
smoke,smoke,kodim08,768,512,NTC_N,0,psnr,6.040123700101071,417792,13699,431491,2.733887844705915,2.799295842065476,1,4,9004fe2240b9e84c55ae641ba78c0ad5f83398a6,True,/home/aup/yy/workspace/peps/configs/paper/image_repro_smoke.toml,"{""batch_size"":512,""checkpoint_every"":1,""cosine"":true,""encoder_lr"":0.1,""log_every"":1,""loss"":""l2"",""model_lr"":0.001,""seed"":0,""steps"":1,""task"":""image"",""total_steps"":1}","{""flip-evaluator"":""1.7"",""lpips"":""0.1.4"",""torch"":""2.10.0+rocm7.0"",""torchmetrics"":""1.9.0""}",smoke_not_paper_comparable
smoke,smoke,kodim08,768,512,NTC_N,0,ssim,0.058377817273139954,417792,13699,431491,2.733887844705915,2.799295842065476,1,4,9004fe2240b9e84c55ae641ba78c0ad5f83398a6,True,/home/aup/yy/workspace/peps/configs/paper/image_repro_smoke.toml,"{""batch_size"":512,""checkpoint_every"":1,""cosine"":true,""encoder_lr"":0.1,""log_every"":1,""loss"":""l2"",""model_lr"":0.001,""seed"":0,""steps"":1,""task"":""image"",""total_steps"":1}","{""flip-evaluator"":""1.7"",""lpips"":""0.1.4"",""torch"":""2.10.0+rocm7.0"",""torchmetrics"":""1.9.0""}",smoke_not_paper_comparable
smoke,smoke,kodim08,768,512,Grid,0,flip,0.8607061505317688,426496,9667,436163,2.704603554175847,2.9609149870229885,2,4,9004fe2240b9e84c55ae641ba78c0ad5f83398a6,True,/home/aup/yy/workspace/peps/configs/paper/image_repro_smoke.toml,"{""batch_size"":512,""checkpoint_every"":1,""cosine"":true,""encoder_lr"":0.1,""log_every"":1,""loss"":""l2"",""model_lr"":0.001,""seed"":0,""steps"":1,""task"":""image"",""total_steps"":1}","{""flip-evaluator"":""1.7"",""lpips"":""0.1.4"",""torch"":""2.10.0+rocm7.0"",""torchmetrics"":""1.9.0""}",smoke_not_paper_comparable
smoke,smoke,kodim08,768,512,Grid,0,lpips,1.044169545173645,426496,9667,436163,2.704603554175847,2.9609149870229885,2,4,9004fe2240b9e84c55ae641ba78c0ad5f83398a6,True,/home/aup/yy/workspace/peps/configs/paper/image_repro_smoke.toml,"{""batch_size"":512,""checkpoint_every"":1,""cosine"":true,""encoder_lr"":0.1,""log_every"":1,""loss"":""l2"",""model_lr"":0.001,""seed"":0,""steps"":1,""task"":""image"",""total_steps"":1}","{""flip-evaluator"":""1.7"",""lpips"":""0.1.4"",""torch"":""2.10.0+rocm7.0"",""torchmetrics"":""1.9.0""}",smoke_not_paper_comparable
smoke,smoke,kodim08,768,512,Grid,0,lsd,0.13564532832905185,426496,9667,436163,2.704603554175847,2.9609149870229885,2,4,9004fe2240b9e84c55ae641ba78c0ad5f83398a6,True,/home/aup/yy/workspace/peps/configs/paper/image_repro_smoke.toml,"{""batch_size"":512,""checkpoint_every"":1,""cosine"":true,""encoder_lr"":0.1,""log_every"":1,""loss"":""l2"",""model_lr"":0.001,""seed"":0,""steps"":1,""task"":""image"",""total_steps"":1}","{""flip-evaluator"":""1.7"",""lpips"":""0.1.4"",""torch"":""2.10.0+rocm7.0"",""torchmetrics"":""1.9.0""}",smoke_not_paper_comparable
smoke,smoke,kodim08,768,512,Grid,0,psnr,4.812024880050647,426496,9667,436163,2.704603554175847,2.9609149870229885,2,4,9004fe2240b9e84c55ae641ba78c0ad5f83398a6,True,/home/aup/yy/workspace/peps/configs/paper/image_repro_smoke.toml,"{""batch_size"":512,""checkpoint_every"":1,""cosine"":true,""encoder_lr"":0.1,""log_every"":1,""loss"":""l2"",""model_lr"":0.001,""seed"":0,""steps"":1,""task"":""image"",""total_steps"":1}","{""flip-evaluator"":""1.7"",""lpips"":""0.1.4"",""torch"":""2.10.0+rocm7.0"",""torchmetrics"":""1.9.0""}",smoke_not_paper_comparable
smoke,smoke,kodim08,768,512,Grid,0,ssim,-0.047988180071115494,426496,9667,436163,2.704603554175847,2.9609149870229885,2,4,9004fe2240b9e84c55ae641ba78c0ad5f83398a6,True,/home/aup/yy/workspace/peps/configs/paper/image_repro_smoke.toml,"{""batch_size"":512,""checkpoint_every"":1,""cosine"":true,""encoder_lr"":0.1,""log_every"":1,""loss"":""l2"",""model_lr"":0.001,""seed"":0,""steps"":1,""task"":""image"",""total_steps"":1}","{""flip-evaluator"":""1.7"",""lpips"":""0.1.4"",""torch"":""2.10.0+rocm7.0"",""torchmetrics"":""1.9.0""}",smoke_not_paper_comparable
smoke,smoke,kodim08,768,512,G-PEPS,0,flip,0.814251720905304,426496,16195,442691,2.6647209904877216,1.3623700849711895,3,4,9004fe2240b9e84c55ae641ba78c0ad5f83398a6,True,/home/aup/yy/workspace/peps/configs/paper/image_repro_smoke.toml,"{""batch_size"":512,""checkpoint_every"":1,""cosine"":true,""encoder_lr"":0.1,""log_every"":1,""loss"":""l2"",""model_lr"":0.001,""seed"":0,""steps"":1,""task"":""image"",""total_steps"":1}","{""flip-evaluator"":""1.7"",""lpips"":""0.1.4"",""torch"":""2.10.0+rocm7.0"",""torchmetrics"":""1.9.0""}",smoke_not_paper_comparable
smoke,smoke,kodim08,768,512,G-PEPS,0,lpips,1.0972589254379272,426496,16195,442691,2.6647209904877216,1.3623700849711895,3,4,9004fe2240b9e84c55ae641ba78c0ad5f83398a6,True,/home/aup/yy/workspace/peps/configs/paper/image_repro_smoke.toml,"{""batch_size"":512,""checkpoint_every"":1,""cosine"":true,""encoder_lr"":0.1,""log_every"":1,""loss"":""l2"",""model_lr"":0.001,""seed"":0,""steps"":1,""task"":""image"",""total_steps"":1}","{""flip-evaluator"":""1.7"",""lpips"":""0.1.4"",""torch"":""2.10.0+rocm7.0"",""torchmetrics"":""1.9.0""}",smoke_not_paper_comparable
smoke,smoke,kodim08,768,512,G-PEPS,0,lsd,0.13541690356949684,426496,16195,442691,2.6647209904877216,1.3623700849711895,3,4,9004fe2240b9e84c55ae641ba78c0ad5f83398a6,True,/home/aup/yy/workspace/peps/configs/paper/image_repro_smoke.toml,"{""batch_size"":512,""checkpoint_every"":1,""cosine"":true,""encoder_lr"":0.1,""log_every"":1,""loss"":""l2"",""model_lr"":0.001,""seed"":0,""steps"":1,""task"":""image"",""total_steps"":1}","{""flip-evaluator"":""1.7"",""lpips"":""0.1.4"",""torch"":""2.10.0+rocm7.0"",""torchmetrics"":""1.9.0""}",smoke_not_paper_comparable
smoke,smoke,kodim08,768,512,G-PEPS,0,psnr,5.495203118619727,426496,16195,442691,2.6647209904877216,1.3623700849711895,3,4,9004fe2240b9e84c55ae641ba78c0ad5f83398a6,True,/home/aup/yy/workspace/peps/configs/paper/image_repro_smoke.toml,"{""batch_size"":512,""checkpoint_every"":1,""cosine"":true,""encoder_lr"":0.1,""log_every"":1,""loss"":""l2"",""model_lr"":0.001,""seed"":0,""steps"":1,""task"":""image"",""total_steps"":1}","{""flip-evaluator"":""1.7"",""lpips"":""0.1.4"",""torch"":""2.10.0+rocm7.0"",""torchmetrics"":""1.9.0""}",smoke_not_paper_comparable
smoke,smoke,kodim08,768,512,G-PEPS,0,ssim,0.009965620003640652,426496,16195,442691,2.6647209904877216,1.3623700849711895,3,4,9004fe2240b9e84c55ae641ba78c0ad5f83398a6,True,/home/aup/yy/workspace/peps/configs/paper/image_repro_smoke.toml,"{""batch_size"":512,""checkpoint_every"":1,""cosine"":true,""encoder_lr"":0.1,""log_every"":1,""loss"":""l2"",""model_lr"":0.001,""seed"":0,""steps"":1,""task"":""image"",""total_steps"":1}","{""flip-evaluator"":""1.7"",""lpips"":""0.1.4"",""torch"":""2.10.0+rocm7.0"",""torchmetrics"":""1.9.0""}",smoke_not_paper_comparable
smoke,smoke,kodim08,768,512,G-P-PEPS,0,flip,0.8514227271080017,426496,11459,437955,2.69353700722677,3.068059101002291,0,4,9004fe2240b9e84c55ae641ba78c0ad5f83398a6,True,/home/aup/yy/workspace/peps/configs/paper/image_repro_smoke.toml,"{""batch_size"":512,""checkpoint_every"":1,""cosine"":true,""encoder_lr"":0.1,""log_every"":1,""loss"":""l2"",""model_lr"":0.001,""seed"":0,""steps"":1,""task"":""image"",""total_steps"":1}","{""flip-evaluator"":""1.7"",""lpips"":""0.1.4"",""torch"":""2.10.0+rocm7.0"",""torchmetrics"":""1.9.0""}",smoke_not_paper_comparable
smoke,smoke,kodim08,768,512,G-P-PEPS,0,lpips,1.0271461009979248,426496,11459,437955,2.69353700722677,3.068059101002291,0,4,9004fe2240b9e84c55ae641ba78c0ad5f83398a6,True,/home/aup/yy/workspace/peps/configs/paper/image_repro_smoke.toml,"{""batch_size"":512,""checkpoint_every"":1,""cosine"":true,""encoder_lr"":0.1,""log_every"":1,""loss"":""l2"",""model_lr"":0.001,""seed"":0,""steps"":1,""task"":""image"",""total_steps"":1}","{""flip-evaluator"":""1.7"",""lpips"":""0.1.4"",""torch"":""2.10.0+rocm7.0"",""torchmetrics"":""1.9.0""}",smoke_not_paper_comparable
smoke,smoke,kodim08,768,512,G-P-PEPS,0,lsd,0.13549248212346235,426496,11459,437955,2.69353700722677,3.068059101002291,0,4,9004fe2240b9e84c55ae641ba78c0ad5f83398a6,True,/home/aup/yy/workspace/peps/configs/paper/image_repro_smoke.toml,"{""batch_size"":512,""checkpoint_every"":1,""cosine"":true,""encoder_lr"":0.1,""log_every"":1,""loss"":""l2"",""model_lr"":0.001,""seed"":0,""steps"":1,""task"":""image"",""total_steps"":1}","{""flip-evaluator"":""1.7"",""lpips"":""0.1.4"",""torch"":""2.10.0+rocm7.0"",""torchmetrics"":""1.9.0""}",smoke_not_paper_comparable
smoke,smoke,kodim08,768,512,G-P-PEPS,0,psnr,5.6238962986679875,426496,11459,437955,2.69353700722677,3.068059101002291,0,4,9004fe2240b9e84c55ae641ba78c0ad5f83398a6,True,/home/aup/yy/workspace/peps/configs/paper/image_repro_smoke.toml,"{""batch_size"":512,""checkpoint_every"":1,""cosine"":true,""encoder_lr"":0.1,""log_every"":1,""loss"":""l2"",""model_lr"":0.001,""seed"":0,""steps"":1,""task"":""image"",""total_steps"":1}","{""flip-evaluator"":""1.7"",""lpips"":""0.1.4"",""torch"":""2.10.0+rocm7.0"",""torchmetrics"":""1.9.0""}",smoke_not_paper_comparable
smoke,smoke,kodim08,768,512,G-P-PEPS,0,ssim,0.020835144445300102,426496,11459,437955,2.69353700722677,3.068059101002291,0,4,9004fe2240b9e84c55ae641ba78c0ad5f83398a6,True,/home/aup/yy/workspace/peps/configs/paper/image_repro_smoke.toml,"{""batch_size"":512,""checkpoint_every"":1,""cosine"":true,""encoder_lr"":0.1,""log_every"":1,""loss"":""l2"",""model_lr"":0.001,""seed"":0,""steps"":1,""task"":""image"",""total_steps"":1}","{""flip-evaluator"":""1.7"",""lpips"":""0.1.4"",""torch"":""2.10.0+rocm7.0"",""torchmetrics"":""1.9.0""}",smoke_not_paper_comparable
smoke,smoke,kodim08,768,512,NTC_PEPS,0,flip,0.8273892402648926,417792,39811,457603,2.577885197430961,2.935566087020561,1,4,9004fe2240b9e84c55ae641ba78c0ad5f83398a6,True,/home/aup/yy/workspace/peps/configs/paper/image_repro_smoke.toml,"{""batch_size"":512,""checkpoint_every"":1,""cosine"":true,""encoder_lr"":0.1,""log_every"":1,""loss"":""l2"",""model_lr"":0.001,""seed"":0,""steps"":1,""task"":""image"",""total_steps"":1}","{""flip-evaluator"":""1.7"",""lpips"":""0.1.4"",""torch"":""2.10.0+rocm7.0"",""torchmetrics"":""1.9.0""}",smoke_not_paper_comparable
smoke,smoke,kodim08,768,512,NTC_PEPS,0,lpips,1.0208191871643066,417792,39811,457603,2.577885197430961,2.935566087020561,1,4,9004fe2240b9e84c55ae641ba78c0ad5f83398a6,True,/home/aup/yy/workspace/peps/configs/paper/image_repro_smoke.toml,"{""batch_size"":512,""checkpoint_every"":1,""cosine"":true,""encoder_lr"":0.1,""log_every"":1,""loss"":""l2"",""model_lr"":0.001,""seed"":0,""steps"":1,""task"":""image"",""total_steps"":1}","{""flip-evaluator"":""1.7"",""lpips"":""0.1.4"",""torch"":""2.10.0+rocm7.0"",""torchmetrics"":""1.9.0""}",smoke_not_paper_comparable
smoke,smoke,kodim08,768,512,NTC_PEPS,0,lsd,0.1348625582945322,417792,39811,457603,2.577885197430961,2.935566087020561,1,4,9004fe2240b9e84c55ae641ba78c0ad5f83398a6,True,/home/aup/yy/workspace/peps/configs/paper/image_repro_smoke.toml,"{""batch_size"":512,""checkpoint_every"":1,""cosine"":true,""encoder_lr"":0.1,""log_every"":1,""loss"":""l2"",""model_lr"":0.001,""seed"":0,""steps"":1,""task"":""image"",""total_steps"":1}","{""flip-evaluator"":""1.7"",""lpips"":""0.1.4"",""torch"":""2.10.0+rocm7.0"",""torchmetrics"":""1.9.0""}",smoke_not_paper_comparable
smoke,smoke,kodim08,768,512,NTC_PEPS,0,psnr,6.729118441489196,417792,39811,457603,2.577885197430961,2.935566087020561,1,4,9004fe2240b9e84c55ae641ba78c0ad5f83398a6,True,/home/aup/yy/workspace/peps/configs/paper/image_repro_smoke.toml,"{""batch_size"":512,""checkpoint_every"":1,""cosine"":true,""encoder_lr"":0.1,""log_every"":1,""loss"":""l2"",""model_lr"":0.001,""seed"":0,""steps"":1,""task"":""image"",""total_steps"":1}","{""flip-evaluator"":""1.7"",""lpips"":""0.1.4"",""torch"":""2.10.0+rocm7.0"",""torchmetrics"":""1.9.0""}",smoke_not_paper_comparable
smoke,smoke,kodim08,768,512,NTC_PEPS,0,ssim,0.10713646560907364,417792,39811,457603,2.577885197430961,2.935566087020561,1,4,9004fe2240b9e84c55ae641ba78c0ad5f83398a6,True,/home/aup/yy/workspace/peps/configs/paper/image_repro_smoke.toml,"{""batch_size"":512,""checkpoint_every"":1,""cosine"":true,""encoder_lr"":0.1,""log_every"":1,""loss"":""l2"",""model_lr"":0.001,""seed"":0,""steps"":1,""task"":""image"",""total_steps"":1}","{""flip-evaluator"":""1.7"",""lpips"":""0.1.4"",""torch"":""2.10.0+rocm7.0"",""torchmetrics"":""1.9.0""}",smoke_not_paper_comparable
smoke,smoke,kodim08,768,512,NTC_PinkPEPS,0,flip,0.8492565751075745,417792,21251,439043,2.6868621069006906,2.8379975609714165,2,4,9004fe2240b9e84c55ae641ba78c0ad5f83398a6,True,/home/aup/yy/workspace/peps/configs/paper/image_repro_smoke.toml,"{""batch_size"":512,""checkpoint_every"":1,""cosine"":true,""encoder_lr"":0.1,""log_every"":1,""loss"":""l2"",""model_lr"":0.001,""seed"":0,""steps"":1,""task"":""image"",""total_steps"":1}","{""flip-evaluator"":""1.7"",""lpips"":""0.1.4"",""torch"":""2.10.0+rocm7.0"",""torchmetrics"":""1.9.0""}",smoke_not_paper_comparable
smoke,smoke,kodim08,768,512,NTC_PinkPEPS,0,lpips,1.0789128541946411,417792,21251,439043,2.6868621069006906,2.8379975609714165,2,4,9004fe2240b9e84c55ae641ba78c0ad5f83398a6,True,/home/aup/yy/workspace/peps/configs/paper/image_repro_smoke.toml,"{""batch_size"":512,""checkpoint_every"":1,""cosine"":true,""encoder_lr"":0.1,""log_every"":1,""loss"":""l2"",""model_lr"":0.001,""seed"":0,""steps"":1,""task"":""image"",""total_steps"":1}","{""flip-evaluator"":""1.7"",""lpips"":""0.1.4"",""torch"":""2.10.0+rocm7.0"",""torchmetrics"":""1.9.0""}",smoke_not_paper_comparable
smoke,smoke,kodim08,768,512,NTC_PinkPEPS,0,lsd,0.13508052392803713,417792,21251,439043,2.6868621069006906,2.8379975609714165,2,4,9004fe2240b9e84c55ae641ba78c0ad5f83398a6,True,/home/aup/yy/workspace/peps/configs/paper/image_repro_smoke.toml,"{""batch_size"":512,""checkpoint_every"":1,""cosine"":true,""encoder_lr"":0.1,""log_every"":1,""loss"":""l2"",""model_lr"":0.001,""seed"":0,""steps"":1,""task"":""image"",""total_steps"":1}","{""flip-evaluator"":""1.7"",""lpips"":""0.1.4"",""torch"":""2.10.0+rocm7.0"",""torchmetrics"":""1.9.0""}",smoke_not_paper_comparable
smoke,smoke,kodim08,768,512,NTC_PinkPEPS,0,psnr,5.4106513566889625,417792,21251,439043,2.6868621069006906,2.8379975609714165,2,4,9004fe2240b9e84c55ae641ba78c0ad5f83398a6,True,/home/aup/yy/workspace/peps/configs/paper/image_repro_smoke.toml,"{""batch_size"":512,""checkpoint_every"":1,""cosine"":true,""encoder_lr"":0.1,""log_every"":1,""loss"":""l2"",""model_lr"":0.001,""seed"":0,""steps"":1,""task"":""image"",""total_steps"":1}","{""flip-evaluator"":""1.7"",""lpips"":""0.1.4"",""torch"":""2.10.0+rocm7.0"",""torchmetrics"":""1.9.0""}",smoke_not_paper_comparable
smoke,smoke,kodim08,768,512,NTC_PinkPEPS,0,ssim,0.005690642632544041,417792,21251,439043,2.6868621069006906,2.8379975609714165,2,4,9004fe2240b9e84c55ae641ba78c0ad5f83398a6,True,/home/aup/yy/workspace/peps/configs/paper/image_repro_smoke.toml,"{""batch_size"":512,""checkpoint_every"":1,""cosine"":true,""encoder_lr"":0.1,""log_every"":1,""loss"":""l2"",""model_lr"":0.001,""seed"":0,""steps"":1,""task"":""image"",""total_steps"":1}","{""flip-evaluator"":""1.7"",""lpips"":""0.1.4"",""torch"":""2.10.0+rocm7.0"",""torchmetrics"":""1.9.0""}",smoke_not_paper_comparable
smoke,smoke,kodim08,768,512,G-P-PEPS-25,0,flip,0.8536434769630432,326144,10691,336835,3.5021538735582705,3.0135346580063924,3,4,9004fe2240b9e84c55ae641ba78c0ad5f83398a6,True,/home/aup/yy/workspace/peps/configs/paper/image_repro_smoke.toml,"{""batch_size"":512,""checkpoint_every"":1,""cosine"":true,""encoder_lr"":0.1,""log_every"":1,""loss"":""l2"",""model_lr"":0.001,""seed"":0,""steps"":1,""task"":""image"",""total_steps"":1}","{""flip-evaluator"":""1.7"",""lpips"":""0.1.4"",""torch"":""2.10.0+rocm7.0"",""torchmetrics"":""1.9.0""}",smoke_not_paper_comparable
smoke,smoke,kodim08,768,512,G-P-PEPS-25,0,lpips,1.019383192062378,326144,10691,336835,3.5021538735582705,3.0135346580063924,3,4,9004fe2240b9e84c55ae641ba78c0ad5f83398a6,True,/home/aup/yy/workspace/peps/configs/paper/image_repro_smoke.toml,"{""batch_size"":512,""checkpoint_every"":1,""cosine"":true,""encoder_lr"":0.1,""log_every"":1,""loss"":""l2"",""model_lr"":0.001,""seed"":0,""steps"":1,""task"":""image"",""total_steps"":1}","{""flip-evaluator"":""1.7"",""lpips"":""0.1.4"",""torch"":""2.10.0+rocm7.0"",""torchmetrics"":""1.9.0""}",smoke_not_paper_comparable
smoke,smoke,kodim08,768,512,G-P-PEPS-25,0,lsd,0.1356079909589912,326144,10691,336835,3.5021538735582705,3.0135346580063924,3,4,9004fe2240b9e84c55ae641ba78c0ad5f83398a6,True,/home/aup/yy/workspace/peps/configs/paper/image_repro_smoke.toml,"{""batch_size"":512,""checkpoint_every"":1,""cosine"":true,""encoder_lr"":0.1,""log_every"":1,""loss"":""l2"",""model_lr"":0.001,""seed"":0,""steps"":1,""task"":""image"",""total_steps"":1}","{""flip-evaluator"":""1.7"",""lpips"":""0.1.4"",""torch"":""2.10.0+rocm7.0"",""torchmetrics"":""1.9.0""}",smoke_not_paper_comparable
smoke,smoke,kodim08,768,512,G-P-PEPS-25,0,psnr,5.712470765168848,326144,10691,336835,3.5021538735582705,3.0135346580063924,3,4,9004fe2240b9e84c55ae641ba78c0ad5f83398a6,True,/home/aup/yy/workspace/peps/configs/paper/image_repro_smoke.toml,"{""batch_size"":512,""checkpoint_every"":1,""cosine"":true,""encoder_lr"":0.1,""log_every"":1,""loss"":""l2"",""model_lr"":0.001,""seed"":0,""steps"":1,""task"":""image"",""total_steps"":1}","{""flip-evaluator"":""1.7"",""lpips"":""0.1.4"",""torch"":""2.10.0+rocm7.0"",""torchmetrics"":""1.9.0""}",smoke_not_paper_comparable
smoke,smoke,kodim08,768,512,G-P-PEPS-25,0,ssim,0.028240306302905083,326144,10691,336835,3.5021538735582705,3.0135346580063924,3,4,9004fe2240b9e84c55ae641ba78c0ad5f83398a6,True,/home/aup/yy/workspace/peps/configs/paper/image_repro_smoke.toml,"{""batch_size"":512,""checkpoint_every"":1,""cosine"":true,""encoder_lr"":0.1,""log_every"":1,""loss"":""l2"",""model_lr"":0.001,""seed"":0,""steps"":1,""task"":""image"",""total_steps"":1}","{""flip-evaluator"":""1.7"",""lpips"":""0.1.4"",""torch"":""2.10.0+rocm7.0"",""torchmetrics"":""1.9.0""}",smoke_not_paper_comparable
smoke,smoke,kodim09,512,768,PE,0,flip,0.9083941578865051,0,194403,194403,6.068054505331708,2.9088588890153915,0,4,9004fe2240b9e84c55ae641ba78c0ad5f83398a6,True,/home/aup/yy/workspace/peps/configs/paper/image_repro_smoke.toml,"{""batch_size"":512,""checkpoint_every"":1,""cosine"":true,""encoder_lr"":0.1,""log_every"":1,""loss"":""l2"",""model_lr"":0.001,""seed"":0,""steps"":1,""task"":""image"",""total_steps"":1}","{""flip-evaluator"":""1.7"",""lpips"":""0.1.4"",""torch"":""2.10.0+rocm7.0"",""torchmetrics"":""1.9.0""}",smoke_not_paper_comparable
smoke,smoke,kodim09,512,768,PE,0,lpips,0.9646402597427368,0,194403,194403,6.068054505331708,2.9088588890153915,0,4,9004fe2240b9e84c55ae641ba78c0ad5f83398a6,True,/home/aup/yy/workspace/peps/configs/paper/image_repro_smoke.toml,"{""batch_size"":512,""checkpoint_every"":1,""cosine"":true,""encoder_lr"":0.1,""log_every"":1,""loss"":""l2"",""model_lr"":0.001,""seed"":0,""steps"":1,""task"":""image"",""total_steps"":1}","{""flip-evaluator"":""1.7"",""lpips"":""0.1.4"",""torch"":""2.10.0+rocm7.0"",""torchmetrics"":""1.9.0""}",smoke_not_paper_comparable
smoke,smoke,kodim09,512,768,PE,0,lsd,0.07665264767024225,0,194403,194403,6.068054505331708,2.9088588890153915,0,4,9004fe2240b9e84c55ae641ba78c0ad5f83398a6,True,/home/aup/yy/workspace/peps/configs/paper/image_repro_smoke.toml,"{""batch_size"":512,""checkpoint_every"":1,""cosine"":true,""encoder_lr"":0.1,""log_every"":1,""loss"":""l2"",""model_lr"":0.001,""seed"":0,""steps"":1,""task"":""image"",""total_steps"":1}","{""flip-evaluator"":""1.7"",""lpips"":""0.1.4"",""torch"":""2.10.0+rocm7.0"",""torchmetrics"":""1.9.0""}",smoke_not_paper_comparable
smoke,smoke,kodim09,512,768,PE,0,psnr,5.570154986364466,0,194403,194403,6.068054505331708,2.9088588890153915,0,4,9004fe2240b9e84c55ae641ba78c0ad5f83398a6,True,/home/aup/yy/workspace/peps/configs/paper/image_repro_smoke.toml,"{""batch_size"":512,""checkpoint_every"":1,""cosine"":true,""encoder_lr"":0.1,""log_every"":1,""loss"":""l2"",""model_lr"":0.001,""seed"":0,""steps"":1,""task"":""image"",""total_steps"":1}","{""flip-evaluator"":""1.7"",""lpips"":""0.1.4"",""torch"":""2.10.0+rocm7.0"",""torchmetrics"":""1.9.0""}",smoke_not_paper_comparable
smoke,smoke,kodim09,512,768,PE,0,ssim,0.010799148119986057,0,194403,194403,6.068054505331708,2.9088588890153915,0,4,9004fe2240b9e84c55ae641ba78c0ad5f83398a6,True,/home/aup/yy/workspace/peps/configs/paper/image_repro_smoke.toml,"{""batch_size"":512,""checkpoint_every"":1,""cosine"":true,""encoder_lr"":0.1,""log_every"":1,""loss"":""l2"",""model_lr"":0.001,""seed"":0,""steps"":1,""task"":""image"",""total_steps"":1}","{""flip-evaluator"":""1.7"",""lpips"":""0.1.4"",""torch"":""2.10.0+rocm7.0"",""torchmetrics"":""1.9.0""}",smoke_not_paper_comparable
smoke,smoke,kodim09,512,768,LPE,0,flip,0.9152171611785889,401408,9603,411011,2.870112965346426,3.11634788592346,1,4,9004fe2240b9e84c55ae641ba78c0ad5f83398a6,True,/home/aup/yy/workspace/peps/configs/paper/image_repro_smoke.toml,"{""batch_size"":512,""checkpoint_every"":1,""cosine"":true,""encoder_lr"":0.1,""log_every"":1,""loss"":""l2"",""model_lr"":0.001,""seed"":0,""steps"":1,""task"":""image"",""total_steps"":1}","{""flip-evaluator"":""1.7"",""lpips"":""0.1.4"",""torch"":""2.10.0+rocm7.0"",""torchmetrics"":""1.9.0""}",smoke_not_paper_comparable
smoke,smoke,kodim09,512,768,LPE,0,lpips,0.9586226344108582,401408,9603,411011,2.870112965346426,3.11634788592346,1,4,9004fe2240b9e84c55ae641ba78c0ad5f83398a6,True,/home/aup/yy/workspace/peps/configs/paper/image_repro_smoke.toml,"{""batch_size"":512,""checkpoint_every"":1,""cosine"":true,""encoder_lr"":0.1,""log_every"":1,""loss"":""l2"",""model_lr"":0.001,""seed"":0,""steps"":1,""task"":""image"",""total_steps"":1}","{""flip-evaluator"":""1.7"",""lpips"":""0.1.4"",""torch"":""2.10.0+rocm7.0"",""torchmetrics"":""1.9.0""}",smoke_not_paper_comparable
smoke,smoke,kodim09,512,768,LPE,0,lsd,0.07809115076382607,401408,9603,411011,2.870112965346426,3.11634788592346,1,4,9004fe2240b9e84c55ae641ba78c0ad5f83398a6,True,/home/aup/yy/workspace/peps/configs/paper/image_repro_smoke.toml,"{""batch_size"":512,""checkpoint_every"":1,""cosine"":true,""encoder_lr"":0.1,""log_every"":1,""loss"":""l2"",""model_lr"":0.001,""seed"":0,""steps"":1,""task"":""image"",""total_steps"":1}","{""flip-evaluator"":""1.7"",""lpips"":""0.1.4"",""torch"":""2.10.0+rocm7.0"",""torchmetrics"":""1.9.0""}",smoke_not_paper_comparable
smoke,smoke,kodim09,512,768,LPE,0,psnr,4.715611899195214,401408,9603,411011,2.870112965346426,3.11634788592346,1,4,9004fe2240b9e84c55ae641ba78c0ad5f83398a6,True,/home/aup/yy/workspace/peps/configs/paper/image_repro_smoke.toml,"{""batch_size"":512,""checkpoint_every"":1,""cosine"":true,""encoder_lr"":0.1,""log_every"":1,""loss"":""l2"",""model_lr"":0.001,""seed"":0,""steps"":1,""task"":""image"",""total_steps"":1}","{""flip-evaluator"":""1.7"",""lpips"":""0.1.4"",""torch"":""2.10.0+rocm7.0"",""torchmetrics"":""1.9.0""}",smoke_not_paper_comparable
smoke,smoke,kodim09,512,768,LPE,0,ssim,-0.14329203963279724,401408,9603,411011,2.870112965346426,3.11634788592346,1,4,9004fe2240b9e84c55ae641ba78c0ad5f83398a6,True,/home/aup/yy/workspace/peps/configs/paper/image_repro_smoke.toml,"{""batch_size"":512,""checkpoint_every"":1,""cosine"":true,""encoder_lr"":0.1,""log_every"":1,""loss"":""l2"",""model_lr"":0.001,""seed"":0,""steps"":1,""task"":""image"",""total_steps"":1}","{""flip-evaluator"":""1.7"",""lpips"":""0.1.4"",""torch"":""2.10.0+rocm7.0"",""torchmetrics"":""1.9.0""}",smoke_not_paper_comparable
smoke,smoke,kodim09,512,768,NTC_N,0,flip,0.8938931822776794,417792,13699,431491,2.733887844705915,1.4546222200151533,2,4,9004fe2240b9e84c55ae641ba78c0ad5f83398a6,True,/home/aup/yy/workspace/peps/configs/paper/image_repro_smoke.toml,"{""batch_size"":512,""checkpoint_every"":1,""cosine"":true,""encoder_lr"":0.1,""log_every"":1,""loss"":""l2"",""model_lr"":0.001,""seed"":0,""steps"":1,""task"":""image"",""total_steps"":1}","{""flip-evaluator"":""1.7"",""lpips"":""0.1.4"",""torch"":""2.10.0+rocm7.0"",""torchmetrics"":""1.9.0""}",smoke_not_paper_comparable
smoke,smoke,kodim09,512,768,NTC_N,0,lpips,0.9210189580917358,417792,13699,431491,2.733887844705915,1.4546222200151533,2,4,9004fe2240b9e84c55ae641ba78c0ad5f83398a6,True,/home/aup/yy/workspace/peps/configs/paper/image_repro_smoke.toml,"{""batch_size"":512,""checkpoint_every"":1,""cosine"":true,""encoder_lr"":0.1,""log_every"":1,""loss"":""l2"",""model_lr"":0.001,""seed"":0,""steps"":1,""task"":""image"",""total_steps"":1}","{""flip-evaluator"":""1.7"",""lpips"":""0.1.4"",""torch"":""2.10.0+rocm7.0"",""torchmetrics"":""1.9.0""}",smoke_not_paper_comparable
smoke,smoke,kodim09,512,768,NTC_N,0,lsd,0.0776696532283854,417792,13699,431491,2.733887844705915,1.4546222200151533,2,4,9004fe2240b9e84c55ae641ba78c0ad5f83398a6,True,/home/aup/yy/workspace/peps/configs/paper/image_repro_smoke.toml,"{""batch_size"":512,""checkpoint_every"":1,""cosine"":true,""encoder_lr"":0.1,""log_every"":1,""loss"":""l2"",""model_lr"":0.001,""seed"":0,""steps"":1,""task"":""image"",""total_steps"":1}","{""flip-evaluator"":""1.7"",""lpips"":""0.1.4"",""torch"":""2.10.0+rocm7.0"",""torchmetrics"":""1.9.0""}",smoke_not_paper_comparable
smoke,smoke,kodim09,512,768,NTC_N,0,psnr,6.197817303048602,417792,13699,431491,2.733887844705915,1.4546222200151533,2,4,9004fe2240b9e84c55ae641ba78c0ad5f83398a6,True,/home/aup/yy/workspace/peps/configs/paper/image_repro_smoke.toml,"{""batch_size"":512,""checkpoint_every"":1,""cosine"":true,""encoder_lr"":0.1,""log_every"":1,""loss"":""l2"",""model_lr"":0.001,""seed"":0,""steps"":1,""task"":""image"",""total_steps"":1}","{""flip-evaluator"":""1.7"",""lpips"":""0.1.4"",""torch"":""2.10.0+rocm7.0"",""torchmetrics"":""1.9.0""}",smoke_not_paper_comparable
smoke,smoke,kodim09,512,768,NTC_N,0,ssim,0.11502158641815186,417792,13699,431491,2.733887844705915,1.4546222200151533,2,4,9004fe2240b9e84c55ae641ba78c0ad5f83398a6,True,/home/aup/yy/workspace/peps/configs/paper/image_repro_smoke.toml,"{""batch_size"":512,""checkpoint_every"":1,""cosine"":true,""encoder_lr"":0.1,""log_every"":1,""loss"":""l2"",""model_lr"":0.001,""seed"":0,""steps"":1,""task"":""image"",""total_steps"":1}","{""flip-evaluator"":""1.7"",""lpips"":""0.1.4"",""torch"":""2.10.0+rocm7.0"",""torchmetrics"":""1.9.0""}",smoke_not_paper_comparable
smoke,smoke,kodim09,512,768,Grid,0,flip,0.9145007729530334,426496,9667,436163,2.704603554175847,3.064995832974091,3,4,9004fe2240b9e84c55ae641ba78c0ad5f83398a6,True,/home/aup/yy/workspace/peps/configs/paper/image_repro_smoke.toml,"{""batch_size"":512,""checkpoint_every"":1,""cosine"":true,""encoder_lr"":0.1,""log_every"":1,""loss"":""l2"",""model_lr"":0.001,""seed"":0,""steps"":1,""task"":""image"",""total_steps"":1}","{""flip-evaluator"":""1.7"",""lpips"":""0.1.4"",""torch"":""2.10.0+rocm7.0"",""torchmetrics"":""1.9.0""}",smoke_not_paper_comparable
smoke,smoke,kodim09,512,768,Grid,0,lpips,0.9937636852264404,426496,9667,436163,2.704603554175847,3.064995832974091,3,4,9004fe2240b9e84c55ae641ba78c0ad5f83398a6,True,/home/aup/yy/workspace/peps/configs/paper/image_repro_smoke.toml,"{""batch_size"":512,""checkpoint_every"":1,""cosine"":true,""encoder_lr"":0.1,""log_every"":1,""loss"":""l2"",""model_lr"":0.001,""seed"":0,""steps"":1,""task"":""image"",""total_steps"":1}","{""flip-evaluator"":""1.7"",""lpips"":""0.1.4"",""torch"":""2.10.0+rocm7.0"",""torchmetrics"":""1.9.0""}",smoke_not_paper_comparable
smoke,smoke,kodim09,512,768,Grid,0,lsd,0.07784853895714876,426496,9667,436163,2.704603554175847,3.064995832974091,3,4,9004fe2240b9e84c55ae641ba78c0ad5f83398a6,True,/home/aup/yy/workspace/peps/configs/paper/image_repro_smoke.toml,"{""batch_size"":512,""checkpoint_every"":1,""cosine"":true,""encoder_lr"":0.1,""log_every"":1,""loss"":""l2"",""model_lr"":0.001,""seed"":0,""steps"":1,""task"":""image"",""total_steps"":1}","{""flip-evaluator"":""1.7"",""lpips"":""0.1.4"",""torch"":""2.10.0+rocm7.0"",""torchmetrics"":""1.9.0""}",smoke_not_paper_comparable
smoke,smoke,kodim09,512,768,Grid,0,psnr,4.863433081921107,426496,9667,436163,2.704603554175847,3.064995832974091,3,4,9004fe2240b9e84c55ae641ba78c0ad5f83398a6,True,/home/aup/yy/workspace/peps/configs/paper/image_repro_smoke.toml,"{""batch_size"":512,""checkpoint_every"":1,""cosine"":true,""encoder_lr"":0.1,""log_every"":1,""loss"":""l2"",""model_lr"":0.001,""seed"":0,""steps"":1,""task"":""image"",""total_steps"":1}","{""flip-evaluator"":""1.7"",""lpips"":""0.1.4"",""torch"":""2.10.0+rocm7.0"",""torchmetrics"":""1.9.0""}",smoke_not_paper_comparable
smoke,smoke,kodim09,512,768,Grid,0,ssim,-0.10157766938209534,426496,9667,436163,2.704603554175847,3.064995832974091,3,4,9004fe2240b9e84c55ae641ba78c0ad5f83398a6,True,/home/aup/yy/workspace/peps/configs/paper/image_repro_smoke.toml,"{""batch_size"":512,""checkpoint_every"":1,""cosine"":true,""encoder_lr"":0.1,""log_every"":1,""loss"":""l2"",""model_lr"":0.001,""seed"":0,""steps"":1,""task"":""image"",""total_steps"":1}","{""flip-evaluator"":""1.7"",""lpips"":""0.1.4"",""torch"":""2.10.0+rocm7.0"",""torchmetrics"":""1.9.0""}",smoke_not_paper_comparable
smoke,smoke,kodim09,512,768,G-PEPS,0,flip,0.8699465394020081,426496,16195,442691,2.6647209904877216,3.1793646280420944,0,4,9004fe2240b9e84c55ae641ba78c0ad5f83398a6,True,/home/aup/yy/workspace/peps/configs/paper/image_repro_smoke.toml,"{""batch_size"":512,""checkpoint_every"":1,""cosine"":true,""encoder_lr"":0.1,""log_every"":1,""loss"":""l2"",""model_lr"":0.001,""seed"":0,""steps"":1,""task"":""image"",""total_steps"":1}","{""flip-evaluator"":""1.7"",""lpips"":""0.1.4"",""torch"":""2.10.0+rocm7.0"",""torchmetrics"":""1.9.0""}",smoke_not_paper_comparable
smoke,smoke,kodim09,512,768,G-PEPS,0,lpips,0.9572992324829102,426496,16195,442691,2.6647209904877216,3.1793646280420944,0,4,9004fe2240b9e84c55ae641ba78c0ad5f83398a6,True,/home/aup/yy/workspace/peps/configs/paper/image_repro_smoke.toml,"{""batch_size"":512,""checkpoint_every"":1,""cosine"":true,""encoder_lr"":0.1,""log_every"":1,""loss"":""l2"",""model_lr"":0.001,""seed"":0,""steps"":1,""task"":""image"",""total_steps"":1}","{""flip-evaluator"":""1.7"",""lpips"":""0.1.4"",""torch"":""2.10.0+rocm7.0"",""torchmetrics"":""1.9.0""}",smoke_not_paper_comparable
smoke,smoke,kodim09,512,768,G-PEPS,0,lsd,0.0776805384842623,426496,16195,442691,2.6647209904877216,3.1793646280420944,0,4,9004fe2240b9e84c55ae641ba78c0ad5f83398a6,True,/home/aup/yy/workspace/peps/configs/paper/image_repro_smoke.toml,"{""batch_size"":512,""checkpoint_every"":1,""cosine"":true,""encoder_lr"":0.1,""log_every"":1,""loss"":""l2"",""model_lr"":0.001,""seed"":0,""steps"":1,""task"":""image"",""total_steps"":1}","{""flip-evaluator"":""1.7"",""lpips"":""0.1.4"",""torch"":""2.10.0+rocm7.0"",""torchmetrics"":""1.9.0""}",smoke_not_paper_comparable
smoke,smoke,kodim09,512,768,G-PEPS,0,psnr,5.635975679392146,426496,16195,442691,2.6647209904877216,3.1793646280420944,0,4,9004fe2240b9e84c55ae641ba78c0ad5f83398a6,True,/home/aup/yy/workspace/peps/configs/paper/image_repro_smoke.toml,"{""batch_size"":512,""checkpoint_every"":1,""cosine"":true,""encoder_lr"":0.1,""log_every"":1,""loss"":""l2"",""model_lr"":0.001,""seed"":0,""steps"":1,""task"":""image"",""total_steps"":1}","{""flip-evaluator"":""1.7"",""lpips"":""0.1.4"",""torch"":""2.10.0+rocm7.0"",""torchmetrics"":""1.9.0""}",smoke_not_paper_comparable
smoke,smoke,kodim09,512,768,G-PEPS,0,ssim,0.02011868730187416,426496,16195,442691,2.6647209904877216,3.1793646280420944,0,4,9004fe2240b9e84c55ae641ba78c0ad5f83398a6,True,/home/aup/yy/workspace/peps/configs/paper/image_repro_smoke.toml,"{""batch_size"":512,""checkpoint_every"":1,""cosine"":true,""encoder_lr"":0.1,""log_every"":1,""loss"":""l2"",""model_lr"":0.001,""seed"":0,""steps"":1,""task"":""image"",""total_steps"":1}","{""flip-evaluator"":""1.7"",""lpips"":""0.1.4"",""torch"":""2.10.0+rocm7.0"",""torchmetrics"":""1.9.0""}",smoke_not_paper_comparable
smoke,smoke,kodim09,512,768,G-P-PEPS,0,flip,0.9080808758735657,426496,11459,437955,2.69353700722677,4.69701810204424,1,4,9004fe2240b9e84c55ae641ba78c0ad5f83398a6,True,/home/aup/yy/workspace/peps/configs/paper/image_repro_smoke.toml,"{""batch_size"":512,""checkpoint_every"":1,""cosine"":true,""encoder_lr"":0.1,""log_every"":1,""loss"":""l2"",""model_lr"":0.001,""seed"":0,""steps"":1,""task"":""image"",""total_steps"":1}","{""flip-evaluator"":""1.7"",""lpips"":""0.1.4"",""torch"":""2.10.0+rocm7.0"",""torchmetrics"":""1.9.0""}",smoke_not_paper_comparable
smoke,smoke,kodim09,512,768,G-P-PEPS,0,lpips,0.9488997459411621,426496,11459,437955,2.69353700722677,4.69701810204424,1,4,9004fe2240b9e84c55ae641ba78c0ad5f83398a6,True,/home/aup/yy/workspace/peps/configs/paper/image_repro_smoke.toml,"{""batch_size"":512,""checkpoint_every"":1,""cosine"":true,""encoder_lr"":0.1,""log_every"":1,""loss"":""l2"",""model_lr"":0.001,""seed"":0,""steps"":1,""task"":""image"",""total_steps"":1}","{""flip-evaluator"":""1.7"",""lpips"":""0.1.4"",""torch"":""2.10.0+rocm7.0"",""torchmetrics"":""1.9.0""}",smoke_not_paper_comparable
smoke,smoke,kodim09,512,768,G-P-PEPS,0,lsd,0.07776583846755036,426496,11459,437955,2.69353700722677,4.69701810204424,1,4,9004fe2240b9e84c55ae641ba78c0ad5f83398a6,True,/home/aup/yy/workspace/peps/configs/paper/image_repro_smoke.toml,"{""batch_size"":512,""checkpoint_every"":1,""cosine"":true,""encoder_lr"":0.1,""log_every"":1,""loss"":""l2"",""model_lr"":0.001,""seed"":0,""steps"":1,""task"":""image"",""total_steps"":1}","{""flip-evaluator"":""1.7"",""lpips"":""0.1.4"",""torch"":""2.10.0+rocm7.0"",""torchmetrics"":""1.9.0""}",smoke_not_paper_comparable
smoke,smoke,kodim09,512,768,G-P-PEPS,0,psnr,5.7333351571942,426496,11459,437955,2.69353700722677,4.69701810204424,1,4,9004fe2240b9e84c55ae641ba78c0ad5f83398a6,True,/home/aup/yy/workspace/peps/configs/paper/image_repro_smoke.toml,"{""batch_size"":512,""checkpoint_every"":1,""cosine"":true,""encoder_lr"":0.1,""log_every"":1,""loss"":""l2"",""model_lr"":0.001,""seed"":0,""steps"":1,""task"":""image"",""total_steps"":1}","{""flip-evaluator"":""1.7"",""lpips"":""0.1.4"",""torch"":""2.10.0+rocm7.0"",""torchmetrics"":""1.9.0""}",smoke_not_paper_comparable
smoke,smoke,kodim09,512,768,G-P-PEPS,0,ssim,0.040519412606954575,426496,11459,437955,2.69353700722677,4.69701810204424,1,4,9004fe2240b9e84c55ae641ba78c0ad5f83398a6,True,/home/aup/yy/workspace/peps/configs/paper/image_repro_smoke.toml,"{""batch_size"":512,""checkpoint_every"":1,""cosine"":true,""encoder_lr"":0.1,""log_every"":1,""loss"":""l2"",""model_lr"":0.001,""seed"":0,""steps"":1,""task"":""image"",""total_steps"":1}","{""flip-evaluator"":""1.7"",""lpips"":""0.1.4"",""torch"":""2.10.0+rocm7.0"",""torchmetrics"":""1.9.0""}",smoke_not_paper_comparable
smoke,smoke,kodim09,512,768,NTC_PEPS,0,flip,0.8942024111747742,417792,39811,457603,2.577885197430961,2.7875971029279754,2,4,9004fe2240b9e84c55ae641ba78c0ad5f83398a6,True,/home/aup/yy/workspace/peps/configs/paper/image_repro_smoke.toml,"{""batch_size"":512,""checkpoint_every"":1,""cosine"":true,""encoder_lr"":0.1,""log_every"":1,""loss"":""l2"",""model_lr"":0.001,""seed"":0,""steps"":1,""task"":""image"",""total_steps"":1}","{""flip-evaluator"":""1.7"",""lpips"":""0.1.4"",""torch"":""2.10.0+rocm7.0"",""torchmetrics"":""1.9.0""}",smoke_not_paper_comparable
smoke,smoke,kodim09,512,768,NTC_PEPS,0,lpips,0.9731700420379639,417792,39811,457603,2.577885197430961,2.7875971029279754,2,4,9004fe2240b9e84c55ae641ba78c0ad5f83398a6,True,/home/aup/yy/workspace/peps/configs/paper/image_repro_smoke.toml,"{""batch_size"":512,""checkpoint_every"":1,""cosine"":true,""encoder_lr"":0.1,""log_every"":1,""loss"":""l2"",""model_lr"":0.001,""seed"":0,""steps"":1,""task"":""image"",""total_steps"":1}","{""flip-evaluator"":""1.7"",""lpips"":""0.1.4"",""torch"":""2.10.0+rocm7.0"",""torchmetrics"":""1.9.0""}",smoke_not_paper_comparable
smoke,smoke,kodim09,512,768,NTC_PEPS,0,lsd,0.07713826298765813,417792,39811,457603,2.577885197430961,2.7875971029279754,2,4,9004fe2240b9e84c55ae641ba78c0ad5f83398a6,True,/home/aup/yy/workspace/peps/configs/paper/image_repro_smoke.toml,"{""batch_size"":512,""checkpoint_every"":1,""cosine"":true,""encoder_lr"":0.1,""log_every"":1,""loss"":""l2"",""model_lr"":0.001,""seed"":0,""steps"":1,""task"":""image"",""total_steps"":1}","{""flip-evaluator"":""1.7"",""lpips"":""0.1.4"",""torch"":""2.10.0+rocm7.0"",""torchmetrics"":""1.9.0""}",smoke_not_paper_comparable
smoke,smoke,kodim09,512,768,NTC_PEPS,0,psnr,6.94214089593571,417792,39811,457603,2.577885197430961,2.7875971029279754,2,4,9004fe2240b9e84c55ae641ba78c0ad5f83398a6,True,/home/aup/yy/workspace/peps/configs/paper/image_repro_smoke.toml,"{""batch_size"":512,""checkpoint_every"":1,""cosine"":true,""encoder_lr"":0.1,""log_every"":1,""loss"":""l2"",""model_lr"":0.001,""seed"":0,""steps"":1,""task"":""image"",""total_steps"":1}","{""flip-evaluator"":""1.7"",""lpips"":""0.1.4"",""torch"":""2.10.0+rocm7.0"",""torchmetrics"":""1.9.0""}",smoke_not_paper_comparable
smoke,smoke,kodim09,512,768,NTC_PEPS,0,ssim,0.22839315235614777,417792,39811,457603,2.577885197430961,2.7875971029279754,2,4,9004fe2240b9e84c55ae641ba78c0ad5f83398a6,True,/home/aup/yy/workspace/peps/configs/paper/image_repro_smoke.toml,"{""batch_size"":512,""checkpoint_every"":1,""cosine"":true,""encoder_lr"":0.1,""log_every"":1,""loss"":""l2"",""model_lr"":0.001,""seed"":0,""steps"":1,""task"":""image"",""total_steps"":1}","{""flip-evaluator"":""1.7"",""lpips"":""0.1.4"",""torch"":""2.10.0+rocm7.0"",""torchmetrics"":""1.9.0""}",smoke_not_paper_comparable
smoke,smoke,kodim09,512,768,NTC_PinkPEPS,0,flip,0.9062049984931946,417792,21251,439043,2.6868621069006906,6.088320298003964,3,4,9004fe2240b9e84c55ae641ba78c0ad5f83398a6,True,/home/aup/yy/workspace/peps/configs/paper/image_repro_smoke.toml,"{""batch_size"":512,""checkpoint_every"":1,""cosine"":true,""encoder_lr"":0.1,""log_every"":1,""loss"":""l2"",""model_lr"":0.001,""seed"":0,""steps"":1,""task"":""image"",""total_steps"":1}","{""flip-evaluator"":""1.7"",""lpips"":""0.1.4"",""torch"":""2.10.0+rocm7.0"",""torchmetrics"":""1.9.0""}",smoke_not_paper_comparable
smoke,smoke,kodim09,512,768,NTC_PinkPEPS,0,lpips,0.9421064257621765,417792,21251,439043,2.6868621069006906,6.088320298003964,3,4,9004fe2240b9e84c55ae641ba78c0ad5f83398a6,True,/home/aup/yy/workspace/peps/configs/paper/image_repro_smoke.toml,"{""batch_size"":512,""checkpoint_every"":1,""cosine"":true,""encoder_lr"":0.1,""log_every"":1,""loss"":""l2"",""model_lr"":0.001,""seed"":0,""steps"":1,""task"":""image"",""total_steps"":1}","{""flip-evaluator"":""1.7"",""lpips"":""0.1.4"",""torch"":""2.10.0+rocm7.0"",""torchmetrics"":""1.9.0""}",smoke_not_paper_comparable
smoke,smoke,kodim09,512,768,NTC_PinkPEPS,0,lsd,0.077355121469988,417792,21251,439043,2.6868621069006906,6.088320298003964,3,4,9004fe2240b9e84c55ae641ba78c0ad5f83398a6,True,/home/aup/yy/workspace/peps/configs/paper/image_repro_smoke.toml,"{""batch_size"":512,""checkpoint_every"":1,""cosine"":true,""encoder_lr"":0.1,""log_every"":1,""loss"":""l2"",""model_lr"":0.001,""seed"":0,""steps"":1,""task"":""image"",""total_steps"":1}","{""flip-evaluator"":""1.7"",""lpips"":""0.1.4"",""torch"":""2.10.0+rocm7.0"",""torchmetrics"":""1.9.0""}",smoke_not_paper_comparable
smoke,smoke,kodim09,512,768,NTC_PinkPEPS,0,psnr,5.525907606831286,417792,21251,439043,2.6868621069006906,6.088320298003964,3,4,9004fe2240b9e84c55ae641ba78c0ad5f83398a6,True,/home/aup/yy/workspace/peps/configs/paper/image_repro_smoke.toml,"{""batch_size"":512,""checkpoint_every"":1,""cosine"":true,""encoder_lr"":0.1,""log_every"":1,""loss"":""l2"",""model_lr"":0.001,""seed"":0,""steps"":1,""task"":""image"",""total_steps"":1}","{""flip-evaluator"":""1.7"",""lpips"":""0.1.4"",""torch"":""2.10.0+rocm7.0"",""torchmetrics"":""1.9.0""}",smoke_not_paper_comparable
smoke,smoke,kodim09,512,768,NTC_PinkPEPS,0,ssim,0.003658085595816374,417792,21251,439043,2.6868621069006906,6.088320298003964,3,4,9004fe2240b9e84c55ae641ba78c0ad5f83398a6,True,/home/aup/yy/workspace/peps/configs/paper/image_repro_smoke.toml,"{""batch_size"":512,""checkpoint_every"":1,""cosine"":true,""encoder_lr"":0.1,""log_every"":1,""loss"":""l2"",""model_lr"":0.001,""seed"":0,""steps"":1,""task"":""image"",""total_steps"":1}","{""flip-evaluator"":""1.7"",""lpips"":""0.1.4"",""torch"":""2.10.0+rocm7.0"",""torchmetrics"":""1.9.0""}",smoke_not_paper_comparable
smoke,smoke,kodim09,512,768,G-P-PEPS-25,0,flip,0.9098140597343445,326144,10691,336835,3.5021538735582705,4.92796476802323,0,4,9004fe2240b9e84c55ae641ba78c0ad5f83398a6,True,/home/aup/yy/workspace/peps/configs/paper/image_repro_smoke.toml,"{""batch_size"":512,""checkpoint_every"":1,""cosine"":true,""encoder_lr"":0.1,""log_every"":1,""loss"":""l2"",""model_lr"":0.001,""seed"":0,""steps"":1,""task"":""image"",""total_steps"":1}","{""flip-evaluator"":""1.7"",""lpips"":""0.1.4"",""torch"":""2.10.0+rocm7.0"",""torchmetrics"":""1.9.0""}",smoke_not_paper_comparable
smoke,smoke,kodim09,512,768,G-P-PEPS-25,0,lpips,0.9642744064331055,326144,10691,336835,3.5021538735582705,4.92796476802323,0,4,9004fe2240b9e84c55ae641ba78c0ad5f83398a6,True,/home/aup/yy/workspace/peps/configs/paper/image_repro_smoke.toml,"{""batch_size"":512,""checkpoint_every"":1,""cosine"":true,""encoder_lr"":0.1,""log_every"":1,""loss"":""l2"",""model_lr"":0.001,""seed"":0,""steps"":1,""task"":""image"",""total_steps"":1}","{""flip-evaluator"":""1.7"",""lpips"":""0.1.4"",""torch"":""2.10.0+rocm7.0"",""torchmetrics"":""1.9.0""}",smoke_not_paper_comparable
smoke,smoke,kodim09,512,768,G-P-PEPS-25,0,lsd,0.07789750970404268,326144,10691,336835,3.5021538735582705,4.92796476802323,0,4,9004fe2240b9e84c55ae641ba78c0ad5f83398a6,True,/home/aup/yy/workspace/peps/configs/paper/image_repro_smoke.toml,"{""batch_size"":512,""checkpoint_every"":1,""cosine"":true,""encoder_lr"":0.1,""log_every"":1,""loss"":""l2"",""model_lr"":0.001,""seed"":0,""steps"":1,""task"":""image"",""total_steps"":1}","{""flip-evaluator"":""1.7"",""lpips"":""0.1.4"",""torch"":""2.10.0+rocm7.0"",""torchmetrics"":""1.9.0""}",smoke_not_paper_comparable
smoke,smoke,kodim09,512,768,G-P-PEPS-25,0,psnr,5.82055735160409,326144,10691,336835,3.5021538735582705,4.92796476802323,0,4,9004fe2240b9e84c55ae641ba78c0ad5f83398a6,True,/home/aup/yy/workspace/peps/configs/paper/image_repro_smoke.toml,"{""batch_size"":512,""checkpoint_every"":1,""cosine"":true,""encoder_lr"":0.1,""log_every"":1,""loss"":""l2"",""model_lr"":0.001,""seed"":0,""steps"":1,""task"":""image"",""total_steps"":1}","{""flip-evaluator"":""1.7"",""lpips"":""0.1.4"",""torch"":""2.10.0+rocm7.0"",""torchmetrics"":""1.9.0""}",smoke_not_paper_comparable
smoke,smoke,kodim09,512,768,G-P-PEPS-25,0,ssim,0.0578499510884285,326144,10691,336835,3.5021538735582705,4.92796476802323,0,4,9004fe2240b9e84c55ae641ba78c0ad5f83398a6,True,/home/aup/yy/workspace/peps/configs/paper/image_repro_smoke.toml,"{""batch_size"":512,""checkpoint_every"":1,""cosine"":true,""encoder_lr"":0.1,""log_every"":1,""loss"":""l2"",""model_lr"":0.001,""seed"":0,""steps"":1,""task"":""image"",""total_steps"":1}","{""flip-evaluator"":""1.7"",""lpips"":""0.1.4"",""torch"":""2.10.0+rocm7.0"",""torchmetrics"":""1.9.0""}",smoke_not_paper_comparable
smoke,smoke,kodim10,512,768,PE,0,flip,0.8806386590003967,0,194403,194403,6.068054505331708,4.7577581809600815,1,4,9004fe2240b9e84c55ae641ba78c0ad5f83398a6,True,/home/aup/yy/workspace/peps/configs/paper/image_repro_smoke.toml,"{""batch_size"":512,""checkpoint_every"":1,""cosine"":true,""encoder_lr"":0.1,""log_every"":1,""loss"":""l2"",""model_lr"":0.001,""seed"":0,""steps"":1,""task"":""image"",""total_steps"":1}","{""flip-evaluator"":""1.7"",""lpips"":""0.1.4"",""torch"":""2.10.0+rocm7.0"",""torchmetrics"":""1.9.0""}",smoke_not_paper_comparable
smoke,smoke,kodim10,512,768,PE,0,lpips,1.035910964012146,0,194403,194403,6.068054505331708,4.7577581809600815,1,4,9004fe2240b9e84c55ae641ba78c0ad5f83398a6,True,/home/aup/yy/workspace/peps/configs/paper/image_repro_smoke.toml,"{""batch_size"":512,""checkpoint_every"":1,""cosine"":true,""encoder_lr"":0.1,""log_every"":1,""loss"":""l2"",""model_lr"":0.001,""seed"":0,""steps"":1,""task"":""image"",""total_steps"":1}","{""flip-evaluator"":""1.7"",""lpips"":""0.1.4"",""torch"":""2.10.0+rocm7.0"",""torchmetrics"":""1.9.0""}",smoke_not_paper_comparable
smoke,smoke,kodim10,512,768,PE,0,lsd,0.07312874957801724,0,194403,194403,6.068054505331708,4.7577581809600815,1,4,9004fe2240b9e84c55ae641ba78c0ad5f83398a6,True,/home/aup/yy/workspace/peps/configs/paper/image_repro_smoke.toml,"{""batch_size"":512,""checkpoint_every"":1,""cosine"":true,""encoder_lr"":0.1,""log_every"":1,""loss"":""l2"",""model_lr"":0.001,""seed"":0,""steps"":1,""task"":""image"",""total_steps"":1}","{""flip-evaluator"":""1.7"",""lpips"":""0.1.4"",""torch"":""2.10.0+rocm7.0"",""torchmetrics"":""1.9.0""}",smoke_not_paper_comparable
smoke,smoke,kodim10,512,768,PE,0,psnr,6.211292470584832,0,194403,194403,6.068054505331708,4.7577581809600815,1,4,9004fe2240b9e84c55ae641ba78c0ad5f83398a6,True,/home/aup/yy/workspace/peps/configs/paper/image_repro_smoke.toml,"{""batch_size"":512,""checkpoint_every"":1,""cosine"":true,""encoder_lr"":0.1,""log_every"":1,""loss"":""l2"",""model_lr"":0.001,""seed"":0,""steps"":1,""task"":""image"",""total_steps"":1}","{""flip-evaluator"":""1.7"",""lpips"":""0.1.4"",""torch"":""2.10.0+rocm7.0"",""torchmetrics"":""1.9.0""}",smoke_not_paper_comparable
smoke,smoke,kodim10,512,768,PE,0,ssim,0.011967357248067856,0,194403,194403,6.068054505331708,4.7577581809600815,1,4,9004fe2240b9e84c55ae641ba78c0ad5f83398a6,True,/home/aup/yy/workspace/peps/configs/paper/image_repro_smoke.toml,"{""batch_size"":512,""checkpoint_every"":1,""cosine"":true,""encoder_lr"":0.1,""log_every"":1,""loss"":""l2"",""model_lr"":0.001,""seed"":0,""steps"":1,""task"":""image"",""total_steps"":1}","{""flip-evaluator"":""1.7"",""lpips"":""0.1.4"",""torch"":""2.10.0+rocm7.0"",""torchmetrics"":""1.9.0""}",smoke_not_paper_comparable
smoke,smoke,kodim10,512,768,LPE,0,flip,0.8907601833343506,401408,9603,411011,2.870112965346426,5.5151553800096735,2,4,9004fe2240b9e84c55ae641ba78c0ad5f83398a6,True,/home/aup/yy/workspace/peps/configs/paper/image_repro_smoke.toml,"{""batch_size"":512,""checkpoint_every"":1,""cosine"":true,""encoder_lr"":0.1,""log_every"":1,""loss"":""l2"",""model_lr"":0.001,""seed"":0,""steps"":1,""task"":""image"",""total_steps"":1}","{""flip-evaluator"":""1.7"",""lpips"":""0.1.4"",""torch"":""2.10.0+rocm7.0"",""torchmetrics"":""1.9.0""}",smoke_not_paper_comparable
smoke,smoke,kodim10,512,768,LPE,0,lpips,1.039719820022583,401408,9603,411011,2.870112965346426,5.5151553800096735,2,4,9004fe2240b9e84c55ae641ba78c0ad5f83398a6,True,/home/aup/yy/workspace/peps/configs/paper/image_repro_smoke.toml,"{""batch_size"":512,""checkpoint_every"":1,""cosine"":true,""encoder_lr"":0.1,""log_every"":1,""loss"":""l2"",""model_lr"":0.001,""seed"":0,""steps"":1,""task"":""image"",""total_steps"":1}","{""flip-evaluator"":""1.7"",""lpips"":""0.1.4"",""torch"":""2.10.0+rocm7.0"",""torchmetrics"":""1.9.0""}",smoke_not_paper_comparable
smoke,smoke,kodim10,512,768,LPE,0,lsd,0.07465792769661968,401408,9603,411011,2.870112965346426,5.5151553800096735,2,4,9004fe2240b9e84c55ae641ba78c0ad5f83398a6,True,/home/aup/yy/workspace/peps/configs/paper/image_repro_smoke.toml,"{""batch_size"":512,""checkpoint_every"":1,""cosine"":true,""encoder_lr"":0.1,""log_every"":1,""loss"":""l2"",""model_lr"":0.001,""seed"":0,""steps"":1,""task"":""image"",""total_steps"":1}","{""flip-evaluator"":""1.7"",""lpips"":""0.1.4"",""torch"":""2.10.0+rocm7.0"",""torchmetrics"":""1.9.0""}",smoke_not_paper_comparable
smoke,smoke,kodim10,512,768,LPE,0,psnr,5.306489883957055,401408,9603,411011,2.870112965346426,5.5151553800096735,2,4,9004fe2240b9e84c55ae641ba78c0ad5f83398a6,True,/home/aup/yy/workspace/peps/configs/paper/image_repro_smoke.toml,"{""batch_size"":512,""checkpoint_every"":1,""cosine"":true,""encoder_lr"":0.1,""log_every"":1,""loss"":""l2"",""model_lr"":0.001,""seed"":0,""steps"":1,""task"":""image"",""total_steps"":1}","{""flip-evaluator"":""1.7"",""lpips"":""0.1.4"",""torch"":""2.10.0+rocm7.0"",""torchmetrics"":""1.9.0""}",smoke_not_paper_comparable
smoke,smoke,kodim10,512,768,LPE,0,ssim,-0.1496085822582245,401408,9603,411011,2.870112965346426,5.5151553800096735,2,4,9004fe2240b9e84c55ae641ba78c0ad5f83398a6,True,/home/aup/yy/workspace/peps/configs/paper/image_repro_smoke.toml,"{""batch_size"":512,""checkpoint_every"":1,""cosine"":true,""encoder_lr"":0.1,""log_every"":1,""loss"":""l2"",""model_lr"":0.001,""seed"":0,""steps"":1,""task"":""image"",""total_steps"":1}","{""flip-evaluator"":""1.7"",""lpips"":""0.1.4"",""torch"":""2.10.0+rocm7.0"",""torchmetrics"":""1.9.0""}",smoke_not_paper_comparable
smoke,smoke,kodim10,512,768,NTC_N,0,flip,0.8595657348632812,417792,13699,431491,2.733887844705915,3.886480479966849,3,4,9004fe2240b9e84c55ae641ba78c0ad5f83398a6,True,/home/aup/yy/workspace/peps/configs/paper/image_repro_smoke.toml,"{""batch_size"":512,""checkpoint_every"":1,""cosine"":true,""encoder_lr"":0.1,""log_every"":1,""loss"":""l2"",""model_lr"":0.001,""seed"":0,""steps"":1,""task"":""image"",""total_steps"":1}","{""flip-evaluator"":""1.7"",""lpips"":""0.1.4"",""torch"":""2.10.0+rocm7.0"",""torchmetrics"":""1.9.0""}",smoke_not_paper_comparable
smoke,smoke,kodim10,512,768,NTC_N,0,lpips,1.0078290700912476,417792,13699,431491,2.733887844705915,3.886480479966849,3,4,9004fe2240b9e84c55ae641ba78c0ad5f83398a6,True,/home/aup/yy/workspace/peps/configs/paper/image_repro_smoke.toml,"{""batch_size"":512,""checkpoint_every"":1,""cosine"":true,""encoder_lr"":0.1,""log_every"":1,""loss"":""l2"",""model_lr"":0.001,""seed"":0,""steps"":1,""task"":""image"",""total_steps"":1}","{""flip-evaluator"":""1.7"",""lpips"":""0.1.4"",""torch"":""2.10.0+rocm7.0"",""torchmetrics"":""1.9.0""}",smoke_not_paper_comparable
smoke,smoke,kodim10,512,768,NTC_N,0,lsd,0.07423474390909948,417792,13699,431491,2.733887844705915,3.886480479966849,3,4,9004fe2240b9e84c55ae641ba78c0ad5f83398a6,True,/home/aup/yy/workspace/peps/configs/paper/image_repro_smoke.toml,"{""batch_size"":512,""checkpoint_every"":1,""cosine"":true,""encoder_lr"":0.1,""log_every"":1,""loss"":""l2"",""model_lr"":0.001,""seed"":0,""steps"":1,""task"":""image"",""total_steps"":1}","{""flip-evaluator"":""1.7"",""lpips"":""0.1.4"",""torch"":""2.10.0+rocm7.0"",""torchmetrics"":""1.9.0""}",smoke_not_paper_comparable
smoke,smoke,kodim10,512,768,NTC_N,0,psnr,6.887367378515229,417792,13699,431491,2.733887844705915,3.886480479966849,3,4,9004fe2240b9e84c55ae641ba78c0ad5f83398a6,True,/home/aup/yy/workspace/peps/configs/paper/image_repro_smoke.toml,"{""batch_size"":512,""checkpoint_every"":1,""cosine"":true,""encoder_lr"":0.1,""log_every"":1,""loss"":""l2"",""model_lr"":0.001,""seed"":0,""steps"":1,""task"":""image"",""total_steps"":1}","{""flip-evaluator"":""1.7"",""lpips"":""0.1.4"",""torch"":""2.10.0+rocm7.0"",""torchmetrics"":""1.9.0""}",smoke_not_paper_comparable
smoke,smoke,kodim10,512,768,NTC_N,0,ssim,0.11971911787986755,417792,13699,431491,2.733887844705915,3.886480479966849,3,4,9004fe2240b9e84c55ae641ba78c0ad5f83398a6,True,/home/aup/yy/workspace/peps/configs/paper/image_repro_smoke.toml,"{""batch_size"":512,""checkpoint_every"":1,""cosine"":true,""encoder_lr"":0.1,""log_every"":1,""loss"":""l2"",""model_lr"":0.001,""seed"":0,""steps"":1,""task"":""image"",""total_steps"":1}","{""flip-evaluator"":""1.7"",""lpips"":""0.1.4"",""torch"":""2.10.0+rocm7.0"",""torchmetrics"":""1.9.0""}",smoke_not_paper_comparable
smoke,smoke,kodim10,512,768,Grid,0,flip,0.8896754384040833,426496,9667,436163,2.704603554175847,4.168634247966111,0,4,9004fe2240b9e84c55ae641ba78c0ad5f83398a6,True,/home/aup/yy/workspace/peps/configs/paper/image_repro_smoke.toml,"{""batch_size"":512,""checkpoint_every"":1,""cosine"":true,""encoder_lr"":0.1,""log_every"":1,""loss"":""l2"",""model_lr"":0.001,""seed"":0,""steps"":1,""task"":""image"",""total_steps"":1}","{""flip-evaluator"":""1.7"",""lpips"":""0.1.4"",""torch"":""2.10.0+rocm7.0"",""torchmetrics"":""1.9.0""}",smoke_not_paper_comparable
smoke,smoke,kodim10,512,768,Grid,0,lpips,1.062276840209961,426496,9667,436163,2.704603554175847,4.168634247966111,0,4,9004fe2240b9e84c55ae641ba78c0ad5f83398a6,True,/home/aup/yy/workspace/peps/configs/paper/image_repro_smoke.toml,"{""batch_size"":512,""checkpoint_every"":1,""cosine"":true,""encoder_lr"":0.1,""log_every"":1,""loss"":""l2"",""model_lr"":0.001,""seed"":0,""steps"":1,""task"":""image"",""total_steps"":1}","{""flip-evaluator"":""1.7"",""lpips"":""0.1.4"",""torch"":""2.10.0+rocm7.0"",""torchmetrics"":""1.9.0""}",smoke_not_paper_comparable
smoke,smoke,kodim10,512,768,Grid,0,lsd,0.07443283554920495,426496,9667,436163,2.704603554175847,4.168634247966111,0,4,9004fe2240b9e84c55ae641ba78c0ad5f83398a6,True,/home/aup/yy/workspace/peps/configs/paper/image_repro_smoke.toml,"{""batch_size"":512,""checkpoint_every"":1,""cosine"":true,""encoder_lr"":0.1,""log_every"":1,""loss"":""l2"",""model_lr"":0.001,""seed"":0,""steps"":1,""task"":""image"",""total_steps"":1}","{""flip-evaluator"":""1.7"",""lpips"":""0.1.4"",""torch"":""2.10.0+rocm7.0"",""torchmetrics"":""1.9.0""}",smoke_not_paper_comparable
smoke,smoke,kodim10,512,768,Grid,0,psnr,5.471568310724091,426496,9667,436163,2.704603554175847,4.168634247966111,0,4,9004fe2240b9e84c55ae641ba78c0ad5f83398a6,True,/home/aup/yy/workspace/peps/configs/paper/image_repro_smoke.toml,"{""batch_size"":512,""checkpoint_every"":1,""cosine"":true,""encoder_lr"":0.1,""log_every"":1,""loss"":""l2"",""model_lr"":0.001,""seed"":0,""steps"":1,""task"":""image"",""total_steps"":1}","{""flip-evaluator"":""1.7"",""lpips"":""0.1.4"",""torch"":""2.10.0+rocm7.0"",""torchmetrics"":""1.9.0""}",smoke_not_paper_comparable
smoke,smoke,kodim10,512,768,Grid,0,ssim,-0.10547991842031479,426496,9667,436163,2.704603554175847,4.168634247966111,0,4,9004fe2240b9e84c55ae641ba78c0ad5f83398a6,True,/home/aup/yy/workspace/peps/configs/paper/image_repro_smoke.toml,"{""batch_size"":512,""checkpoint_every"":1,""cosine"":true,""encoder_lr"":0.1,""log_every"":1,""loss"":""l2"",""model_lr"":0.001,""seed"":0,""steps"":1,""task"":""image"",""total_steps"":1}","{""flip-evaluator"":""1.7"",""lpips"":""0.1.4"",""torch"":""2.10.0+rocm7.0"",""torchmetrics"":""1.9.0""}",smoke_not_paper_comparable
smoke,smoke,kodim10,512,768,G-PEPS,0,flip,0.8288677334785461,426496,16195,442691,2.6647209904877216,2.6851232670014724,1,4,9004fe2240b9e84c55ae641ba78c0ad5f83398a6,True,/home/aup/yy/workspace/peps/configs/paper/image_repro_smoke.toml,"{""batch_size"":512,""checkpoint_every"":1,""cosine"":true,""encoder_lr"":0.1,""log_every"":1,""loss"":""l2"",""model_lr"":0.001,""seed"":0,""steps"":1,""task"":""image"",""total_steps"":1}","{""flip-evaluator"":""1.7"",""lpips"":""0.1.4"",""torch"":""2.10.0+rocm7.0"",""torchmetrics"":""1.9.0""}",smoke_not_paper_comparable
smoke,smoke,kodim10,512,768,G-PEPS,0,lpips,1.0411708354949951,426496,16195,442691,2.6647209904877216,2.6851232670014724,1,4,9004fe2240b9e84c55ae641ba78c0ad5f83398a6,True,/home/aup/yy/workspace/peps/configs/paper/image_repro_smoke.toml,"{""batch_size"":512,""checkpoint_every"":1,""cosine"":true,""encoder_lr"":0.1,""log_every"":1,""loss"":""l2"",""model_lr"":0.001,""seed"":0,""steps"":1,""task"":""image"",""total_steps"":1}","{""flip-evaluator"":""1.7"",""lpips"":""0.1.4"",""torch"":""2.10.0+rocm7.0"",""torchmetrics"":""1.9.0""}",smoke_not_paper_comparable
smoke,smoke,kodim10,512,768,G-PEPS,0,lsd,0.07425166623062122,426496,16195,442691,2.6647209904877216,2.6851232670014724,1,4,9004fe2240b9e84c55ae641ba78c0ad5f83398a6,True,/home/aup/yy/workspace/peps/configs/paper/image_repro_smoke.toml,"{""batch_size"":512,""checkpoint_every"":1,""cosine"":true,""encoder_lr"":0.1,""log_every"":1,""loss"":""l2"",""model_lr"":0.001,""seed"":0,""steps"":1,""task"":""image"",""total_steps"":1}","{""flip-evaluator"":""1.7"",""lpips"":""0.1.4"",""torch"":""2.10.0+rocm7.0"",""torchmetrics"":""1.9.0""}",smoke_not_paper_comparable
smoke,smoke,kodim10,512,768,G-PEPS,0,psnr,6.2924296426790205,426496,16195,442691,2.6647209904877216,2.6851232670014724,1,4,9004fe2240b9e84c55ae641ba78c0ad5f83398a6,True,/home/aup/yy/workspace/peps/configs/paper/image_repro_smoke.toml,"{""batch_size"":512,""checkpoint_every"":1,""cosine"":true,""encoder_lr"":0.1,""log_every"":1,""loss"":""l2"",""model_lr"":0.001,""seed"":0,""steps"":1,""task"":""image"",""total_steps"":1}","{""flip-evaluator"":""1.7"",""lpips"":""0.1.4"",""torch"":""2.10.0+rocm7.0"",""torchmetrics"":""1.9.0""}",smoke_not_paper_comparable
smoke,smoke,kodim10,512,768,G-PEPS,0,ssim,0.017350077629089355,426496,16195,442691,2.6647209904877216,2.6851232670014724,1,4,9004fe2240b9e84c55ae641ba78c0ad5f83398a6,True,/home/aup/yy/workspace/peps/configs/paper/image_repro_smoke.toml,"{""batch_size"":512,""checkpoint_every"":1,""cosine"":true,""encoder_lr"":0.1,""log_every"":1,""loss"":""l2"",""model_lr"":0.001,""seed"":0,""steps"":1,""task"":""image"",""total_steps"":1}","{""flip-evaluator"":""1.7"",""lpips"":""0.1.4"",""torch"":""2.10.0+rocm7.0"",""torchmetrics"":""1.9.0""}",smoke_not_paper_comparable
smoke,smoke,kodim10,512,768,G-P-PEPS,0,flip,0.8798837661743164,426496,11459,437955,2.69353700722677,3.950904621044174,2,4,9004fe2240b9e84c55ae641ba78c0ad5f83398a6,True,/home/aup/yy/workspace/peps/configs/paper/image_repro_smoke.toml,"{""batch_size"":512,""checkpoint_every"":1,""cosine"":true,""encoder_lr"":0.1,""log_every"":1,""loss"":""l2"",""model_lr"":0.001,""seed"":0,""steps"":1,""task"":""image"",""total_steps"":1}","{""flip-evaluator"":""1.7"",""lpips"":""0.1.4"",""torch"":""2.10.0+rocm7.0"",""torchmetrics"":""1.9.0""}",smoke_not_paper_comparable
smoke,smoke,kodim10,512,768,G-P-PEPS,0,lpips,1.0394419431686401,426496,11459,437955,2.69353700722677,3.950904621044174,2,4,9004fe2240b9e84c55ae641ba78c0ad5f83398a6,True,/home/aup/yy/workspace/peps/configs/paper/image_repro_smoke.toml,"{""batch_size"":512,""checkpoint_every"":1,""cosine"":true,""encoder_lr"":0.1,""log_every"":1,""loss"":""l2"",""model_lr"":0.001,""seed"":0,""steps"":1,""task"":""image"",""total_steps"":1}","{""flip-evaluator"":""1.7"",""lpips"":""0.1.4"",""torch"":""2.10.0+rocm7.0"",""torchmetrics"":""1.9.0""}",smoke_not_paper_comparable
smoke,smoke,kodim10,512,768,G-P-PEPS,0,lsd,0.07434713700276725,426496,11459,437955,2.69353700722677,3.950904621044174,2,4,9004fe2240b9e84c55ae641ba78c0ad5f83398a6,True,/home/aup/yy/workspace/peps/configs/paper/image_repro_smoke.toml,"{""batch_size"":512,""checkpoint_every"":1,""cosine"":true,""encoder_lr"":0.1,""log_every"":1,""loss"":""l2"",""model_lr"":0.001,""seed"":0,""steps"":1,""task"":""image"",""total_steps"":1}","{""flip-evaluator"":""1.7"",""lpips"":""0.1.4"",""torch"":""2.10.0+rocm7.0"",""torchmetrics"":""1.9.0""}",smoke_not_paper_comparable
smoke,smoke,kodim10,512,768,G-P-PEPS,0,psnr,6.390123655342307,426496,11459,437955,2.69353700722677,3.950904621044174,2,4,9004fe2240b9e84c55ae641ba78c0ad5f83398a6,True,/home/aup/yy/workspace/peps/configs/paper/image_repro_smoke.toml,"{""batch_size"":512,""checkpoint_every"":1,""cosine"":true,""encoder_lr"":0.1,""log_every"":1,""loss"":""l2"",""model_lr"":0.001,""seed"":0,""steps"":1,""task"":""image"",""total_steps"":1}","{""flip-evaluator"":""1.7"",""lpips"":""0.1.4"",""torch"":""2.10.0+rocm7.0"",""torchmetrics"":""1.9.0""}",smoke_not_paper_comparable
smoke,smoke,kodim10,512,768,G-P-PEPS,0,ssim,0.04253450036048889,426496,11459,437955,2.69353700722677,3.950904621044174,2,4,9004fe2240b9e84c55ae641ba78c0ad5f83398a6,True,/home/aup/yy/workspace/peps/configs/paper/image_repro_smoke.toml,"{""batch_size"":512,""checkpoint_every"":1,""cosine"":true,""encoder_lr"":0.1,""log_every"":1,""loss"":""l2"",""model_lr"":0.001,""seed"":0,""steps"":1,""task"":""image"",""total_steps"":1}","{""flip-evaluator"":""1.7"",""lpips"":""0.1.4"",""torch"":""2.10.0+rocm7.0"",""torchmetrics"":""1.9.0""}",smoke_not_paper_comparable
smoke,smoke,kodim10,512,768,NTC_PEPS,0,flip,0.8598365187644958,417792,39811,457603,2.577885197430961,6.093434009002522,3,4,9004fe2240b9e84c55ae641ba78c0ad5f83398a6,True,/home/aup/yy/workspace/peps/configs/paper/image_repro_smoke.toml,"{""batch_size"":512,""checkpoint_every"":1,""cosine"":true,""encoder_lr"":0.1,""log_every"":1,""loss"":""l2"",""model_lr"":0.001,""seed"":0,""steps"":1,""task"":""image"",""total_steps"":1}","{""flip-evaluator"":""1.7"",""lpips"":""0.1.4"",""torch"":""2.10.0+rocm7.0"",""torchmetrics"":""1.9.0""}",smoke_not_paper_comparable
smoke,smoke,kodim10,512,768,NTC_PEPS,0,lpips,1.0593681335449219,417792,39811,457603,2.577885197430961,6.093434009002522,3,4,9004fe2240b9e84c55ae641ba78c0ad5f83398a6,True,/home/aup/yy/workspace/peps/configs/paper/image_repro_smoke.toml,"{""batch_size"":512,""checkpoint_every"":1,""cosine"":true,""encoder_lr"":0.1,""log_every"":1,""loss"":""l2"",""model_lr"":0.001,""seed"":0,""steps"":1,""task"":""image"",""total_steps"":1}","{""flip-evaluator"":""1.7"",""lpips"":""0.1.4"",""torch"":""2.10.0+rocm7.0"",""torchmetrics"":""1.9.0""}",smoke_not_paper_comparable
smoke,smoke,kodim10,512,768,NTC_PEPS,0,lsd,0.07372818192864554,417792,39811,457603,2.577885197430961,6.093434009002522,3,4,9004fe2240b9e84c55ae641ba78c0ad5f83398a6,True,/home/aup/yy/workspace/peps/configs/paper/image_repro_smoke.toml,"{""batch_size"":512,""checkpoint_every"":1,""cosine"":true,""encoder_lr"":0.1,""log_every"":1,""loss"":""l2"",""model_lr"":0.001,""seed"":0,""steps"":1,""task"":""image"",""total_steps"":1}","{""flip-evaluator"":""1.7"",""lpips"":""0.1.4"",""torch"":""2.10.0+rocm7.0"",""torchmetrics"":""1.9.0""}",smoke_not_paper_comparable
smoke,smoke,kodim10,512,768,NTC_PEPS,0,psnr,7.671987874621254,417792,39811,457603,2.577885197430961,6.093434009002522,3,4,9004fe2240b9e84c55ae641ba78c0ad5f83398a6,True,/home/aup/yy/workspace/peps/configs/paper/image_repro_smoke.toml,"{""batch_size"":512,""checkpoint_every"":1,""cosine"":true,""encoder_lr"":0.1,""log_every"":1,""loss"":""l2"",""model_lr"":0.001,""seed"":0,""steps"":1,""task"":""image"",""total_steps"":1}","{""flip-evaluator"":""1.7"",""lpips"":""0.1.4"",""torch"":""2.10.0+rocm7.0"",""torchmetrics"":""1.9.0""}",smoke_not_paper_comparable
smoke,smoke,kodim10,512,768,NTC_PEPS,0,ssim,0.23869898915290833,417792,39811,457603,2.577885197430961,6.093434009002522,3,4,9004fe2240b9e84c55ae641ba78c0ad5f83398a6,True,/home/aup/yy/workspace/peps/configs/paper/image_repro_smoke.toml,"{""batch_size"":512,""checkpoint_every"":1,""cosine"":true,""encoder_lr"":0.1,""log_every"":1,""loss"":""l2"",""model_lr"":0.001,""seed"":0,""steps"":1,""task"":""image"",""total_steps"":1}","{""flip-evaluator"":""1.7"",""lpips"":""0.1.4"",""torch"":""2.10.0+rocm7.0"",""torchmetrics"":""1.9.0""}",smoke_not_paper_comparable
smoke,smoke,kodim10,512,768,NTC_PinkPEPS,0,flip,0.8770943284034729,417792,21251,439043,2.6868621069006906,3.676554547972046,0,4,9004fe2240b9e84c55ae641ba78c0ad5f83398a6,True,/home/aup/yy/workspace/peps/configs/paper/image_repro_smoke.toml,"{""batch_size"":512,""checkpoint_every"":1,""cosine"":true,""encoder_lr"":0.1,""log_every"":1,""loss"":""l2"",""model_lr"":0.001,""seed"":0,""steps"":1,""task"":""image"",""total_steps"":1}","{""flip-evaluator"":""1.7"",""lpips"":""0.1.4"",""torch"":""2.10.0+rocm7.0"",""torchmetrics"":""1.9.0""}",smoke_not_paper_comparable
smoke,smoke,kodim10,512,768,NTC_PinkPEPS,0,lpips,1.0395739078521729,417792,21251,439043,2.6868621069006906,3.676554547972046,0,4,9004fe2240b9e84c55ae641ba78c0ad5f83398a6,True,/home/aup/yy/workspace/peps/configs/paper/image_repro_smoke.toml,"{""batch_size"":512,""checkpoint_every"":1,""cosine"":true,""encoder_lr"":0.1,""log_every"":1,""loss"":""l2"",""model_lr"":0.001,""seed"":0,""steps"":1,""task"":""image"",""total_steps"":1}","{""flip-evaluator"":""1.7"",""lpips"":""0.1.4"",""torch"":""2.10.0+rocm7.0"",""torchmetrics"":""1.9.0""}",smoke_not_paper_comparable
smoke,smoke,kodim10,512,768,NTC_PinkPEPS,0,lsd,0.07392907696155039,417792,21251,439043,2.6868621069006906,3.676554547972046,0,4,9004fe2240b9e84c55ae641ba78c0ad5f83398a6,True,/home/aup/yy/workspace/peps/configs/paper/image_repro_smoke.toml,"{""batch_size"":512,""checkpoint_every"":1,""cosine"":true,""encoder_lr"":0.1,""log_every"":1,""loss"":""l2"",""model_lr"":0.001,""seed"":0,""steps"":1,""task"":""image"",""total_steps"":1}","{""flip-evaluator"":""1.7"",""lpips"":""0.1.4"",""torch"":""2.10.0+rocm7.0"",""torchmetrics"":""1.9.0""}",smoke_not_paper_comparable
smoke,smoke,kodim10,512,768,NTC_PinkPEPS,0,psnr,6.180189743563042,417792,21251,439043,2.6868621069006906,3.676554547972046,0,4,9004fe2240b9e84c55ae641ba78c0ad5f83398a6,True,/home/aup/yy/workspace/peps/configs/paper/image_repro_smoke.toml,"{""batch_size"":512,""checkpoint_every"":1,""cosine"":true,""encoder_lr"":0.1,""log_every"":1,""loss"":""l2"",""model_lr"":0.001,""seed"":0,""steps"":1,""task"":""image"",""total_steps"":1}","{""flip-evaluator"":""1.7"",""lpips"":""0.1.4"",""torch"":""2.10.0+rocm7.0"",""torchmetrics"":""1.9.0""}",smoke_not_paper_comparable
smoke,smoke,kodim10,512,768,NTC_PinkPEPS,0,ssim,0.0031662611290812492,417792,21251,439043,2.6868621069006906,3.676554547972046,0,4,9004fe2240b9e84c55ae641ba78c0ad5f83398a6,True,/home/aup/yy/workspace/peps/configs/paper/image_repro_smoke.toml,"{""batch_size"":512,""checkpoint_every"":1,""cosine"":true,""encoder_lr"":0.1,""log_every"":1,""loss"":""l2"",""model_lr"":0.001,""seed"":0,""steps"":1,""task"":""image"",""total_steps"":1}","{""flip-evaluator"":""1.7"",""lpips"":""0.1.4"",""torch"":""2.10.0+rocm7.0"",""torchmetrics"":""1.9.0""}",smoke_not_paper_comparable
smoke,smoke,kodim10,512,768,G-P-PEPS-25,0,flip,0.8825010657310486,326144,10691,336835,3.5021538735582705,5.938178270938806,1,4,9004fe2240b9e84c55ae641ba78c0ad5f83398a6,True,/home/aup/yy/workspace/peps/configs/paper/image_repro_smoke.toml,"{""batch_size"":512,""checkpoint_every"":1,""cosine"":true,""encoder_lr"":0.1,""log_every"":1,""loss"":""l2"",""model_lr"":0.001,""seed"":0,""steps"":1,""task"":""image"",""total_steps"":1}","{""flip-evaluator"":""1.7"",""lpips"":""0.1.4"",""torch"":""2.10.0+rocm7.0"",""torchmetrics"":""1.9.0""}",smoke_not_paper_comparable
smoke,smoke,kodim10,512,768,G-P-PEPS-25,0,lpips,1.0467875003814697,326144,10691,336835,3.5021538735582705,5.938178270938806,1,4,9004fe2240b9e84c55ae641ba78c0ad5f83398a6,True,/home/aup/yy/workspace/peps/configs/paper/image_repro_smoke.toml,"{""batch_size"":512,""checkpoint_every"":1,""cosine"":true,""encoder_lr"":0.1,""log_every"":1,""loss"":""l2"",""model_lr"":0.001,""seed"":0,""steps"":1,""task"":""image"",""total_steps"":1}","{""flip-evaluator"":""1.7"",""lpips"":""0.1.4"",""torch"":""2.10.0+rocm7.0"",""torchmetrics"":""1.9.0""}",smoke_not_paper_comparable
smoke,smoke,kodim10,512,768,G-P-PEPS-25,0,lsd,0.07447202504993174,326144,10691,336835,3.5021538735582705,5.938178270938806,1,4,9004fe2240b9e84c55ae641ba78c0ad5f83398a6,True,/home/aup/yy/workspace/peps/configs/paper/image_repro_smoke.toml,"{""batch_size"":512,""checkpoint_every"":1,""cosine"":true,""encoder_lr"":0.1,""log_every"":1,""loss"":""l2"",""model_lr"":0.001,""seed"":0,""steps"":1,""task"":""image"",""total_steps"":1}","{""flip-evaluator"":""1.7"",""lpips"":""0.1.4"",""torch"":""2.10.0+rocm7.0"",""torchmetrics"":""1.9.0""}",smoke_not_paper_comparable
smoke,smoke,kodim10,512,768,G-P-PEPS-25,0,psnr,6.479157561425347,326144,10691,336835,3.5021538735582705,5.938178270938806,1,4,9004fe2240b9e84c55ae641ba78c0ad5f83398a6,True,/home/aup/yy/workspace/peps/configs/paper/image_repro_smoke.toml,"{""batch_size"":512,""checkpoint_every"":1,""cosine"":true,""encoder_lr"":0.1,""log_every"":1,""loss"":""l2"",""model_lr"":0.001,""seed"":0,""steps"":1,""task"":""image"",""total_steps"":1}","{""flip-evaluator"":""1.7"",""lpips"":""0.1.4"",""torch"":""2.10.0+rocm7.0"",""torchmetrics"":""1.9.0""}",smoke_not_paper_comparable
smoke,smoke,kodim10,512,768,G-P-PEPS-25,0,ssim,0.06094507500529289,326144,10691,336835,3.5021538735582705,5.938178270938806,1,4,9004fe2240b9e84c55ae641ba78c0ad5f83398a6,True,/home/aup/yy/workspace/peps/configs/paper/image_repro_smoke.toml,"{""batch_size"":512,""checkpoint_every"":1,""cosine"":true,""encoder_lr"":0.1,""log_every"":1,""loss"":""l2"",""model_lr"":0.001,""seed"":0,""steps"":1,""task"":""image"",""total_steps"":1}","{""flip-evaluator"":""1.7"",""lpips"":""0.1.4"",""torch"":""2.10.0+rocm7.0"",""torchmetrics"":""1.9.0""}",smoke_not_paper_comparable
smoke,smoke,kodim11,768,512,PE,0,flip,0.7832887768745422,0,194403,194403,6.068054505331708,4.3091163479257375,2,4,9004fe2240b9e84c55ae641ba78c0ad5f83398a6,True,/home/aup/yy/workspace/peps/configs/paper/image_repro_smoke.toml,"{""batch_size"":512,""checkpoint_every"":1,""cosine"":true,""encoder_lr"":0.1,""log_every"":1,""loss"":""l2"",""model_lr"":0.001,""seed"":0,""steps"":1,""task"":""image"",""total_steps"":1}","{""flip-evaluator"":""1.7"",""lpips"":""0.1.4"",""torch"":""2.10.0+rocm7.0"",""torchmetrics"":""1.9.0""}",smoke_not_paper_comparable
smoke,smoke,kodim11,768,512,PE,0,lpips,0.9647617340087891,0,194403,194403,6.068054505331708,4.3091163479257375,2,4,9004fe2240b9e84c55ae641ba78c0ad5f83398a6,True,/home/aup/yy/workspace/peps/configs/paper/image_repro_smoke.toml,"{""batch_size"":512,""checkpoint_every"":1,""cosine"":true,""encoder_lr"":0.1,""log_every"":1,""loss"":""l2"",""model_lr"":0.001,""seed"":0,""steps"":1,""task"":""image"",""total_steps"":1}","{""flip-evaluator"":""1.7"",""lpips"":""0.1.4"",""torch"":""2.10.0+rocm7.0"",""torchmetrics"":""1.9.0""}",smoke_not_paper_comparable
smoke,smoke,kodim11,768,512,PE,0,lsd,0.08327000676875701,0,194403,194403,6.068054505331708,4.3091163479257375,2,4,9004fe2240b9e84c55ae641ba78c0ad5f83398a6,True,/home/aup/yy/workspace/peps/configs/paper/image_repro_smoke.toml,"{""batch_size"":512,""checkpoint_every"":1,""cosine"":true,""encoder_lr"":0.1,""log_every"":1,""loss"":""l2"",""model_lr"":0.001,""seed"":0,""steps"":1,""task"":""image"",""total_steps"":1}","{""flip-evaluator"":""1.7"",""lpips"":""0.1.4"",""torch"":""2.10.0+rocm7.0"",""torchmetrics"":""1.9.0""}",smoke_not_paper_comparable
smoke,smoke,kodim11,768,512,PE,0,psnr,8.250305591667193,0,194403,194403,6.068054505331708,4.3091163479257375,2,4,9004fe2240b9e84c55ae641ba78c0ad5f83398a6,True,/home/aup/yy/workspace/peps/configs/paper/image_repro_smoke.toml,"{""batch_size"":512,""checkpoint_every"":1,""cosine"":true,""encoder_lr"":0.1,""log_every"":1,""loss"":""l2"",""model_lr"":0.001,""seed"":0,""steps"":1,""task"":""image"",""total_steps"":1}","{""flip-evaluator"":""1.7"",""lpips"":""0.1.4"",""torch"":""2.10.0+rocm7.0"",""torchmetrics"":""1.9.0""}",smoke_not_paper_comparable
smoke,smoke,kodim11,768,512,PE,0,ssim,0.009516000747680664,0,194403,194403,6.068054505331708,4.3091163479257375,2,4,9004fe2240b9e84c55ae641ba78c0ad5f83398a6,True,/home/aup/yy/workspace/peps/configs/paper/image_repro_smoke.toml,"{""batch_size"":512,""checkpoint_every"":1,""cosine"":true,""encoder_lr"":0.1,""log_every"":1,""loss"":""l2"",""model_lr"":0.001,""seed"":0,""steps"":1,""task"":""image"",""total_steps"":1}","{""flip-evaluator"":""1.7"",""lpips"":""0.1.4"",""torch"":""2.10.0+rocm7.0"",""torchmetrics"":""1.9.0""}",smoke_not_paper_comparable
smoke,smoke,kodim11,768,512,LPE,0,flip,0.7981185913085938,401408,9603,411011,2.870112965346426,3.719873034977354,3,4,9004fe2240b9e84c55ae641ba78c0ad5f83398a6,True,/home/aup/yy/workspace/peps/configs/paper/image_repro_smoke.toml,"{""batch_size"":512,""checkpoint_every"":1,""cosine"":true,""encoder_lr"":0.1,""log_every"":1,""loss"":""l2"",""model_lr"":0.001,""seed"":0,""steps"":1,""task"":""image"",""total_steps"":1}","{""flip-evaluator"":""1.7"",""lpips"":""0.1.4"",""torch"":""2.10.0+rocm7.0"",""torchmetrics"":""1.9.0""}",smoke_not_paper_comparable
smoke,smoke,kodim11,768,512,LPE,0,lpips,0.9674030542373657,401408,9603,411011,2.870112965346426,3.719873034977354,3,4,9004fe2240b9e84c55ae641ba78c0ad5f83398a6,True,/home/aup/yy/workspace/peps/configs/paper/image_repro_smoke.toml,"{""batch_size"":512,""checkpoint_every"":1,""cosine"":true,""encoder_lr"":0.1,""log_every"":1,""loss"":""l2"",""model_lr"":0.001,""seed"":0,""steps"":1,""task"":""image"",""total_steps"":1}","{""flip-evaluator"":""1.7"",""lpips"":""0.1.4"",""torch"":""2.10.0+rocm7.0"",""torchmetrics"":""1.9.0""}",smoke_not_paper_comparable
smoke,smoke,kodim11,768,512,LPE,0,lsd,0.08480333516426253,401408,9603,411011,2.870112965346426,3.719873034977354,3,4,9004fe2240b9e84c55ae641ba78c0ad5f83398a6,True,/home/aup/yy/workspace/peps/configs/paper/image_repro_smoke.toml,"{""batch_size"":512,""checkpoint_every"":1,""cosine"":true,""encoder_lr"":0.1,""log_every"":1,""loss"":""l2"",""model_lr"":0.001,""seed"":0,""steps"":1,""task"":""image"",""total_steps"":1}","{""flip-evaluator"":""1.7"",""lpips"":""0.1.4"",""torch"":""2.10.0+rocm7.0"",""torchmetrics"":""1.9.0""}",smoke_not_paper_comparable
smoke,smoke,kodim11,768,512,LPE,0,psnr,7.146718272261242,401408,9603,411011,2.870112965346426,3.719873034977354,3,4,9004fe2240b9e84c55ae641ba78c0ad5f83398a6,True,/home/aup/yy/workspace/peps/configs/paper/image_repro_smoke.toml,"{""batch_size"":512,""checkpoint_every"":1,""cosine"":true,""encoder_lr"":0.1,""log_every"":1,""loss"":""l2"",""model_lr"":0.001,""seed"":0,""steps"":1,""task"":""image"",""total_steps"":1}","{""flip-evaluator"":""1.7"",""lpips"":""0.1.4"",""torch"":""2.10.0+rocm7.0"",""torchmetrics"":""1.9.0""}",smoke_not_paper_comparable
smoke,smoke,kodim11,768,512,LPE,0,ssim,-0.17716145515441895,401408,9603,411011,2.870112965346426,3.719873034977354,3,4,9004fe2240b9e84c55ae641ba78c0ad5f83398a6,True,/home/aup/yy/workspace/peps/configs/paper/image_repro_smoke.toml,"{""batch_size"":512,""checkpoint_every"":1,""cosine"":true,""encoder_lr"":0.1,""log_every"":1,""loss"":""l2"",""model_lr"":0.001,""seed"":0,""steps"":1,""task"":""image"",""total_steps"":1}","{""flip-evaluator"":""1.7"",""lpips"":""0.1.4"",""torch"":""2.10.0+rocm7.0"",""torchmetrics"":""1.9.0""}",smoke_not_paper_comparable
smoke,smoke,kodim11,768,512,NTC_N,0,flip,0.7540083527565002,417792,13699,431491,2.733887844705915,6.1234017859678715,0,4,9004fe2240b9e84c55ae641ba78c0ad5f83398a6,True,/home/aup/yy/workspace/peps/configs/paper/image_repro_smoke.toml,"{""batch_size"":512,""checkpoint_every"":1,""cosine"":true,""encoder_lr"":0.1,""log_every"":1,""loss"":""l2"",""model_lr"":0.001,""seed"":0,""steps"":1,""task"":""image"",""total_steps"":1}","{""flip-evaluator"":""1.7"",""lpips"":""0.1.4"",""torch"":""2.10.0+rocm7.0"",""torchmetrics"":""1.9.0""}",smoke_not_paper_comparable
smoke,smoke,kodim11,768,512,NTC_N,0,lpips,0.9526273012161255,417792,13699,431491,2.733887844705915,6.1234017859678715,0,4,9004fe2240b9e84c55ae641ba78c0ad5f83398a6,True,/home/aup/yy/workspace/peps/configs/paper/image_repro_smoke.toml,"{""batch_size"":512,""checkpoint_every"":1,""cosine"":true,""encoder_lr"":0.1,""log_every"":1,""loss"":""l2"",""model_lr"":0.001,""seed"":0,""steps"":1,""task"":""image"",""total_steps"":1}","{""flip-evaluator"":""1.7"",""lpips"":""0.1.4"",""torch"":""2.10.0+rocm7.0"",""torchmetrics"":""1.9.0""}",smoke_not_paper_comparable
smoke,smoke,kodim11,768,512,NTC_N,0,lsd,0.08433132596314125,417792,13699,431491,2.733887844705915,6.1234017859678715,0,4,9004fe2240b9e84c55ae641ba78c0ad5f83398a6,True,/home/aup/yy/workspace/peps/configs/paper/image_repro_smoke.toml,"{""batch_size"":512,""checkpoint_every"":1,""cosine"":true,""encoder_lr"":0.1,""log_every"":1,""loss"":""l2"",""model_lr"":0.001,""seed"":0,""steps"":1,""task"":""image"",""total_steps"":1}","{""flip-evaluator"":""1.7"",""lpips"":""0.1.4"",""torch"":""2.10.0+rocm7.0"",""torchmetrics"":""1.9.0""}",smoke_not_paper_comparable
smoke,smoke,kodim11,768,512,NTC_N,0,psnr,9.036209997314117,417792,13699,431491,2.733887844705915,6.1234017859678715,0,4,9004fe2240b9e84c55ae641ba78c0ad5f83398a6,True,/home/aup/yy/workspace/peps/configs/paper/image_repro_smoke.toml,"{""batch_size"":512,""checkpoint_every"":1,""cosine"":true,""encoder_lr"":0.1,""log_every"":1,""loss"":""l2"",""model_lr"":0.001,""seed"":0,""steps"":1,""task"":""image"",""total_steps"":1}","{""flip-evaluator"":""1.7"",""lpips"":""0.1.4"",""torch"":""2.10.0+rocm7.0"",""torchmetrics"":""1.9.0""}",smoke_not_paper_comparable
smoke,smoke,kodim11,768,512,NTC_N,0,ssim,0.1643400490283966,417792,13699,431491,2.733887844705915,6.1234017859678715,0,4,9004fe2240b9e84c55ae641ba78c0ad5f83398a6,True,/home/aup/yy/workspace/peps/configs/paper/image_repro_smoke.toml,"{""batch_size"":512,""checkpoint_every"":1,""cosine"":true,""encoder_lr"":0.1,""log_every"":1,""loss"":""l2"",""model_lr"":0.001,""seed"":0,""steps"":1,""task"":""image"",""total_steps"":1}","{""flip-evaluator"":""1.7"",""lpips"":""0.1.4"",""torch"":""2.10.0+rocm7.0"",""torchmetrics"":""1.9.0""}",smoke_not_paper_comparable
smoke,smoke,kodim11,768,512,Grid,0,flip,0.796718180179596,426496,9667,436163,2.704603554175847,3.550213571987115,1,4,9004fe2240b9e84c55ae641ba78c0ad5f83398a6,True,/home/aup/yy/workspace/peps/configs/paper/image_repro_smoke.toml,"{""batch_size"":512,""checkpoint_every"":1,""cosine"":true,""encoder_lr"":0.1,""log_every"":1,""loss"":""l2"",""model_lr"":0.001,""seed"":0,""steps"":1,""task"":""image"",""total_steps"":1}","{""flip-evaluator"":""1.7"",""lpips"":""0.1.4"",""torch"":""2.10.0+rocm7.0"",""torchmetrics"":""1.9.0""}",smoke_not_paper_comparable
smoke,smoke,kodim11,768,512,Grid,0,lpips,0.9979795217514038,426496,9667,436163,2.704603554175847,3.550213571987115,1,4,9004fe2240b9e84c55ae641ba78c0ad5f83398a6,True,/home/aup/yy/workspace/peps/configs/paper/image_repro_smoke.toml,"{""batch_size"":512,""checkpoint_every"":1,""cosine"":true,""encoder_lr"":0.1,""log_every"":1,""loss"":""l2"",""model_lr"":0.001,""seed"":0,""steps"":1,""task"":""image"",""total_steps"":1}","{""flip-evaluator"":""1.7"",""lpips"":""0.1.4"",""torch"":""2.10.0+rocm7.0"",""torchmetrics"":""1.9.0""}",smoke_not_paper_comparable
smoke,smoke,kodim11,768,512,Grid,0,lsd,0.08450048521062307,426496,9667,436163,2.704603554175847,3.550213571987115,1,4,9004fe2240b9e84c55ae641ba78c0ad5f83398a6,True,/home/aup/yy/workspace/peps/configs/paper/image_repro_smoke.toml,"{""batch_size"":512,""checkpoint_every"":1,""cosine"":true,""encoder_lr"":0.1,""log_every"":1,""loss"":""l2"",""model_lr"":0.001,""seed"":0,""steps"":1,""task"":""image"",""total_steps"":1}","{""flip-evaluator"":""1.7"",""lpips"":""0.1.4"",""torch"":""2.10.0+rocm7.0"",""torchmetrics"":""1.9.0""}",smoke_not_paper_comparable
smoke,smoke,kodim11,768,512,Grid,0,psnr,7.277223427921573,426496,9667,436163,2.704603554175847,3.550213571987115,1,4,9004fe2240b9e84c55ae641ba78c0ad5f83398a6,True,/home/aup/yy/workspace/peps/configs/paper/image_repro_smoke.toml,"{""batch_size"":512,""checkpoint_every"":1,""cosine"":true,""encoder_lr"":0.1,""log_every"":1,""loss"":""l2"",""model_lr"":0.001,""seed"":0,""steps"":1,""task"":""image"",""total_steps"":1}","{""flip-evaluator"":""1.7"",""lpips"":""0.1.4"",""torch"":""2.10.0+rocm7.0"",""torchmetrics"":""1.9.0""}",smoke_not_paper_comparable
smoke,smoke,kodim11,768,512,Grid,0,ssim,-0.09906106442213058,426496,9667,436163,2.704603554175847,3.550213571987115,1,4,9004fe2240b9e84c55ae641ba78c0ad5f83398a6,True,/home/aup/yy/workspace/peps/configs/paper/image_repro_smoke.toml,"{""batch_size"":512,""checkpoint_every"":1,""cosine"":true,""encoder_lr"":0.1,""log_every"":1,""loss"":""l2"",""model_lr"":0.001,""seed"":0,""steps"":1,""task"":""image"",""total_steps"":1}","{""flip-evaluator"":""1.7"",""lpips"":""0.1.4"",""torch"":""2.10.0+rocm7.0"",""torchmetrics"":""1.9.0""}",smoke_not_paper_comparable
smoke,smoke,kodim11,768,512,G-PEPS,0,flip,0.7258231043815613,426496,16195,442691,2.6647209904877216,5.217333848006092,2,4,9004fe2240b9e84c55ae641ba78c0ad5f83398a6,True,/home/aup/yy/workspace/peps/configs/paper/image_repro_smoke.toml,"{""batch_size"":512,""checkpoint_every"":1,""cosine"":true,""encoder_lr"":0.1,""log_every"":1,""loss"":""l2"",""model_lr"":0.001,""seed"":0,""steps"":1,""task"":""image"",""total_steps"":1}","{""flip-evaluator"":""1.7"",""lpips"":""0.1.4"",""torch"":""2.10.0+rocm7.0"",""torchmetrics"":""1.9.0""}",smoke_not_paper_comparable
smoke,smoke,kodim11,768,512,G-PEPS,0,lpips,1.003981113433838,426496,16195,442691,2.6647209904877216,5.217333848006092,2,4,9004fe2240b9e84c55ae641ba78c0ad5f83398a6,True,/home/aup/yy/workspace/peps/configs/paper/image_repro_smoke.toml,"{""batch_size"":512,""checkpoint_every"":1,""cosine"":true,""encoder_lr"":0.1,""log_every"":1,""loss"":""l2"",""model_lr"":0.001,""seed"":0,""steps"":1,""task"":""image"",""total_steps"":1}","{""flip-evaluator"":""1.7"",""lpips"":""0.1.4"",""torch"":""2.10.0+rocm7.0"",""torchmetrics"":""1.9.0""}",smoke_not_paper_comparable
smoke,smoke,kodim11,768,512,G-PEPS,0,lsd,0.08437570926541647,426496,16195,442691,2.6647209904877216,5.217333848006092,2,4,9004fe2240b9e84c55ae641ba78c0ad5f83398a6,True,/home/aup/yy/workspace/peps/configs/paper/image_repro_smoke.toml,"{""batch_size"":512,""checkpoint_every"":1,""cosine"":true,""encoder_lr"":0.1,""log_every"":1,""loss"":""l2"",""model_lr"":0.001,""seed"":0,""steps"":1,""task"":""image"",""total_steps"":1}","{""flip-evaluator"":""1.7"",""lpips"":""0.1.4"",""torch"":""2.10.0+rocm7.0"",""torchmetrics"":""1.9.0""}",smoke_not_paper_comparable
smoke,smoke,kodim11,768,512,G-PEPS,0,psnr,8.273947621616475,426496,16195,442691,2.6647209904877216,5.217333848006092,2,4,9004fe2240b9e84c55ae641ba78c0ad5f83398a6,True,/home/aup/yy/workspace/peps/configs/paper/image_repro_smoke.toml,"{""batch_size"":512,""checkpoint_every"":1,""cosine"":true,""encoder_lr"":0.1,""log_every"":1,""loss"":""l2"",""model_lr"":0.001,""seed"":0,""steps"":1,""task"":""image"",""total_steps"":1}","{""flip-evaluator"":""1.7"",""lpips"":""0.1.4"",""torch"":""2.10.0+rocm7.0"",""torchmetrics"":""1.9.0""}",smoke_not_paper_comparable
smoke,smoke,kodim11,768,512,G-PEPS,0,ssim,-0.009068763814866543,426496,16195,442691,2.6647209904877216,5.217333848006092,2,4,9004fe2240b9e84c55ae641ba78c0ad5f83398a6,True,/home/aup/yy/workspace/peps/configs/paper/image_repro_smoke.toml,"{""batch_size"":512,""checkpoint_every"":1,""cosine"":true,""encoder_lr"":0.1,""log_every"":1,""loss"":""l2"",""model_lr"":0.001,""seed"":0,""steps"":1,""task"":""image"",""total_steps"":1}","{""flip-evaluator"":""1.7"",""lpips"":""0.1.4"",""torch"":""2.10.0+rocm7.0"",""torchmetrics"":""1.9.0""}",smoke_not_paper_comparable
smoke,smoke,kodim11,768,512,G-P-PEPS,0,flip,0.7830595374107361,426496,11459,437955,2.69353700722677,2.8734124900074676,3,4,9004fe2240b9e84c55ae641ba78c0ad5f83398a6,True,/home/aup/yy/workspace/peps/configs/paper/image_repro_smoke.toml,"{""batch_size"":512,""checkpoint_every"":1,""cosine"":true,""encoder_lr"":0.1,""log_every"":1,""loss"":""l2"",""model_lr"":0.001,""seed"":0,""steps"":1,""task"":""image"",""total_steps"":1}","{""flip-evaluator"":""1.7"",""lpips"":""0.1.4"",""torch"":""2.10.0+rocm7.0"",""torchmetrics"":""1.9.0""}",smoke_not_paper_comparable
smoke,smoke,kodim11,768,512,G-P-PEPS,0,lpips,0.9703940749168396,426496,11459,437955,2.69353700722677,2.8734124900074676,3,4,9004fe2240b9e84c55ae641ba78c0ad5f83398a6,True,/home/aup/yy/workspace/peps/configs/paper/image_repro_smoke.toml,"{""batch_size"":512,""checkpoint_every"":1,""cosine"":true,""encoder_lr"":0.1,""log_every"":1,""loss"":""l2"",""model_lr"":0.001,""seed"":0,""steps"":1,""task"":""image"",""total_steps"":1}","{""flip-evaluator"":""1.7"",""lpips"":""0.1.4"",""torch"":""2.10.0+rocm7.0"",""torchmetrics"":""1.9.0""}",smoke_not_paper_comparable
smoke,smoke,kodim11,768,512,G-P-PEPS,0,lsd,0.0844924953833452,426496,11459,437955,2.69353700722677,2.8734124900074676,3,4,9004fe2240b9e84c55ae641ba78c0ad5f83398a6,True,/home/aup/yy/workspace/peps/configs/paper/image_repro_smoke.toml,"{""batch_size"":512,""checkpoint_every"":1,""cosine"":true,""encoder_lr"":0.1,""log_every"":1,""loss"":""l2"",""model_lr"":0.001,""seed"":0,""steps"":1,""task"":""image"",""total_steps"":1}","{""flip-evaluator"":""1.7"",""lpips"":""0.1.4"",""torch"":""2.10.0+rocm7.0"",""torchmetrics"":""1.9.0""}",smoke_not_paper_comparable
smoke,smoke,kodim11,768,512,G-P-PEPS,0,psnr,8.441127219993962,426496,11459,437955,2.69353700722677,2.8734124900074676,3,4,9004fe2240b9e84c55ae641ba78c0ad5f83398a6,True,/home/aup/yy/workspace/peps/configs/paper/image_repro_smoke.toml,"{""batch_size"":512,""checkpoint_every"":1,""cosine"":true,""encoder_lr"":0.1,""log_every"":1,""loss"":""l2"",""model_lr"":0.001,""seed"":0,""steps"":1,""task"":""image"",""total_steps"":1}","{""flip-evaluator"":""1.7"",""lpips"":""0.1.4"",""torch"":""2.10.0+rocm7.0"",""torchmetrics"":""1.9.0""}",smoke_not_paper_comparable
smoke,smoke,kodim11,768,512,G-P-PEPS,0,ssim,0.05882161110639572,426496,11459,437955,2.69353700722677,2.8734124900074676,3,4,9004fe2240b9e84c55ae641ba78c0ad5f83398a6,True,/home/aup/yy/workspace/peps/configs/paper/image_repro_smoke.toml,"{""batch_size"":512,""checkpoint_every"":1,""cosine"":true,""encoder_lr"":0.1,""log_every"":1,""loss"":""l2"",""model_lr"":0.001,""seed"":0,""steps"":1,""task"":""image"",""total_steps"":1}","{""flip-evaluator"":""1.7"",""lpips"":""0.1.4"",""torch"":""2.10.0+rocm7.0"",""torchmetrics"":""1.9.0""}",smoke_not_paper_comparable
smoke,smoke,kodim11,768,512,NTC_PEPS,0,flip,0.7521479725837708,417792,39811,457603,2.577885197430961,3.1398616050137207,0,4,9004fe2240b9e84c55ae641ba78c0ad5f83398a6,True,/home/aup/yy/workspace/peps/configs/paper/image_repro_smoke.toml,"{""batch_size"":512,""checkpoint_every"":1,""cosine"":true,""encoder_lr"":0.1,""log_every"":1,""loss"":""l2"",""model_lr"":0.001,""seed"":0,""steps"":1,""task"":""image"",""total_steps"":1}","{""flip-evaluator"":""1.7"",""lpips"":""0.1.4"",""torch"":""2.10.0+rocm7.0"",""torchmetrics"":""1.9.0""}",smoke_not_paper_comparable
smoke,smoke,kodim11,768,512,NTC_PEPS,0,lpips,0.9712056517601013,417792,39811,457603,2.577885197430961,3.1398616050137207,0,4,9004fe2240b9e84c55ae641ba78c0ad5f83398a6,True,/home/aup/yy/workspace/peps/configs/paper/image_repro_smoke.toml,"{""batch_size"":512,""checkpoint_every"":1,""cosine"":true,""encoder_lr"":0.1,""log_every"":1,""loss"":""l2"",""model_lr"":0.001,""seed"":0,""steps"":1,""task"":""image"",""total_steps"":1}","{""flip-evaluator"":""1.7"",""lpips"":""0.1.4"",""torch"":""2.10.0+rocm7.0"",""torchmetrics"":""1.9.0""}",smoke_not_paper_comparable
smoke,smoke,kodim11,768,512,NTC_PEPS,0,lsd,0.08384638051457922,417792,39811,457603,2.577885197430961,3.1398616050137207,0,4,9004fe2240b9e84c55ae641ba78c0ad5f83398a6,True,/home/aup/yy/workspace/peps/configs/paper/image_repro_smoke.toml,"{""batch_size"":512,""checkpoint_every"":1,""cosine"":true,""encoder_lr"":0.1,""log_every"":1,""loss"":""l2"",""model_lr"":0.001,""seed"":0,""steps"":1,""task"":""image"",""total_steps"":1}","{""flip-evaluator"":""1.7"",""lpips"":""0.1.4"",""torch"":""2.10.0+rocm7.0"",""torchmetrics"":""1.9.0""}",smoke_not_paper_comparable
smoke,smoke,kodim11,768,512,NTC_PEPS,0,psnr,9.92103864242046,417792,39811,457603,2.577885197430961,3.1398616050137207,0,4,9004fe2240b9e84c55ae641ba78c0ad5f83398a6,True,/home/aup/yy/workspace/peps/configs/paper/image_repro_smoke.toml,"{""batch_size"":512,""checkpoint_every"":1,""cosine"":true,""encoder_lr"":0.1,""log_every"":1,""loss"":""l2"",""model_lr"":0.001,""seed"":0,""steps"":1,""task"":""image"",""total_steps"":1}","{""flip-evaluator"":""1.7"",""lpips"":""0.1.4"",""torch"":""2.10.0+rocm7.0"",""torchmetrics"":""1.9.0""}",smoke_not_paper_comparable
smoke,smoke,kodim11,768,512,NTC_PEPS,0,ssim,0.24417540431022644,417792,39811,457603,2.577885197430961,3.1398616050137207,0,4,9004fe2240b9e84c55ae641ba78c0ad5f83398a6,True,/home/aup/yy/workspace/peps/configs/paper/image_repro_smoke.toml,"{""batch_size"":512,""checkpoint_every"":1,""cosine"":true,""encoder_lr"":0.1,""log_every"":1,""loss"":""l2"",""model_lr"":0.001,""seed"":0,""steps"":1,""task"":""image"",""total_steps"":1}","{""flip-evaluator"":""1.7"",""lpips"":""0.1.4"",""torch"":""2.10.0+rocm7.0"",""torchmetrics"":""1.9.0""}",smoke_not_paper_comparable
smoke,smoke,kodim11,768,512,NTC_PinkPEPS,0,flip,0.7797592282295227,417792,21251,439043,2.6868621069006906,1.7799371340079233,1,4,9004fe2240b9e84c55ae641ba78c0ad5f83398a6,True,/home/aup/yy/workspace/peps/configs/paper/image_repro_smoke.toml,"{""batch_size"":512,""checkpoint_every"":1,""cosine"":true,""encoder_lr"":0.1,""log_every"":1,""loss"":""l2"",""model_lr"":0.001,""seed"":0,""steps"":1,""task"":""image"",""total_steps"":1}","{""flip-evaluator"":""1.7"",""lpips"":""0.1.4"",""torch"":""2.10.0+rocm7.0"",""torchmetrics"":""1.9.0""}",smoke_not_paper_comparable
smoke,smoke,kodim11,768,512,NTC_PinkPEPS,0,lpips,0.9983048439025879,417792,21251,439043,2.6868621069006906,1.7799371340079233,1,4,9004fe2240b9e84c55ae641ba78c0ad5f83398a6,True,/home/aup/yy/workspace/peps/configs/paper/image_repro_smoke.toml,"{""batch_size"":512,""checkpoint_every"":1,""cosine"":true,""encoder_lr"":0.1,""log_every"":1,""loss"":""l2"",""model_lr"":0.001,""seed"":0,""steps"":1,""task"":""image"",""total_steps"":1}","{""flip-evaluator"":""1.7"",""lpips"":""0.1.4"",""torch"":""2.10.0+rocm7.0"",""torchmetrics"":""1.9.0""}",smoke_not_paper_comparable
smoke,smoke,kodim11,768,512,NTC_PinkPEPS,0,lsd,0.08403086548059298,417792,21251,439043,2.6868621069006906,1.7799371340079233,1,4,9004fe2240b9e84c55ae641ba78c0ad5f83398a6,True,/home/aup/yy/workspace/peps/configs/paper/image_repro_smoke.toml,"{""batch_size"":512,""checkpoint_every"":1,""cosine"":true,""encoder_lr"":0.1,""log_every"":1,""loss"":""l2"",""model_lr"":0.001,""seed"":0,""steps"":1,""task"":""image"",""total_steps"":1}","{""flip-evaluator"":""1.7"",""lpips"":""0.1.4"",""torch"":""2.10.0+rocm7.0"",""torchmetrics"":""1.9.0""}",smoke_not_paper_comparable
smoke,smoke,kodim11,768,512,NTC_PinkPEPS,0,psnr,8.142711639924077,417792,21251,439043,2.6868621069006906,1.7799371340079233,1,4,9004fe2240b9e84c55ae641ba78c0ad5f83398a6,True,/home/aup/yy/workspace/peps/configs/paper/image_repro_smoke.toml,"{""batch_size"":512,""checkpoint_every"":1,""cosine"":true,""encoder_lr"":0.1,""log_every"":1,""loss"":""l2"",""model_lr"":0.001,""seed"":0,""steps"":1,""task"":""image"",""total_steps"":1}","{""flip-evaluator"":""1.7"",""lpips"":""0.1.4"",""torch"":""2.10.0+rocm7.0"",""torchmetrics"":""1.9.0""}",smoke_not_paper_comparable
smoke,smoke,kodim11,768,512,NTC_PinkPEPS,0,ssim,0.034098342061042786,417792,21251,439043,2.6868621069006906,1.7799371340079233,1,4,9004fe2240b9e84c55ae641ba78c0ad5f83398a6,True,/home/aup/yy/workspace/peps/configs/paper/image_repro_smoke.toml,"{""batch_size"":512,""checkpoint_every"":1,""cosine"":true,""encoder_lr"":0.1,""log_every"":1,""loss"":""l2"",""model_lr"":0.001,""seed"":0,""steps"":1,""task"":""image"",""total_steps"":1}","{""flip-evaluator"":""1.7"",""lpips"":""0.1.4"",""torch"":""2.10.0+rocm7.0"",""torchmetrics"":""1.9.0""}",smoke_not_paper_comparable
smoke,smoke,kodim11,768,512,G-P-PEPS-25,0,flip,0.7863745093345642,326144,10691,336835,3.5021538735582705,2.784006191068329,2,4,9004fe2240b9e84c55ae641ba78c0ad5f83398a6,True,/home/aup/yy/workspace/peps/configs/paper/image_repro_smoke.toml,"{""batch_size"":512,""checkpoint_every"":1,""cosine"":true,""encoder_lr"":0.1,""log_every"":1,""loss"":""l2"",""model_lr"":0.001,""seed"":0,""steps"":1,""task"":""image"",""total_steps"":1}","{""flip-evaluator"":""1.7"",""lpips"":""0.1.4"",""torch"":""2.10.0+rocm7.0"",""torchmetrics"":""1.9.0""}",smoke_not_paper_comparable
smoke,smoke,kodim11,768,512,G-P-PEPS-25,0,lpips,0.9691781997680664,326144,10691,336835,3.5021538735582705,2.784006191068329,2,4,9004fe2240b9e84c55ae641ba78c0ad5f83398a6,True,/home/aup/yy/workspace/peps/configs/paper/image_repro_smoke.toml,"{""batch_size"":512,""checkpoint_every"":1,""cosine"":true,""encoder_lr"":0.1,""log_every"":1,""loss"":""l2"",""model_lr"":0.001,""seed"":0,""steps"":1,""task"":""image"",""total_steps"":1}","{""flip-evaluator"":""1.7"",""lpips"":""0.1.4"",""torch"":""2.10.0+rocm7.0"",""torchmetrics"":""1.9.0""}",smoke_not_paper_comparable
smoke,smoke,kodim11,768,512,G-P-PEPS-25,0,lsd,0.08460157753629603,326144,10691,336835,3.5021538735582705,2.784006191068329,2,4,9004fe2240b9e84c55ae641ba78c0ad5f83398a6,True,/home/aup/yy/workspace/peps/configs/paper/image_repro_smoke.toml,"{""batch_size"":512,""checkpoint_every"":1,""cosine"":true,""encoder_lr"":0.1,""log_every"":1,""loss"":""l2"",""model_lr"":0.001,""seed"":0,""steps"":1,""task"":""image"",""total_steps"":1}","{""flip-evaluator"":""1.7"",""lpips"":""0.1.4"",""torch"":""2.10.0+rocm7.0"",""torchmetrics"":""1.9.0""}",smoke_not_paper_comparable
smoke,smoke,kodim11,768,512,G-P-PEPS-25,0,psnr,8.552318082328892,326144,10691,336835,3.5021538735582705,2.784006191068329,2,4,9004fe2240b9e84c55ae641ba78c0ad5f83398a6,True,/home/aup/yy/workspace/peps/configs/paper/image_repro_smoke.toml,"{""batch_size"":512,""checkpoint_every"":1,""cosine"":true,""encoder_lr"":0.1,""log_every"":1,""loss"":""l2"",""model_lr"":0.001,""seed"":0,""steps"":1,""task"":""image"",""total_steps"":1}","{""flip-evaluator"":""1.7"",""lpips"":""0.1.4"",""torch"":""2.10.0+rocm7.0"",""torchmetrics"":""1.9.0""}",smoke_not_paper_comparable
smoke,smoke,kodim11,768,512,G-P-PEPS-25,0,ssim,0.08523358404636383,326144,10691,336835,3.5021538735582705,2.784006191068329,2,4,9004fe2240b9e84c55ae641ba78c0ad5f83398a6,True,/home/aup/yy/workspace/peps/configs/paper/image_repro_smoke.toml,"{""batch_size"":512,""checkpoint_every"":1,""cosine"":true,""encoder_lr"":0.1,""log_every"":1,""loss"":""l2"",""model_lr"":0.001,""seed"":0,""steps"":1,""task"":""image"",""total_steps"":1}","{""flip-evaluator"":""1.7"",""lpips"":""0.1.4"",""torch"":""2.10.0+rocm7.0"",""torchmetrics"":""1.9.0""}",smoke_not_paper_comparable
smoke,smoke,kodim12,768,512,PE,0,flip,0.937717616558075,0,194403,194403,6.068054505331708,3.2759307799860835,3,4,9004fe2240b9e84c55ae641ba78c0ad5f83398a6,True,/home/aup/yy/workspace/peps/configs/paper/image_repro_smoke.toml,"{""batch_size"":512,""checkpoint_every"":1,""cosine"":true,""encoder_lr"":0.1,""log_every"":1,""loss"":""l2"",""model_lr"":0.001,""seed"":0,""steps"":1,""task"":""image"",""total_steps"":1}","{""flip-evaluator"":""1.7"",""lpips"":""0.1.4"",""torch"":""2.10.0+rocm7.0"",""torchmetrics"":""1.9.0""}",smoke_not_paper_comparable
smoke,smoke,kodim12,768,512,PE,0,lpips,0.9895867109298706,0,194403,194403,6.068054505331708,3.2759307799860835,3,4,9004fe2240b9e84c55ae641ba78c0ad5f83398a6,True,/home/aup/yy/workspace/peps/configs/paper/image_repro_smoke.toml,"{""batch_size"":512,""checkpoint_every"":1,""cosine"":true,""encoder_lr"":0.1,""log_every"":1,""loss"":""l2"",""model_lr"":0.001,""seed"":0,""steps"":1,""task"":""image"",""total_steps"":1}","{""flip-evaluator"":""1.7"",""lpips"":""0.1.4"",""torch"":""2.10.0+rocm7.0"",""torchmetrics"":""1.9.0""}",smoke_not_paper_comparable
smoke,smoke,kodim12,768,512,PE,0,lsd,0.07120125923376147,0,194403,194403,6.068054505331708,3.2759307799860835,3,4,9004fe2240b9e84c55ae641ba78c0ad5f83398a6,True,/home/aup/yy/workspace/peps/configs/paper/image_repro_smoke.toml,"{""batch_size"":512,""checkpoint_every"":1,""cosine"":true,""encoder_lr"":0.1,""log_every"":1,""loss"":""l2"",""model_lr"":0.001,""seed"":0,""steps"":1,""task"":""image"",""total_steps"":1}","{""flip-evaluator"":""1.7"",""lpips"":""0.1.4"",""torch"":""2.10.0+rocm7.0"",""torchmetrics"":""1.9.0""}",smoke_not_paper_comparable
smoke,smoke,kodim12,768,512,PE,0,psnr,3.993253289577315,0,194403,194403,6.068054505331708,3.2759307799860835,3,4,9004fe2240b9e84c55ae641ba78c0ad5f83398a6,True,/home/aup/yy/workspace/peps/configs/paper/image_repro_smoke.toml,"{""batch_size"":512,""checkpoint_every"":1,""cosine"":true,""encoder_lr"":0.1,""log_every"":1,""loss"":""l2"",""model_lr"":0.001,""seed"":0,""steps"":1,""task"":""image"",""total_steps"":1}","{""flip-evaluator"":""1.7"",""lpips"":""0.1.4"",""torch"":""2.10.0+rocm7.0"",""torchmetrics"":""1.9.0""}",smoke_not_paper_comparable
smoke,smoke,kodim12,768,512,PE,0,ssim,0.0034727719612419605,0,194403,194403,6.068054505331708,3.2759307799860835,3,4,9004fe2240b9e84c55ae641ba78c0ad5f83398a6,True,/home/aup/yy/workspace/peps/configs/paper/image_repro_smoke.toml,"{""batch_size"":512,""checkpoint_every"":1,""cosine"":true,""encoder_lr"":0.1,""log_every"":1,""loss"":""l2"",""model_lr"":0.001,""seed"":0,""steps"":1,""task"":""image"",""total_steps"":1}","{""flip-evaluator"":""1.7"",""lpips"":""0.1.4"",""torch"":""2.10.0+rocm7.0"",""torchmetrics"":""1.9.0""}",smoke_not_paper_comparable
smoke,smoke,kodim12,768,512,LPE,0,flip,0.940852165222168,401408,9603,411011,2.870112965346426,3.0474430880276486,0,4,9004fe2240b9e84c55ae641ba78c0ad5f83398a6,True,/home/aup/yy/workspace/peps/configs/paper/image_repro_smoke.toml,"{""batch_size"":512,""checkpoint_every"":1,""cosine"":true,""encoder_lr"":0.1,""log_every"":1,""loss"":""l2"",""model_lr"":0.001,""seed"":0,""steps"":1,""task"":""image"",""total_steps"":1}","{""flip-evaluator"":""1.7"",""lpips"":""0.1.4"",""torch"":""2.10.0+rocm7.0"",""torchmetrics"":""1.9.0""}",smoke_not_paper_comparable
smoke,smoke,kodim12,768,512,LPE,0,lpips,0.9769101142883301,401408,9603,411011,2.870112965346426,3.0474430880276486,0,4,9004fe2240b9e84c55ae641ba78c0ad5f83398a6,True,/home/aup/yy/workspace/peps/configs/paper/image_repro_smoke.toml,"{""batch_size"":512,""checkpoint_every"":1,""cosine"":true,""encoder_lr"":0.1,""log_every"":1,""loss"":""l2"",""model_lr"":0.001,""seed"":0,""steps"":1,""task"":""image"",""total_steps"":1}","{""flip-evaluator"":""1.7"",""lpips"":""0.1.4"",""torch"":""2.10.0+rocm7.0"",""torchmetrics"":""1.9.0""}",smoke_not_paper_comparable
smoke,smoke,kodim12,768,512,LPE,0,lsd,0.07304187289043129,401408,9603,411011,2.870112965346426,3.0474430880276486,0,4,9004fe2240b9e84c55ae641ba78c0ad5f83398a6,True,/home/aup/yy/workspace/peps/configs/paper/image_repro_smoke.toml,"{""batch_size"":512,""checkpoint_every"":1,""cosine"":true,""encoder_lr"":0.1,""log_every"":1,""loss"":""l2"",""model_lr"":0.001,""seed"":0,""steps"":1,""task"":""image"",""total_steps"":1}","{""flip-evaluator"":""1.7"",""lpips"":""0.1.4"",""torch"":""2.10.0+rocm7.0"",""torchmetrics"":""1.9.0""}",smoke_not_paper_comparable
smoke,smoke,kodim12,768,512,LPE,0,psnr,3.267557250675548,401408,9603,411011,2.870112965346426,3.0474430880276486,0,4,9004fe2240b9e84c55ae641ba78c0ad5f83398a6,True,/home/aup/yy/workspace/peps/configs/paper/image_repro_smoke.toml,"{""batch_size"":512,""checkpoint_every"":1,""cosine"":true,""encoder_lr"":0.1,""log_every"":1,""loss"":""l2"",""model_lr"":0.001,""seed"":0,""steps"":1,""task"":""image"",""total_steps"":1}","{""flip-evaluator"":""1.7"",""lpips"":""0.1.4"",""torch"":""2.10.0+rocm7.0"",""torchmetrics"":""1.9.0""}",smoke_not_paper_comparable
smoke,smoke,kodim12,768,512,LPE,0,ssim,-0.12731046974658966,401408,9603,411011,2.870112965346426,3.0474430880276486,0,4,9004fe2240b9e84c55ae641ba78c0ad5f83398a6,True,/home/aup/yy/workspace/peps/configs/paper/image_repro_smoke.toml,"{""batch_size"":512,""checkpoint_every"":1,""cosine"":true,""encoder_lr"":0.1,""log_every"":1,""loss"":""l2"",""model_lr"":0.001,""seed"":0,""steps"":1,""task"":""image"",""total_steps"":1}","{""flip-evaluator"":""1.7"",""lpips"":""0.1.4"",""torch"":""2.10.0+rocm7.0"",""torchmetrics"":""1.9.0""}",smoke_not_paper_comparable
smoke,smoke,kodim12,768,512,NTC_N,0,flip,0.9320436120033264,417792,13699,431491,2.733887844705915,3.121311115915887,1,4,9004fe2240b9e84c55ae641ba78c0ad5f83398a6,True,/home/aup/yy/workspace/peps/configs/paper/image_repro_smoke.toml,"{""batch_size"":512,""checkpoint_every"":1,""cosine"":true,""encoder_lr"":0.1,""log_every"":1,""loss"":""l2"",""model_lr"":0.001,""seed"":0,""steps"":1,""task"":""image"",""total_steps"":1}","{""flip-evaluator"":""1.7"",""lpips"":""0.1.4"",""torch"":""2.10.0+rocm7.0"",""torchmetrics"":""1.9.0""}",smoke_not_paper_comparable
smoke,smoke,kodim12,768,512,NTC_N,0,lpips,0.9511669278144836,417792,13699,431491,2.733887844705915,3.121311115915887,1,4,9004fe2240b9e84c55ae641ba78c0ad5f83398a6,True,/home/aup/yy/workspace/peps/configs/paper/image_repro_smoke.toml,"{""batch_size"":512,""checkpoint_every"":1,""cosine"":true,""encoder_lr"":0.1,""log_every"":1,""loss"":""l2"",""model_lr"":0.001,""seed"":0,""steps"":1,""task"":""image"",""total_steps"":1}","{""flip-evaluator"":""1.7"",""lpips"":""0.1.4"",""torch"":""2.10.0+rocm7.0"",""torchmetrics"":""1.9.0""}",smoke_not_paper_comparable
smoke,smoke,kodim12,768,512,NTC_N,0,lsd,0.072618286046792,417792,13699,431491,2.733887844705915,3.121311115915887,1,4,9004fe2240b9e84c55ae641ba78c0ad5f83398a6,True,/home/aup/yy/workspace/peps/configs/paper/image_repro_smoke.toml,"{""batch_size"":512,""checkpoint_every"":1,""cosine"":true,""encoder_lr"":0.1,""log_every"":1,""loss"":""l2"",""model_lr"":0.001,""seed"":0,""steps"":1,""task"":""image"",""total_steps"":1}","{""flip-evaluator"":""1.7"",""lpips"":""0.1.4"",""torch"":""2.10.0+rocm7.0"",""torchmetrics"":""1.9.0""}",smoke_not_paper_comparable
smoke,smoke,kodim12,768,512,NTC_N,0,psnr,4.499585896987778,417792,13699,431491,2.733887844705915,3.121311115915887,1,4,9004fe2240b9e84c55ae641ba78c0ad5f83398a6,True,/home/aup/yy/workspace/peps/configs/paper/image_repro_smoke.toml,"{""batch_size"":512,""checkpoint_every"":1,""cosine"":true,""encoder_lr"":0.1,""log_every"":1,""loss"":""l2"",""model_lr"":0.001,""seed"":0,""steps"":1,""task"":""image"",""total_steps"":1}","{""flip-evaluator"":""1.7"",""lpips"":""0.1.4"",""torch"":""2.10.0+rocm7.0"",""torchmetrics"":""1.9.0""}",smoke_not_paper_comparable
smoke,smoke,kodim12,768,512,NTC_N,0,ssim,0.09652963280677795,417792,13699,431491,2.733887844705915,3.121311115915887,1,4,9004fe2240b9e84c55ae641ba78c0ad5f83398a6,True,/home/aup/yy/workspace/peps/configs/paper/image_repro_smoke.toml,"{""batch_size"":512,""checkpoint_every"":1,""cosine"":true,""encoder_lr"":0.1,""log_every"":1,""loss"":""l2"",""model_lr"":0.001,""seed"":0,""steps"":1,""task"":""image"",""total_steps"":1}","{""flip-evaluator"":""1.7"",""lpips"":""0.1.4"",""torch"":""2.10.0+rocm7.0"",""torchmetrics"":""1.9.0""}",smoke_not_paper_comparable
smoke,smoke,kodim12,768,512,Grid,0,flip,0.9405545592308044,426496,9667,436163,2.704603554175847,2.4391984019894153,2,4,9004fe2240b9e84c55ae641ba78c0ad5f83398a6,True,/home/aup/yy/workspace/peps/configs/paper/image_repro_smoke.toml,"{""batch_size"":512,""checkpoint_every"":1,""cosine"":true,""encoder_lr"":0.1,""log_every"":1,""loss"":""l2"",""model_lr"":0.001,""seed"":0,""steps"":1,""task"":""image"",""total_steps"":1}","{""flip-evaluator"":""1.7"",""lpips"":""0.1.4"",""torch"":""2.10.0+rocm7.0"",""torchmetrics"":""1.9.0""}",smoke_not_paper_comparable
smoke,smoke,kodim12,768,512,Grid,0,lpips,1.0454425811767578,426496,9667,436163,2.704603554175847,2.4391984019894153,2,4,9004fe2240b9e84c55ae641ba78c0ad5f83398a6,True,/home/aup/yy/workspace/peps/configs/paper/image_repro_smoke.toml,"{""batch_size"":512,""checkpoint_every"":1,""cosine"":true,""encoder_lr"":0.1,""log_every"":1,""loss"":""l2"",""model_lr"":0.001,""seed"":0,""steps"":1,""task"":""image"",""total_steps"":1}","{""flip-evaluator"":""1.7"",""lpips"":""0.1.4"",""torch"":""2.10.0+rocm7.0"",""torchmetrics"":""1.9.0""}",smoke_not_paper_comparable
smoke,smoke,kodim12,768,512,Grid,0,lsd,0.07280206981096872,426496,9667,436163,2.704603554175847,2.4391984019894153,2,4,9004fe2240b9e84c55ae641ba78c0ad5f83398a6,True,/home/aup/yy/workspace/peps/configs/paper/image_repro_smoke.toml,"{""batch_size"":512,""checkpoint_every"":1,""cosine"":true,""encoder_lr"":0.1,""log_every"":1,""loss"":""l2"",""model_lr"":0.001,""seed"":0,""steps"":1,""task"":""image"",""total_steps"":1}","{""flip-evaluator"":""1.7"",""lpips"":""0.1.4"",""torch"":""2.10.0+rocm7.0"",""torchmetrics"":""1.9.0""}",smoke_not_paper_comparable
smoke,smoke,kodim12,768,512,Grid,0,psnr,3.347616724057056,426496,9667,436163,2.704603554175847,2.4391984019894153,2,4,9004fe2240b9e84c55ae641ba78c0ad5f83398a6,True,/home/aup/yy/workspace/peps/configs/paper/image_repro_smoke.toml,"{""batch_size"":512,""checkpoint_every"":1,""cosine"":true,""encoder_lr"":0.1,""log_every"":1,""loss"":""l2"",""model_lr"":0.001,""seed"":0,""steps"":1,""task"":""image"",""total_steps"":1}","{""flip-evaluator"":""1.7"",""lpips"":""0.1.4"",""torch"":""2.10.0+rocm7.0"",""torchmetrics"":""1.9.0""}",smoke_not_paper_comparable
smoke,smoke,kodim12,768,512,Grid,0,ssim,-0.07628536224365234,426496,9667,436163,2.704603554175847,2.4391984019894153,2,4,9004fe2240b9e84c55ae641ba78c0ad5f83398a6,True,/home/aup/yy/workspace/peps/configs/paper/image_repro_smoke.toml,"{""batch_size"":512,""checkpoint_every"":1,""cosine"":true,""encoder_lr"":0.1,""log_every"":1,""loss"":""l2"",""model_lr"":0.001,""seed"":0,""steps"":1,""task"":""image"",""total_steps"":1}","{""flip-evaluator"":""1.7"",""lpips"":""0.1.4"",""torch"":""2.10.0+rocm7.0"",""torchmetrics"":""1.9.0""}",smoke_not_paper_comparable
smoke,smoke,kodim12,768,512,G-PEPS,0,flip,0.9234738945960999,426496,16195,442691,2.6647209904877216,3.1258020820096135,3,4,9004fe2240b9e84c55ae641ba78c0ad5f83398a6,True,/home/aup/yy/workspace/peps/configs/paper/image_repro_smoke.toml,"{""batch_size"":512,""checkpoint_every"":1,""cosine"":true,""encoder_lr"":0.1,""log_every"":1,""loss"":""l2"",""model_lr"":0.001,""seed"":0,""steps"":1,""task"":""image"",""total_steps"":1}","{""flip-evaluator"":""1.7"",""lpips"":""0.1.4"",""torch"":""2.10.0+rocm7.0"",""torchmetrics"":""1.9.0""}",smoke_not_paper_comparable
smoke,smoke,kodim12,768,512,G-PEPS,0,lpips,0.9727444052696228,426496,16195,442691,2.6647209904877216,3.1258020820096135,3,4,9004fe2240b9e84c55ae641ba78c0ad5f83398a6,True,/home/aup/yy/workspace/peps/configs/paper/image_repro_smoke.toml,"{""batch_size"":512,""checkpoint_every"":1,""cosine"":true,""encoder_lr"":0.1,""log_every"":1,""loss"":""l2"",""model_lr"":0.001,""seed"":0,""steps"":1,""task"":""image"",""total_steps"":1}","{""flip-evaluator"":""1.7"",""lpips"":""0.1.4"",""torch"":""2.10.0+rocm7.0"",""torchmetrics"":""1.9.0""}",smoke_not_paper_comparable
smoke,smoke,kodim12,768,512,G-PEPS,0,lsd,0.07265793916328517,426496,16195,442691,2.6647209904877216,3.1258020820096135,3,4,9004fe2240b9e84c55ae641ba78c0ad5f83398a6,True,/home/aup/yy/workspace/peps/configs/paper/image_repro_smoke.toml,"{""batch_size"":512,""checkpoint_every"":1,""cosine"":true,""encoder_lr"":0.1,""log_every"":1,""loss"":""l2"",""model_lr"":0.001,""seed"":0,""steps"":1,""task"":""image"",""total_steps"":1}","{""flip-evaluator"":""1.7"",""lpips"":""0.1.4"",""torch"":""2.10.0+rocm7.0"",""torchmetrics"":""1.9.0""}",smoke_not_paper_comparable
smoke,smoke,kodim12,768,512,G-PEPS,0,psnr,4.05245683414943,426496,16195,442691,2.6647209904877216,3.1258020820096135,3,4,9004fe2240b9e84c55ae641ba78c0ad5f83398a6,True,/home/aup/yy/workspace/peps/configs/paper/image_repro_smoke.toml,"{""batch_size"":512,""checkpoint_every"":1,""cosine"":true,""encoder_lr"":0.1,""log_every"":1,""loss"":""l2"",""model_lr"":0.001,""seed"":0,""steps"":1,""task"":""image"",""total_steps"":1}","{""flip-evaluator"":""1.7"",""lpips"":""0.1.4"",""torch"":""2.10.0+rocm7.0"",""torchmetrics"":""1.9.0""}",smoke_not_paper_comparable
smoke,smoke,kodim12,768,512,G-PEPS,0,ssim,0.017097588628530502,426496,16195,442691,2.6647209904877216,3.1258020820096135,3,4,9004fe2240b9e84c55ae641ba78c0ad5f83398a6,True,/home/aup/yy/workspace/peps/configs/paper/image_repro_smoke.toml,"{""batch_size"":512,""checkpoint_every"":1,""cosine"":true,""encoder_lr"":0.1,""log_every"":1,""loss"":""l2"",""model_lr"":0.001,""seed"":0,""steps"":1,""task"":""image"",""total_steps"":1}","{""flip-evaluator"":""1.7"",""lpips"":""0.1.4"",""torch"":""2.10.0+rocm7.0"",""torchmetrics"":""1.9.0""}",smoke_not_paper_comparable
smoke,smoke,kodim12,768,512,G-P-PEPS,0,flip,0.9377314448356628,426496,11459,437955,2.69353700722677,3.137455180985853,0,4,9004fe2240b9e84c55ae641ba78c0ad5f83398a6,True,/home/aup/yy/workspace/peps/configs/paper/image_repro_smoke.toml,"{""batch_size"":512,""checkpoint_every"":1,""cosine"":true,""encoder_lr"":0.1,""log_every"":1,""loss"":""l2"",""model_lr"":0.001,""seed"":0,""steps"":1,""task"":""image"",""total_steps"":1}","{""flip-evaluator"":""1.7"",""lpips"":""0.1.4"",""torch"":""2.10.0+rocm7.0"",""torchmetrics"":""1.9.0""}",smoke_not_paper_comparable
smoke,smoke,kodim12,768,512,G-P-PEPS,0,lpips,0.9861233830451965,426496,11459,437955,2.69353700722677,3.137455180985853,0,4,9004fe2240b9e84c55ae641ba78c0ad5f83398a6,True,/home/aup/yy/workspace/peps/configs/paper/image_repro_smoke.toml,"{""batch_size"":512,""checkpoint_every"":1,""cosine"":true,""encoder_lr"":0.1,""log_every"":1,""loss"":""l2"",""model_lr"":0.001,""seed"":0,""steps"":1,""task"":""image"",""total_steps"":1}","{""flip-evaluator"":""1.7"",""lpips"":""0.1.4"",""torch"":""2.10.0+rocm7.0"",""torchmetrics"":""1.9.0""}",smoke_not_paper_comparable
smoke,smoke,kodim12,768,512,G-P-PEPS,0,lsd,0.07274527406973512,426496,11459,437955,2.69353700722677,3.137455180985853,0,4,9004fe2240b9e84c55ae641ba78c0ad5f83398a6,True,/home/aup/yy/workspace/peps/configs/paper/image_repro_smoke.toml,"{""batch_size"":512,""checkpoint_every"":1,""cosine"":true,""encoder_lr"":0.1,""log_every"":1,""loss"":""l2"",""model_lr"":0.001,""seed"":0,""steps"":1,""task"":""image"",""total_steps"":1}","{""flip-evaluator"":""1.7"",""lpips"":""0.1.4"",""torch"":""2.10.0+rocm7.0"",""torchmetrics"":""1.9.0""}",smoke_not_paper_comparable
smoke,smoke,kodim12,768,512,G-P-PEPS,0,psnr,4.112864324361255,426496,11459,437955,2.69353700722677,3.137455180985853,0,4,9004fe2240b9e84c55ae641ba78c0ad5f83398a6,True,/home/aup/yy/workspace/peps/configs/paper/image_repro_smoke.toml,"{""batch_size"":512,""checkpoint_every"":1,""cosine"":true,""encoder_lr"":0.1,""log_every"":1,""loss"":""l2"",""model_lr"":0.001,""seed"":0,""steps"":1,""task"":""image"",""total_steps"":1}","{""flip-evaluator"":""1.7"",""lpips"":""0.1.4"",""torch"":""2.10.0+rocm7.0"",""torchmetrics"":""1.9.0""}",smoke_not_paper_comparable
smoke,smoke,kodim12,768,512,G-P-PEPS,0,ssim,0.031275928020477295,426496,11459,437955,2.69353700722677,3.137455180985853,0,4,9004fe2240b9e84c55ae641ba78c0ad5f83398a6,True,/home/aup/yy/workspace/peps/configs/paper/image_repro_smoke.toml,"{""batch_size"":512,""checkpoint_every"":1,""cosine"":true,""encoder_lr"":0.1,""log_every"":1,""loss"":""l2"",""model_lr"":0.001,""seed"":0,""steps"":1,""task"":""image"",""total_steps"":1}","{""flip-evaluator"":""1.7"",""lpips"":""0.1.4"",""torch"":""2.10.0+rocm7.0"",""torchmetrics"":""1.9.0""}",smoke_not_paper_comparable
smoke,smoke,kodim12,768,512,NTC_PEPS,0,flip,0.932003915309906,417792,39811,457603,2.577885197430961,1.9550947700627148,1,4,9004fe2240b9e84c55ae641ba78c0ad5f83398a6,True,/home/aup/yy/workspace/peps/configs/paper/image_repro_smoke.toml,"{""batch_size"":512,""checkpoint_every"":1,""cosine"":true,""encoder_lr"":0.1,""log_every"":1,""loss"":""l2"",""model_lr"":0.001,""seed"":0,""steps"":1,""task"":""image"",""total_steps"":1}","{""flip-evaluator"":""1.7"",""lpips"":""0.1.4"",""torch"":""2.10.0+rocm7.0"",""torchmetrics"":""1.9.0""}",smoke_not_paper_comparable
smoke,smoke,kodim12,768,512,NTC_PEPS,0,lpips,0.9967814683914185,417792,39811,457603,2.577885197430961,1.9550947700627148,1,4,9004fe2240b9e84c55ae641ba78c0ad5f83398a6,True,/home/aup/yy/workspace/peps/configs/paper/image_repro_smoke.toml,"{""batch_size"":512,""checkpoint_every"":1,""cosine"":true,""encoder_lr"":0.1,""log_every"":1,""loss"":""l2"",""model_lr"":0.001,""seed"":0,""steps"":1,""task"":""image"",""total_steps"":1}","{""flip-evaluator"":""1.7"",""lpips"":""0.1.4"",""torch"":""2.10.0+rocm7.0"",""torchmetrics"":""1.9.0""}",smoke_not_paper_comparable
smoke,smoke,kodim12,768,512,NTC_PEPS,0,lsd,0.07212198505990536,417792,39811,457603,2.577885197430961,1.9550947700627148,1,4,9004fe2240b9e84c55ae641ba78c0ad5f83398a6,True,/home/aup/yy/workspace/peps/configs/paper/image_repro_smoke.toml,"{""batch_size"":512,""checkpoint_every"":1,""cosine"":true,""encoder_lr"":0.1,""log_every"":1,""loss"":""l2"",""model_lr"":0.001,""seed"":0,""steps"":1,""task"":""image"",""total_steps"":1}","{""flip-evaluator"":""1.7"",""lpips"":""0.1.4"",""torch"":""2.10.0+rocm7.0"",""torchmetrics"":""1.9.0""}",smoke_not_paper_comparable
smoke,smoke,kodim12,768,512,NTC_PEPS,0,psnr,5.080698517390585,417792,39811,457603,2.577885197430961,1.9550947700627148,1,4,9004fe2240b9e84c55ae641ba78c0ad5f83398a6,True,/home/aup/yy/workspace/peps/configs/paper/image_repro_smoke.toml,"{""batch_size"":512,""checkpoint_every"":1,""cosine"":true,""encoder_lr"":0.1,""log_every"":1,""loss"":""l2"",""model_lr"":0.001,""seed"":0,""steps"":1,""task"":""image"",""total_steps"":1}","{""flip-evaluator"":""1.7"",""lpips"":""0.1.4"",""torch"":""2.10.0+rocm7.0"",""torchmetrics"":""1.9.0""}",smoke_not_paper_comparable
smoke,smoke,kodim12,768,512,NTC_PEPS,0,ssim,0.20254717767238617,417792,39811,457603,2.577885197430961,1.9550947700627148,1,4,9004fe2240b9e84c55ae641ba78c0ad5f83398a6,True,/home/aup/yy/workspace/peps/configs/paper/image_repro_smoke.toml,"{""batch_size"":512,""checkpoint_every"":1,""cosine"":true,""encoder_lr"":0.1,""log_every"":1,""loss"":""l2"",""model_lr"":0.001,""seed"":0,""steps"":1,""task"":""image"",""total_steps"":1}","{""flip-evaluator"":""1.7"",""lpips"":""0.1.4"",""torch"":""2.10.0+rocm7.0"",""torchmetrics"":""1.9.0""}",smoke_not_paper_comparable
smoke,smoke,kodim12,768,512,NTC_PinkPEPS,0,flip,0.9370412230491638,417792,21251,439043,2.6868621069006906,2.488885206053965,2,4,9004fe2240b9e84c55ae641ba78c0ad5f83398a6,True,/home/aup/yy/workspace/peps/configs/paper/image_repro_smoke.toml,"{""batch_size"":512,""checkpoint_every"":1,""cosine"":true,""encoder_lr"":0.1,""log_every"":1,""loss"":""l2"",""model_lr"":0.001,""seed"":0,""steps"":1,""task"":""image"",""total_steps"":1}","{""flip-evaluator"":""1.7"",""lpips"":""0.1.4"",""torch"":""2.10.0+rocm7.0"",""torchmetrics"":""1.9.0""}",smoke_not_paper_comparable
smoke,smoke,kodim12,768,512,NTC_PinkPEPS,0,lpips,1.0035933256149292,417792,21251,439043,2.6868621069006906,2.488885206053965,2,4,9004fe2240b9e84c55ae641ba78c0ad5f83398a6,True,/home/aup/yy/workspace/peps/configs/paper/image_repro_smoke.toml,"{""batch_size"":512,""checkpoint_every"":1,""cosine"":true,""encoder_lr"":0.1,""log_every"":1,""loss"":""l2"",""model_lr"":0.001,""seed"":0,""steps"":1,""task"":""image"",""total_steps"":1}","{""flip-evaluator"":""1.7"",""lpips"":""0.1.4"",""torch"":""2.10.0+rocm7.0"",""torchmetrics"":""1.9.0""}",smoke_not_paper_comparable
smoke,smoke,kodim12,768,512,NTC_PinkPEPS,0,lsd,0.07231882851684358,417792,21251,439043,2.6868621069006906,2.488885206053965,2,4,9004fe2240b9e84c55ae641ba78c0ad5f83398a6,True,/home/aup/yy/workspace/peps/configs/paper/image_repro_smoke.toml,"{""batch_size"":512,""checkpoint_every"":1,""cosine"":true,""encoder_lr"":0.1,""log_every"":1,""loss"":""l2"",""model_lr"":0.001,""seed"":0,""steps"":1,""task"":""image"",""total_steps"":1}","{""flip-evaluator"":""1.7"",""lpips"":""0.1.4"",""torch"":""2.10.0+rocm7.0"",""torchmetrics"":""1.9.0""}",smoke_not_paper_comparable
smoke,smoke,kodim12,768,512,NTC_PinkPEPS,0,psnr,3.9244955944473774,417792,21251,439043,2.6868621069006906,2.488885206053965,2,4,9004fe2240b9e84c55ae641ba78c0ad5f83398a6,True,/home/aup/yy/workspace/peps/configs/paper/image_repro_smoke.toml,"{""batch_size"":512,""checkpoint_every"":1,""cosine"":true,""encoder_lr"":0.1,""log_every"":1,""loss"":""l2"",""model_lr"":0.001,""seed"":0,""steps"":1,""task"":""image"",""total_steps"":1}","{""flip-evaluator"":""1.7"",""lpips"":""0.1.4"",""torch"":""2.10.0+rocm7.0"",""torchmetrics"":""1.9.0""}",smoke_not_paper_comparable
smoke,smoke,kodim12,768,512,NTC_PinkPEPS,0,ssim,0.009182064794003963,417792,21251,439043,2.6868621069006906,2.488885206053965,2,4,9004fe2240b9e84c55ae641ba78c0ad5f83398a6,True,/home/aup/yy/workspace/peps/configs/paper/image_repro_smoke.toml,"{""batch_size"":512,""checkpoint_every"":1,""cosine"":true,""encoder_lr"":0.1,""log_every"":1,""loss"":""l2"",""model_lr"":0.001,""seed"":0,""steps"":1,""task"":""image"",""total_steps"":1}","{""flip-evaluator"":""1.7"",""lpips"":""0.1.4"",""torch"":""2.10.0+rocm7.0"",""torchmetrics"":""1.9.0""}",smoke_not_paper_comparable
smoke,smoke,kodim12,768,512,G-P-PEPS-25,0,flip,0.9384591579437256,326144,10691,336835,3.5021538735582705,2.4212858270620927,3,4,9004fe2240b9e84c55ae641ba78c0ad5f83398a6,True,/home/aup/yy/workspace/peps/configs/paper/image_repro_smoke.toml,"{""batch_size"":512,""checkpoint_every"":1,""cosine"":true,""encoder_lr"":0.1,""log_every"":1,""loss"":""l2"",""model_lr"":0.001,""seed"":0,""steps"":1,""task"":""image"",""total_steps"":1}","{""flip-evaluator"":""1.7"",""lpips"":""0.1.4"",""torch"":""2.10.0+rocm7.0"",""torchmetrics"":""1.9.0""}",smoke_not_paper_comparable
smoke,smoke,kodim12,768,512,G-P-PEPS-25,0,lpips,1.0071223974227905,326144,10691,336835,3.5021538735582705,2.4212858270620927,3,4,9004fe2240b9e84c55ae641ba78c0ad5f83398a6,True,/home/aup/yy/workspace/peps/configs/paper/image_repro_smoke.toml,"{""batch_size"":512,""checkpoint_every"":1,""cosine"":true,""encoder_lr"":0.1,""log_every"":1,""loss"":""l2"",""model_lr"":0.001,""seed"":0,""steps"":1,""task"":""image"",""total_steps"":1}","{""flip-evaluator"":""1.7"",""lpips"":""0.1.4"",""torch"":""2.10.0+rocm7.0"",""torchmetrics"":""1.9.0""}",smoke_not_paper_comparable
smoke,smoke,kodim12,768,512,G-P-PEPS-25,0,lsd,0.07286212627116312,326144,10691,336835,3.5021538735582705,2.4212858270620927,3,4,9004fe2240b9e84c55ae641ba78c0ad5f83398a6,True,/home/aup/yy/workspace/peps/configs/paper/image_repro_smoke.toml,"{""batch_size"":512,""checkpoint_every"":1,""cosine"":true,""encoder_lr"":0.1,""log_every"":1,""loss"":""l2"",""model_lr"":0.001,""seed"":0,""steps"":1,""task"":""image"",""total_steps"":1}","{""flip-evaluator"":""1.7"",""lpips"":""0.1.4"",""torch"":""2.10.0+rocm7.0"",""torchmetrics"":""1.9.0""}",smoke_not_paper_comparable
smoke,smoke,kodim12,768,512,G-P-PEPS-25,0,psnr,4.1844679612805225,326144,10691,336835,3.5021538735582705,2.4212858270620927,3,4,9004fe2240b9e84c55ae641ba78c0ad5f83398a6,True,/home/aup/yy/workspace/peps/configs/paper/image_repro_smoke.toml,"{""batch_size"":512,""checkpoint_every"":1,""cosine"":true,""encoder_lr"":0.1,""log_every"":1,""loss"":""l2"",""model_lr"":0.001,""seed"":0,""steps"":1,""task"":""image"",""total_steps"":1}","{""flip-evaluator"":""1.7"",""lpips"":""0.1.4"",""torch"":""2.10.0+rocm7.0"",""torchmetrics"":""1.9.0""}",smoke_not_paper_comparable
smoke,smoke,kodim12,768,512,G-P-PEPS-25,0,ssim,0.04586499184370041,326144,10691,336835,3.5021538735582705,2.4212858270620927,3,4,9004fe2240b9e84c55ae641ba78c0ad5f83398a6,True,/home/aup/yy/workspace/peps/configs/paper/image_repro_smoke.toml,"{""batch_size"":512,""checkpoint_every"":1,""cosine"":true,""encoder_lr"":0.1,""log_every"":1,""loss"":""l2"",""model_lr"":0.001,""seed"":0,""steps"":1,""task"":""image"",""total_steps"":1}","{""flip-evaluator"":""1.7"",""lpips"":""0.1.4"",""torch"":""2.10.0+rocm7.0"",""torchmetrics"":""1.9.0""}",smoke_not_paper_comparable
smoke,smoke,kodim13,768,512,PE,0,flip,0.8587470054626465,0,194403,194403,6.068054505331708,3.1717214139644057,0,4,9004fe2240b9e84c55ae641ba78c0ad5f83398a6,True,/home/aup/yy/workspace/peps/configs/paper/image_repro_smoke.toml,"{""batch_size"":512,""checkpoint_every"":1,""cosine"":true,""encoder_lr"":0.1,""log_every"":1,""loss"":""l2"",""model_lr"":0.001,""seed"":0,""steps"":1,""task"":""image"",""total_steps"":1}","{""flip-evaluator"":""1.7"",""lpips"":""0.1.4"",""torch"":""2.10.0+rocm7.0"",""torchmetrics"":""1.9.0""}",smoke_not_paper_comparable
smoke,smoke,kodim13,768,512,PE,0,lpips,1.020696997642517,0,194403,194403,6.068054505331708,3.1717214139644057,0,4,9004fe2240b9e84c55ae641ba78c0ad5f83398a6,True,/home/aup/yy/workspace/peps/configs/paper/image_repro_smoke.toml,"{""batch_size"":512,""checkpoint_every"":1,""cosine"":true,""encoder_lr"":0.1,""log_every"":1,""loss"":""l2"",""model_lr"":0.001,""seed"":0,""steps"":1,""task"":""image"",""total_steps"":1}","{""flip-evaluator"":""1.7"",""lpips"":""0.1.4"",""torch"":""2.10.0+rocm7.0"",""torchmetrics"":""1.9.0""}",smoke_not_paper_comparable
smoke,smoke,kodim13,768,512,PE,0,lsd,0.11568104408957885,0,194403,194403,6.068054505331708,3.1717214139644057,0,4,9004fe2240b9e84c55ae641ba78c0ad5f83398a6,True,/home/aup/yy/workspace/peps/configs/paper/image_repro_smoke.toml,"{""batch_size"":512,""checkpoint_every"":1,""cosine"":true,""encoder_lr"":0.1,""log_every"":1,""loss"":""l2"",""model_lr"":0.001,""seed"":0,""steps"":1,""task"":""image"",""total_steps"":1}","{""flip-evaluator"":""1.7"",""lpips"":""0.1.4"",""torch"":""2.10.0+rocm7.0"",""torchmetrics"":""1.9.0""}",smoke_not_paper_comparable
smoke,smoke,kodim13,768,512,PE,0,psnr,7.001313052331495,0,194403,194403,6.068054505331708,3.1717214139644057,0,4,9004fe2240b9e84c55ae641ba78c0ad5f83398a6,True,/home/aup/yy/workspace/peps/configs/paper/image_repro_smoke.toml,"{""batch_size"":512,""checkpoint_every"":1,""cosine"":true,""encoder_lr"":0.1,""log_every"":1,""loss"":""l2"",""model_lr"":0.001,""seed"":0,""steps"":1,""task"":""image"",""total_steps"":1}","{""flip-evaluator"":""1.7"",""lpips"":""0.1.4"",""torch"":""2.10.0+rocm7.0"",""torchmetrics"":""1.9.0""}",smoke_not_paper_comparable
smoke,smoke,kodim13,768,512,PE,0,ssim,-0.0058898283168673515,0,194403,194403,6.068054505331708,3.1717214139644057,0,4,9004fe2240b9e84c55ae641ba78c0ad5f83398a6,True,/home/aup/yy/workspace/peps/configs/paper/image_repro_smoke.toml,"{""batch_size"":512,""checkpoint_every"":1,""cosine"":true,""encoder_lr"":0.1,""log_every"":1,""loss"":""l2"",""model_lr"":0.001,""seed"":0,""steps"":1,""task"":""image"",""total_steps"":1}","{""flip-evaluator"":""1.7"",""lpips"":""0.1.4"",""torch"":""2.10.0+rocm7.0"",""torchmetrics"":""1.9.0""}",smoke_not_paper_comparable
smoke,smoke,kodim13,768,512,LPE,0,flip,0.8706269264221191,401408,9603,411011,2.870112965346426,2.8777074749814346,1,4,9004fe2240b9e84c55ae641ba78c0ad5f83398a6,True,/home/aup/yy/workspace/peps/configs/paper/image_repro_smoke.toml,"{""batch_size"":512,""checkpoint_every"":1,""cosine"":true,""encoder_lr"":0.1,""log_every"":1,""loss"":""l2"",""model_lr"":0.001,""seed"":0,""steps"":1,""task"":""image"",""total_steps"":1}","{""flip-evaluator"":""1.7"",""lpips"":""0.1.4"",""torch"":""2.10.0+rocm7.0"",""torchmetrics"":""1.9.0""}",smoke_not_paper_comparable
smoke,smoke,kodim13,768,512,LPE,0,lpips,0.9966129064559937,401408,9603,411011,2.870112965346426,2.8777074749814346,1,4,9004fe2240b9e84c55ae641ba78c0ad5f83398a6,True,/home/aup/yy/workspace/peps/configs/paper/image_repro_smoke.toml,"{""batch_size"":512,""checkpoint_every"":1,""cosine"":true,""encoder_lr"":0.1,""log_every"":1,""loss"":""l2"",""model_lr"":0.001,""seed"":0,""steps"":1,""task"":""image"",""total_steps"":1}","{""flip-evaluator"":""1.7"",""lpips"":""0.1.4"",""torch"":""2.10.0+rocm7.0"",""torchmetrics"":""1.9.0""}",smoke_not_paper_comparable
smoke,smoke,kodim13,768,512,LPE,0,lsd,0.11682218154363093,401408,9603,411011,2.870112965346426,2.8777074749814346,1,4,9004fe2240b9e84c55ae641ba78c0ad5f83398a6,True,/home/aup/yy/workspace/peps/configs/paper/image_repro_smoke.toml,"{""batch_size"":512,""checkpoint_every"":1,""cosine"":true,""encoder_lr"":0.1,""log_every"":1,""loss"":""l2"",""model_lr"":0.001,""seed"":0,""steps"":1,""task"":""image"",""total_steps"":1}","{""flip-evaluator"":""1.7"",""lpips"":""0.1.4"",""torch"":""2.10.0+rocm7.0"",""torchmetrics"":""1.9.0""}",smoke_not_paper_comparable
smoke,smoke,kodim13,768,512,LPE,0,psnr,6.041287472414663,401408,9603,411011,2.870112965346426,2.8777074749814346,1,4,9004fe2240b9e84c55ae641ba78c0ad5f83398a6,True,/home/aup/yy/workspace/peps/configs/paper/image_repro_smoke.toml,"{""batch_size"":512,""checkpoint_every"":1,""cosine"":true,""encoder_lr"":0.1,""log_every"":1,""loss"":""l2"",""model_lr"":0.001,""seed"":0,""steps"":1,""task"":""image"",""total_steps"":1}","{""flip-evaluator"":""1.7"",""lpips"":""0.1.4"",""torch"":""2.10.0+rocm7.0"",""torchmetrics"":""1.9.0""}",smoke_not_paper_comparable
smoke,smoke,kodim13,768,512,LPE,0,ssim,-0.07729753851890564,401408,9603,411011,2.870112965346426,2.8777074749814346,1,4,9004fe2240b9e84c55ae641ba78c0ad5f83398a6,True,/home/aup/yy/workspace/peps/configs/paper/image_repro_smoke.toml,"{""batch_size"":512,""checkpoint_every"":1,""cosine"":true,""encoder_lr"":0.1,""log_every"":1,""loss"":""l2"",""model_lr"":0.001,""seed"":0,""steps"":1,""task"":""image"",""total_steps"":1}","{""flip-evaluator"":""1.7"",""lpips"":""0.1.4"",""torch"":""2.10.0+rocm7.0"",""torchmetrics"":""1.9.0""}",smoke_not_paper_comparable
smoke,smoke,kodim13,768,512,NTC_N,0,flip,0.8381543159484863,417792,13699,431491,2.733887844705915,1.7745547420345247,2,4,9004fe2240b9e84c55ae641ba78c0ad5f83398a6,True,/home/aup/yy/workspace/peps/configs/paper/image_repro_smoke.toml,"{""batch_size"":512,""checkpoint_every"":1,""cosine"":true,""encoder_lr"":0.1,""log_every"":1,""loss"":""l2"",""model_lr"":0.001,""seed"":0,""steps"":1,""task"":""image"",""total_steps"":1}","{""flip-evaluator"":""1.7"",""lpips"":""0.1.4"",""torch"":""2.10.0+rocm7.0"",""torchmetrics"":""1.9.0""}",smoke_not_paper_comparable
smoke,smoke,kodim13,768,512,NTC_N,0,lpips,1.0117279291152954,417792,13699,431491,2.733887844705915,1.7745547420345247,2,4,9004fe2240b9e84c55ae641ba78c0ad5f83398a6,True,/home/aup/yy/workspace/peps/configs/paper/image_repro_smoke.toml,"{""batch_size"":512,""checkpoint_every"":1,""cosine"":true,""encoder_lr"":0.1,""log_every"":1,""loss"":""l2"",""model_lr"":0.001,""seed"":0,""steps"":1,""task"":""image"",""total_steps"":1}","{""flip-evaluator"":""1.7"",""lpips"":""0.1.4"",""torch"":""2.10.0+rocm7.0"",""torchmetrics"":""1.9.0""}",smoke_not_paper_comparable
smoke,smoke,kodim13,768,512,NTC_N,0,lsd,0.1163935313577749,417792,13699,431491,2.733887844705915,1.7745547420345247,2,4,9004fe2240b9e84c55ae641ba78c0ad5f83398a6,True,/home/aup/yy/workspace/peps/configs/paper/image_repro_smoke.toml,"{""batch_size"":512,""checkpoint_every"":1,""cosine"":true,""encoder_lr"":0.1,""log_every"":1,""loss"":""l2"",""model_lr"":0.001,""seed"":0,""steps"":1,""task"":""image"",""total_steps"":1}","{""flip-evaluator"":""1.7"",""lpips"":""0.1.4"",""torch"":""2.10.0+rocm7.0"",""torchmetrics"":""1.9.0""}",smoke_not_paper_comparable
smoke,smoke,kodim13,768,512,NTC_N,0,psnr,7.636716164862727,417792,13699,431491,2.733887844705915,1.7745547420345247,2,4,9004fe2240b9e84c55ae641ba78c0ad5f83398a6,True,/home/aup/yy/workspace/peps/configs/paper/image_repro_smoke.toml,"{""batch_size"":512,""checkpoint_every"":1,""cosine"":true,""encoder_lr"":0.1,""log_every"":1,""loss"":""l2"",""model_lr"":0.001,""seed"":0,""steps"":1,""task"":""image"",""total_steps"":1}","{""flip-evaluator"":""1.7"",""lpips"":""0.1.4"",""torch"":""2.10.0+rocm7.0"",""torchmetrics"":""1.9.0""}",smoke_not_paper_comparable
smoke,smoke,kodim13,768,512,NTC_N,0,ssim,0.05549285188317299,417792,13699,431491,2.733887844705915,1.7745547420345247,2,4,9004fe2240b9e84c55ae641ba78c0ad5f83398a6,True,/home/aup/yy/workspace/peps/configs/paper/image_repro_smoke.toml,"{""batch_size"":512,""checkpoint_every"":1,""cosine"":true,""encoder_lr"":0.1,""log_every"":1,""loss"":""l2"",""model_lr"":0.001,""seed"":0,""steps"":1,""task"":""image"",""total_steps"":1}","{""flip-evaluator"":""1.7"",""lpips"":""0.1.4"",""torch"":""2.10.0+rocm7.0"",""torchmetrics"":""1.9.0""}",smoke_not_paper_comparable
smoke,smoke,kodim13,768,512,Grid,0,flip,0.8696343898773193,426496,9667,436163,2.704603554175847,2.3174324430292472,3,4,9004fe2240b9e84c55ae641ba78c0ad5f83398a6,True,/home/aup/yy/workspace/peps/configs/paper/image_repro_smoke.toml,"{""batch_size"":512,""checkpoint_every"":1,""cosine"":true,""encoder_lr"":0.1,""log_every"":1,""loss"":""l2"",""model_lr"":0.001,""seed"":0,""steps"":1,""task"":""image"",""total_steps"":1}","{""flip-evaluator"":""1.7"",""lpips"":""0.1.4"",""torch"":""2.10.0+rocm7.0"",""torchmetrics"":""1.9.0""}",smoke_not_paper_comparable
smoke,smoke,kodim13,768,512,Grid,0,lpips,1.0421488285064697,426496,9667,436163,2.704603554175847,2.3174324430292472,3,4,9004fe2240b9e84c55ae641ba78c0ad5f83398a6,True,/home/aup/yy/workspace/peps/configs/paper/image_repro_smoke.toml,"{""batch_size"":512,""checkpoint_every"":1,""cosine"":true,""encoder_lr"":0.1,""log_every"":1,""loss"":""l2"",""model_lr"":0.001,""seed"":0,""steps"":1,""task"":""image"",""total_steps"":1}","{""flip-evaluator"":""1.7"",""lpips"":""0.1.4"",""torch"":""2.10.0+rocm7.0"",""torchmetrics"":""1.9.0""}",smoke_not_paper_comparable
smoke,smoke,kodim13,768,512,Grid,0,lsd,0.11660257908321876,426496,9667,436163,2.704603554175847,2.3174324430292472,3,4,9004fe2240b9e84c55ae641ba78c0ad5f83398a6,True,/home/aup/yy/workspace/peps/configs/paper/image_repro_smoke.toml,"{""batch_size"":512,""checkpoint_every"":1,""cosine"":true,""encoder_lr"":0.1,""log_every"":1,""loss"":""l2"",""model_lr"":0.001,""seed"":0,""steps"":1,""task"":""image"",""total_steps"":1}","{""flip-evaluator"":""1.7"",""lpips"":""0.1.4"",""torch"":""2.10.0+rocm7.0"",""torchmetrics"":""1.9.0""}",smoke_not_paper_comparable
smoke,smoke,kodim13,768,512,Grid,0,psnr,6.087329623611204,426496,9667,436163,2.704603554175847,2.3174324430292472,3,4,9004fe2240b9e84c55ae641ba78c0ad5f83398a6,True,/home/aup/yy/workspace/peps/configs/paper/image_repro_smoke.toml,"{""batch_size"":512,""checkpoint_every"":1,""cosine"":true,""encoder_lr"":0.1,""log_every"":1,""loss"":""l2"",""model_lr"":0.001,""seed"":0,""steps"":1,""task"":""image"",""total_steps"":1}","{""flip-evaluator"":""1.7"",""lpips"":""0.1.4"",""torch"":""2.10.0+rocm7.0"",""torchmetrics"":""1.9.0""}",smoke_not_paper_comparable
smoke,smoke,kodim13,768,512,Grid,0,ssim,-0.03369728848338127,426496,9667,436163,2.704603554175847,2.3174324430292472,3,4,9004fe2240b9e84c55ae641ba78c0ad5f83398a6,True,/home/aup/yy/workspace/peps/configs/paper/image_repro_smoke.toml,"{""batch_size"":512,""checkpoint_every"":1,""cosine"":true,""encoder_lr"":0.1,""log_every"":1,""loss"":""l2"",""model_lr"":0.001,""seed"":0,""steps"":1,""task"":""image"",""total_steps"":1}","{""flip-evaluator"":""1.7"",""lpips"":""0.1.4"",""torch"":""2.10.0+rocm7.0"",""torchmetrics"":""1.9.0""}",smoke_not_paper_comparable
smoke,smoke,kodim13,768,512,G-PEPS,0,flip,0.8045952916145325,426496,16195,442691,2.6647209904877216,3.0502337149810046,0,4,9004fe2240b9e84c55ae641ba78c0ad5f83398a6,True,/home/aup/yy/workspace/peps/configs/paper/image_repro_smoke.toml,"{""batch_size"":512,""checkpoint_every"":1,""cosine"":true,""encoder_lr"":0.1,""log_every"":1,""loss"":""l2"",""model_lr"":0.001,""seed"":0,""steps"":1,""task"":""image"",""total_steps"":1}","{""flip-evaluator"":""1.7"",""lpips"":""0.1.4"",""torch"":""2.10.0+rocm7.0"",""torchmetrics"":""1.9.0""}",smoke_not_paper_comparable
smoke,smoke,kodim13,768,512,G-PEPS,0,lpips,1.0952435731887817,426496,16195,442691,2.6647209904877216,3.0502337149810046,0,4,9004fe2240b9e84c55ae641ba78c0ad5f83398a6,True,/home/aup/yy/workspace/peps/configs/paper/image_repro_smoke.toml,"{""batch_size"":512,""checkpoint_every"":1,""cosine"":true,""encoder_lr"":0.1,""log_every"":1,""loss"":""l2"",""model_lr"":0.001,""seed"":0,""steps"":1,""task"":""image"",""total_steps"":1}","{""flip-evaluator"":""1.7"",""lpips"":""0.1.4"",""torch"":""2.10.0+rocm7.0"",""torchmetrics"":""1.9.0""}",smoke_not_paper_comparable
smoke,smoke,kodim13,768,512,G-PEPS,0,lsd,0.11639074750649468,426496,16195,442691,2.6647209904877216,3.0502337149810046,0,4,9004fe2240b9e84c55ae641ba78c0ad5f83398a6,True,/home/aup/yy/workspace/peps/configs/paper/image_repro_smoke.toml,"{""batch_size"":512,""checkpoint_every"":1,""cosine"":true,""encoder_lr"":0.1,""log_every"":1,""loss"":""l2"",""model_lr"":0.001,""seed"":0,""steps"":1,""task"":""image"",""total_steps"":1}","{""flip-evaluator"":""1.7"",""lpips"":""0.1.4"",""torch"":""2.10.0+rocm7.0"",""torchmetrics"":""1.9.0""}",smoke_not_paper_comparable
smoke,smoke,kodim13,768,512,G-PEPS,0,psnr,7.009259713919434,426496,16195,442691,2.6647209904877216,3.0502337149810046,0,4,9004fe2240b9e84c55ae641ba78c0ad5f83398a6,True,/home/aup/yy/workspace/peps/configs/paper/image_repro_smoke.toml,"{""batch_size"":512,""checkpoint_every"":1,""cosine"":true,""encoder_lr"":0.1,""log_every"":1,""loss"":""l2"",""model_lr"":0.001,""seed"":0,""steps"":1,""task"":""image"",""total_steps"":1}","{""flip-evaluator"":""1.7"",""lpips"":""0.1.4"",""torch"":""2.10.0+rocm7.0"",""torchmetrics"":""1.9.0""}",smoke_not_paper_comparable
smoke,smoke,kodim13,768,512,G-PEPS,0,ssim,-0.00035774416755884886,426496,16195,442691,2.6647209904877216,3.0502337149810046,0,4,9004fe2240b9e84c55ae641ba78c0ad5f83398a6,True,/home/aup/yy/workspace/peps/configs/paper/image_repro_smoke.toml,"{""batch_size"":512,""checkpoint_every"":1,""cosine"":true,""encoder_lr"":0.1,""log_every"":1,""loss"":""l2"",""model_lr"":0.001,""seed"":0,""steps"":1,""task"":""image"",""total_steps"":1}","{""flip-evaluator"":""1.7"",""lpips"":""0.1.4"",""torch"":""2.10.0+rocm7.0"",""torchmetrics"":""1.9.0""}",smoke_not_paper_comparable
smoke,smoke,kodim13,768,512,G-P-PEPS,0,flip,0.8594155311584473,426496,11459,437955,2.69353700722677,3.0687976049957797,1,4,9004fe2240b9e84c55ae641ba78c0ad5f83398a6,True,/home/aup/yy/workspace/peps/configs/paper/image_repro_smoke.toml,"{""batch_size"":512,""checkpoint_every"":1,""cosine"":true,""encoder_lr"":0.1,""log_every"":1,""loss"":""l2"",""model_lr"":0.001,""seed"":0,""steps"":1,""task"":""image"",""total_steps"":1}","{""flip-evaluator"":""1.7"",""lpips"":""0.1.4"",""torch"":""2.10.0+rocm7.0"",""torchmetrics"":""1.9.0""}",smoke_not_paper_comparable
smoke,smoke,kodim13,768,512,G-P-PEPS,0,lpips,1.0113279819488525,426496,11459,437955,2.69353700722677,3.0687976049957797,1,4,9004fe2240b9e84c55ae641ba78c0ad5f83398a6,True,/home/aup/yy/workspace/peps/configs/paper/image_repro_smoke.toml,"{""batch_size"":512,""checkpoint_every"":1,""cosine"":true,""encoder_lr"":0.1,""log_every"":1,""loss"":""l2"",""model_lr"":0.001,""seed"":0,""steps"":1,""task"":""image"",""total_steps"":1}","{""flip-evaluator"":""1.7"",""lpips"":""0.1.4"",""torch"":""2.10.0+rocm7.0"",""torchmetrics"":""1.9.0""}",smoke_not_paper_comparable
smoke,smoke,kodim13,768,512,G-P-PEPS,0,lsd,0.11648550601460916,426496,11459,437955,2.69353700722677,3.0687976049957797,1,4,9004fe2240b9e84c55ae641ba78c0ad5f83398a6,True,/home/aup/yy/workspace/peps/configs/paper/image_repro_smoke.toml,"{""batch_size"":512,""checkpoint_every"":1,""cosine"":true,""encoder_lr"":0.1,""log_every"":1,""loss"":""l2"",""model_lr"":0.001,""seed"":0,""steps"":1,""task"":""image"",""total_steps"":1}","{""flip-evaluator"":""1.7"",""lpips"":""0.1.4"",""torch"":""2.10.0+rocm7.0"",""torchmetrics"":""1.9.0""}",smoke_not_paper_comparable
smoke,smoke,kodim13,768,512,G-P-PEPS,0,psnr,7.136536431503875,426496,11459,437955,2.69353700722677,3.0687976049957797,1,4,9004fe2240b9e84c55ae641ba78c0ad5f83398a6,True,/home/aup/yy/workspace/peps/configs/paper/image_repro_smoke.toml,"{""batch_size"":512,""checkpoint_every"":1,""cosine"":true,""encoder_lr"":0.1,""log_every"":1,""loss"":""l2"",""model_lr"":0.001,""seed"":0,""steps"":1,""task"":""image"",""total_steps"":1}","{""flip-evaluator"":""1.7"",""lpips"":""0.1.4"",""torch"":""2.10.0+rocm7.0"",""torchmetrics"":""1.9.0""}",smoke_not_paper_comparable
smoke,smoke,kodim13,768,512,G-P-PEPS,0,ssim,0.016222162172198296,426496,11459,437955,2.69353700722677,3.0687976049957797,1,4,9004fe2240b9e84c55ae641ba78c0ad5f83398a6,True,/home/aup/yy/workspace/peps/configs/paper/image_repro_smoke.toml,"{""batch_size"":512,""checkpoint_every"":1,""cosine"":true,""encoder_lr"":0.1,""log_every"":1,""loss"":""l2"",""model_lr"":0.001,""seed"":0,""steps"":1,""task"":""image"",""total_steps"":1}","{""flip-evaluator"":""1.7"",""lpips"":""0.1.4"",""torch"":""2.10.0+rocm7.0"",""torchmetrics"":""1.9.0""}",smoke_not_paper_comparable
smoke,smoke,kodim13,768,512,NTC_PEPS,0,flip,0.8398981690406799,417792,39811,457603,2.577885197430961,2.7613993579288945,2,4,9004fe2240b9e84c55ae641ba78c0ad5f83398a6,True,/home/aup/yy/workspace/peps/configs/paper/image_repro_smoke.toml,"{""batch_size"":512,""checkpoint_every"":1,""cosine"":true,""encoder_lr"":0.1,""log_every"":1,""loss"":""l2"",""model_lr"":0.001,""seed"":0,""steps"":1,""task"":""image"",""total_steps"":1}","{""flip-evaluator"":""1.7"",""lpips"":""0.1.4"",""torch"":""2.10.0+rocm7.0"",""torchmetrics"":""1.9.0""}",smoke_not_paper_comparable
smoke,smoke,kodim13,768,512,NTC_PEPS,0,lpips,1.0631294250488281,417792,39811,457603,2.577885197430961,2.7613993579288945,2,4,9004fe2240b9e84c55ae641ba78c0ad5f83398a6,True,/home/aup/yy/workspace/peps/configs/paper/image_repro_smoke.toml,"{""batch_size"":512,""checkpoint_every"":1,""cosine"":true,""encoder_lr"":0.1,""log_every"":1,""loss"":""l2"",""model_lr"":0.001,""seed"":0,""steps"":1,""task"":""image"",""total_steps"":1}","{""flip-evaluator"":""1.7"",""lpips"":""0.1.4"",""torch"":""2.10.0+rocm7.0"",""torchmetrics"":""1.9.0""}",smoke_not_paper_comparable
smoke,smoke,kodim13,768,512,NTC_PEPS,0,lsd,0.11582513327922567,417792,39811,457603,2.577885197430961,2.7613993579288945,2,4,9004fe2240b9e84c55ae641ba78c0ad5f83398a6,True,/home/aup/yy/workspace/peps/configs/paper/image_repro_smoke.toml,"{""batch_size"":512,""checkpoint_every"":1,""cosine"":true,""encoder_lr"":0.1,""log_every"":1,""loss"":""l2"",""model_lr"":0.001,""seed"":0,""steps"":1,""task"":""image"",""total_steps"":1}","{""flip-evaluator"":""1.7"",""lpips"":""0.1.4"",""torch"":""2.10.0+rocm7.0"",""torchmetrics"":""1.9.0""}",smoke_not_paper_comparable
smoke,smoke,kodim13,768,512,NTC_PEPS,0,psnr,8.33723665302659,417792,39811,457603,2.577885197430961,2.7613993579288945,2,4,9004fe2240b9e84c55ae641ba78c0ad5f83398a6,True,/home/aup/yy/workspace/peps/configs/paper/image_repro_smoke.toml,"{""batch_size"":512,""checkpoint_every"":1,""cosine"":true,""encoder_lr"":0.1,""log_every"":1,""loss"":""l2"",""model_lr"":0.001,""seed"":0,""steps"":1,""task"":""image"",""total_steps"":1}","{""flip-evaluator"":""1.7"",""lpips"":""0.1.4"",""torch"":""2.10.0+rocm7.0"",""torchmetrics"":""1.9.0""}",smoke_not_paper_comparable
smoke,smoke,kodim13,768,512,NTC_PEPS,0,ssim,0.1107492446899414,417792,39811,457603,2.577885197430961,2.7613993579288945,2,4,9004fe2240b9e84c55ae641ba78c0ad5f83398a6,True,/home/aup/yy/workspace/peps/configs/paper/image_repro_smoke.toml,"{""batch_size"":512,""checkpoint_every"":1,""cosine"":true,""encoder_lr"":0.1,""log_every"":1,""loss"":""l2"",""model_lr"":0.001,""seed"":0,""steps"":1,""task"":""image"",""total_steps"":1}","{""flip-evaluator"":""1.7"",""lpips"":""0.1.4"",""torch"":""2.10.0+rocm7.0"",""torchmetrics"":""1.9.0""}",smoke_not_paper_comparable
smoke,smoke,kodim13,768,512,NTC_PinkPEPS,0,flip,0.8569465279579163,417792,21251,439043,2.6868621069006906,3.0287377580534667,3,4,9004fe2240b9e84c55ae641ba78c0ad5f83398a6,True,/home/aup/yy/workspace/peps/configs/paper/image_repro_smoke.toml,"{""batch_size"":512,""checkpoint_every"":1,""cosine"":true,""encoder_lr"":0.1,""log_every"":1,""loss"":""l2"",""model_lr"":0.001,""seed"":0,""steps"":1,""task"":""image"",""total_steps"":1}","{""flip-evaluator"":""1.7"",""lpips"":""0.1.4"",""torch"":""2.10.0+rocm7.0"",""torchmetrics"":""1.9.0""}",smoke_not_paper_comparable
smoke,smoke,kodim13,768,512,NTC_PinkPEPS,0,lpips,1.0553102493286133,417792,21251,439043,2.6868621069006906,3.0287377580534667,3,4,9004fe2240b9e84c55ae641ba78c0ad5f83398a6,True,/home/aup/yy/workspace/peps/configs/paper/image_repro_smoke.toml,"{""batch_size"":512,""checkpoint_every"":1,""cosine"":true,""encoder_lr"":0.1,""log_every"":1,""loss"":""l2"",""model_lr"":0.001,""seed"":0,""steps"":1,""task"":""image"",""total_steps"":1}","{""flip-evaluator"":""1.7"",""lpips"":""0.1.4"",""torch"":""2.10.0+rocm7.0"",""torchmetrics"":""1.9.0""}",smoke_not_paper_comparable
smoke,smoke,kodim13,768,512,NTC_PinkPEPS,0,lsd,0.11604799607691556,417792,21251,439043,2.6868621069006906,3.0287377580534667,3,4,9004fe2240b9e84c55ae641ba78c0ad5f83398a6,True,/home/aup/yy/workspace/peps/configs/paper/image_repro_smoke.toml,"{""batch_size"":512,""checkpoint_every"":1,""cosine"":true,""encoder_lr"":0.1,""log_every"":1,""loss"":""l2"",""model_lr"":0.001,""seed"":0,""steps"":1,""task"":""image"",""total_steps"":1}","{""flip-evaluator"":""1.7"",""lpips"":""0.1.4"",""torch"":""2.10.0+rocm7.0"",""torchmetrics"":""1.9.0""}",smoke_not_paper_comparable
smoke,smoke,kodim13,768,512,NTC_PinkPEPS,0,psnr,6.851087898316528,417792,21251,439043,2.6868621069006906,3.0287377580534667,3,4,9004fe2240b9e84c55ae641ba78c0ad5f83398a6,True,/home/aup/yy/workspace/peps/configs/paper/image_repro_smoke.toml,"{""batch_size"":512,""checkpoint_every"":1,""cosine"":true,""encoder_lr"":0.1,""log_every"":1,""loss"":""l2"",""model_lr"":0.001,""seed"":0,""steps"":1,""task"":""image"",""total_steps"":1}","{""flip-evaluator"":""1.7"",""lpips"":""0.1.4"",""torch"":""2.10.0+rocm7.0"",""torchmetrics"":""1.9.0""}",smoke_not_paper_comparable
smoke,smoke,kodim13,768,512,NTC_PinkPEPS,0,ssim,0.007731132209300995,417792,21251,439043,2.6868621069006906,3.0287377580534667,3,4,9004fe2240b9e84c55ae641ba78c0ad5f83398a6,True,/home/aup/yy/workspace/peps/configs/paper/image_repro_smoke.toml,"{""batch_size"":512,""checkpoint_every"":1,""cosine"":true,""encoder_lr"":0.1,""log_every"":1,""loss"":""l2"",""model_lr"":0.001,""seed"":0,""steps"":1,""task"":""image"",""total_steps"":1}","{""flip-evaluator"":""1.7"",""lpips"":""0.1.4"",""torch"":""2.10.0+rocm7.0"",""torchmetrics"":""1.9.0""}",smoke_not_paper_comparable
smoke,smoke,kodim13,768,512,G-P-PEPS-25,0,flip,0.8620432019233704,326144,10691,336835,3.5021538735582705,2.8642016749363393,0,4,9004fe2240b9e84c55ae641ba78c0ad5f83398a6,True,/home/aup/yy/workspace/peps/configs/paper/image_repro_smoke.toml,"{""batch_size"":512,""checkpoint_every"":1,""cosine"":true,""encoder_lr"":0.1,""log_every"":1,""loss"":""l2"",""model_lr"":0.001,""seed"":0,""steps"":1,""task"":""image"",""total_steps"":1}","{""flip-evaluator"":""1.7"",""lpips"":""0.1.4"",""torch"":""2.10.0+rocm7.0"",""torchmetrics"":""1.9.0""}",smoke_not_paper_comparable
smoke,smoke,kodim13,768,512,G-P-PEPS-25,0,lpips,1.025723934173584,326144,10691,336835,3.5021538735582705,2.8642016749363393,0,4,9004fe2240b9e84c55ae641ba78c0ad5f83398a6,True,/home/aup/yy/workspace/peps/configs/paper/image_repro_smoke.toml,"{""batch_size"":512,""checkpoint_every"":1,""cosine"":true,""encoder_lr"":0.1,""log_every"":1,""loss"":""l2"",""model_lr"":0.001,""seed"":0,""steps"":1,""task"":""image"",""total_steps"":1}","{""flip-evaluator"":""1.7"",""lpips"":""0.1.4"",""torch"":""2.10.0+rocm7.0"",""torchmetrics"":""1.9.0""}",smoke_not_paper_comparable
smoke,smoke,kodim13,768,512,G-P-PEPS-25,0,lsd,0.11659631645583278,326144,10691,336835,3.5021538735582705,2.8642016749363393,0,4,9004fe2240b9e84c55ae641ba78c0ad5f83398a6,True,/home/aup/yy/workspace/peps/configs/paper/image_repro_smoke.toml,"{""batch_size"":512,""checkpoint_every"":1,""cosine"":true,""encoder_lr"":0.1,""log_every"":1,""loss"":""l2"",""model_lr"":0.001,""seed"":0,""steps"":1,""task"":""image"",""total_steps"":1}","{""flip-evaluator"":""1.7"",""lpips"":""0.1.4"",""torch"":""2.10.0+rocm7.0"",""torchmetrics"":""1.9.0""}",smoke_not_paper_comparable
smoke,smoke,kodim13,768,512,G-P-PEPS-25,0,psnr,7.23209140573778,326144,10691,336835,3.5021538735582705,2.8642016749363393,0,4,9004fe2240b9e84c55ae641ba78c0ad5f83398a6,True,/home/aup/yy/workspace/peps/configs/paper/image_repro_smoke.toml,"{""batch_size"":512,""checkpoint_every"":1,""cosine"":true,""encoder_lr"":0.1,""log_every"":1,""loss"":""l2"",""model_lr"":0.001,""seed"":0,""steps"":1,""task"":""image"",""total_steps"":1}","{""flip-evaluator"":""1.7"",""lpips"":""0.1.4"",""torch"":""2.10.0+rocm7.0"",""torchmetrics"":""1.9.0""}",smoke_not_paper_comparable
smoke,smoke,kodim13,768,512,G-P-PEPS-25,0,ssim,0.02622329071164131,326144,10691,336835,3.5021538735582705,2.8642016749363393,0,4,9004fe2240b9e84c55ae641ba78c0ad5f83398a6,True,/home/aup/yy/workspace/peps/configs/paper/image_repro_smoke.toml,"{""batch_size"":512,""checkpoint_every"":1,""cosine"":true,""encoder_lr"":0.1,""log_every"":1,""loss"":""l2"",""model_lr"":0.001,""seed"":0,""steps"":1,""task"":""image"",""total_steps"":1}","{""flip-evaluator"":""1.7"",""lpips"":""0.1.4"",""torch"":""2.10.0+rocm7.0"",""torchmetrics"":""1.9.0""}",smoke_not_paper_comparable
smoke,smoke,kodim14,768,512,PE,0,flip,0.7734774947166443,0,194403,194403,6.068054505331708,2.7891397019848228,1,4,9004fe2240b9e84c55ae641ba78c0ad5f83398a6,True,/home/aup/yy/workspace/peps/configs/paper/image_repro_smoke.toml,"{""batch_size"":512,""checkpoint_every"":1,""cosine"":true,""encoder_lr"":0.1,""log_every"":1,""loss"":""l2"",""model_lr"":0.001,""seed"":0,""steps"":1,""task"":""image"",""total_steps"":1}","{""flip-evaluator"":""1.7"",""lpips"":""0.1.4"",""torch"":""2.10.0+rocm7.0"",""torchmetrics"":""1.9.0""}",smoke_not_paper_comparable
smoke,smoke,kodim14,768,512,PE,0,lpips,0.9928110837936401,0,194403,194403,6.068054505331708,2.7891397019848228,1,4,9004fe2240b9e84c55ae641ba78c0ad5f83398a6,True,/home/aup/yy/workspace/peps/configs/paper/image_repro_smoke.toml,"{""batch_size"":512,""checkpoint_every"":1,""cosine"":true,""encoder_lr"":0.1,""log_every"":1,""loss"":""l2"",""model_lr"":0.001,""seed"":0,""steps"":1,""task"":""image"",""total_steps"":1}","{""flip-evaluator"":""1.7"",""lpips"":""0.1.4"",""torch"":""2.10.0+rocm7.0"",""torchmetrics"":""1.9.0""}",smoke_not_paper_comparable
smoke,smoke,kodim14,768,512,PE,0,lsd,0.09349067788089023,0,194403,194403,6.068054505331708,2.7891397019848228,1,4,9004fe2240b9e84c55ae641ba78c0ad5f83398a6,True,/home/aup/yy/workspace/peps/configs/paper/image_repro_smoke.toml,"{""batch_size"":512,""checkpoint_every"":1,""cosine"":true,""encoder_lr"":0.1,""log_every"":1,""loss"":""l2"",""model_lr"":0.001,""seed"":0,""steps"":1,""task"":""image"",""total_steps"":1}","{""flip-evaluator"":""1.7"",""lpips"":""0.1.4"",""torch"":""2.10.0+rocm7.0"",""torchmetrics"":""1.9.0""}",smoke_not_paper_comparable
smoke,smoke,kodim14,768,512,PE,0,psnr,8.008679896667605,0,194403,194403,6.068054505331708,2.7891397019848228,1,4,9004fe2240b9e84c55ae641ba78c0ad5f83398a6,True,/home/aup/yy/workspace/peps/configs/paper/image_repro_smoke.toml,"{""batch_size"":512,""checkpoint_every"":1,""cosine"":true,""encoder_lr"":0.1,""log_every"":1,""loss"":""l2"",""model_lr"":0.001,""seed"":0,""steps"":1,""task"":""image"",""total_steps"":1}","{""flip-evaluator"":""1.7"",""lpips"":""0.1.4"",""torch"":""2.10.0+rocm7.0"",""torchmetrics"":""1.9.0""}",smoke_not_paper_comparable
smoke,smoke,kodim14,768,512,PE,0,ssim,-0.0033242155332118273,0,194403,194403,6.068054505331708,2.7891397019848228,1,4,9004fe2240b9e84c55ae641ba78c0ad5f83398a6,True,/home/aup/yy/workspace/peps/configs/paper/image_repro_smoke.toml,"{""batch_size"":512,""checkpoint_every"":1,""cosine"":true,""encoder_lr"":0.1,""log_every"":1,""loss"":""l2"",""model_lr"":0.001,""seed"":0,""steps"":1,""task"":""image"",""total_steps"":1}","{""flip-evaluator"":""1.7"",""lpips"":""0.1.4"",""torch"":""2.10.0+rocm7.0"",""torchmetrics"":""1.9.0""}",smoke_not_paper_comparable
smoke,smoke,kodim14,768,512,LPE,0,flip,0.7877601981163025,401408,9603,411011,2.870112965346426,2.8561549780424684,2,4,9004fe2240b9e84c55ae641ba78c0ad5f83398a6,True,/home/aup/yy/workspace/peps/configs/paper/image_repro_smoke.toml,"{""batch_size"":512,""checkpoint_every"":1,""cosine"":true,""encoder_lr"":0.1,""log_every"":1,""loss"":""l2"",""model_lr"":0.001,""seed"":0,""steps"":1,""task"":""image"",""total_steps"":1}","{""flip-evaluator"":""1.7"",""lpips"":""0.1.4"",""torch"":""2.10.0+rocm7.0"",""torchmetrics"":""1.9.0""}",smoke_not_paper_comparable
smoke,smoke,kodim14,768,512,LPE,0,lpips,0.9704248309135437,401408,9603,411011,2.870112965346426,2.8561549780424684,2,4,9004fe2240b9e84c55ae641ba78c0ad5f83398a6,True,/home/aup/yy/workspace/peps/configs/paper/image_repro_smoke.toml,"{""batch_size"":512,""checkpoint_every"":1,""cosine"":true,""encoder_lr"":0.1,""log_every"":1,""loss"":""l2"",""model_lr"":0.001,""seed"":0,""steps"":1,""task"":""image"",""total_steps"":1}","{""flip-evaluator"":""1.7"",""lpips"":""0.1.4"",""torch"":""2.10.0+rocm7.0"",""torchmetrics"":""1.9.0""}",smoke_not_paper_comparable
smoke,smoke,kodim14,768,512,LPE,0,lsd,0.09471958506793397,401408,9603,411011,2.870112965346426,2.8561549780424684,2,4,9004fe2240b9e84c55ae641ba78c0ad5f83398a6,True,/home/aup/yy/workspace/peps/configs/paper/image_repro_smoke.toml,"{""batch_size"":512,""checkpoint_every"":1,""cosine"":true,""encoder_lr"":0.1,""log_every"":1,""loss"":""l2"",""model_lr"":0.001,""seed"":0,""steps"":1,""task"":""image"",""total_steps"":1}","{""flip-evaluator"":""1.7"",""lpips"":""0.1.4"",""torch"":""2.10.0+rocm7.0"",""torchmetrics"":""1.9.0""}",smoke_not_paper_comparable
smoke,smoke,kodim14,768,512,LPE,0,psnr,6.9371059007635,401408,9603,411011,2.870112965346426,2.8561549780424684,2,4,9004fe2240b9e84c55ae641ba78c0ad5f83398a6,True,/home/aup/yy/workspace/peps/configs/paper/image_repro_smoke.toml,"{""batch_size"":512,""checkpoint_every"":1,""cosine"":true,""encoder_lr"":0.1,""log_every"":1,""loss"":""l2"",""model_lr"":0.001,""seed"":0,""steps"":1,""task"":""image"",""total_steps"":1}","{""flip-evaluator"":""1.7"",""lpips"":""0.1.4"",""torch"":""2.10.0+rocm7.0"",""torchmetrics"":""1.9.0""}",smoke_not_paper_comparable
smoke,smoke,kodim14,768,512,LPE,0,ssim,-0.1573866754770279,401408,9603,411011,2.870112965346426,2.8561549780424684,2,4,9004fe2240b9e84c55ae641ba78c0ad5f83398a6,True,/home/aup/yy/workspace/peps/configs/paper/image_repro_smoke.toml,"{""batch_size"":512,""checkpoint_every"":1,""cosine"":true,""encoder_lr"":0.1,""log_every"":1,""loss"":""l2"",""model_lr"":0.001,""seed"":0,""steps"":1,""task"":""image"",""total_steps"":1}","{""flip-evaluator"":""1.7"",""lpips"":""0.1.4"",""torch"":""2.10.0+rocm7.0"",""torchmetrics"":""1.9.0""}",smoke_not_paper_comparable
smoke,smoke,kodim14,768,512,NTC_N,0,flip,0.7474057674407959,417792,13699,431491,2.733887844705915,2.6907104500569403,3,4,9004fe2240b9e84c55ae641ba78c0ad5f83398a6,True,/home/aup/yy/workspace/peps/configs/paper/image_repro_smoke.toml,"{""batch_size"":512,""checkpoint_every"":1,""cosine"":true,""encoder_lr"":0.1,""log_every"":1,""loss"":""l2"",""model_lr"":0.001,""seed"":0,""steps"":1,""task"":""image"",""total_steps"":1}","{""flip-evaluator"":""1.7"",""lpips"":""0.1.4"",""torch"":""2.10.0+rocm7.0"",""torchmetrics"":""1.9.0""}",smoke_not_paper_comparable
smoke,smoke,kodim14,768,512,NTC_N,0,lpips,0.9640325903892517,417792,13699,431491,2.733887844705915,2.6907104500569403,3,4,9004fe2240b9e84c55ae641ba78c0ad5f83398a6,True,/home/aup/yy/workspace/peps/configs/paper/image_repro_smoke.toml,"{""batch_size"":512,""checkpoint_every"":1,""cosine"":true,""encoder_lr"":0.1,""log_every"":1,""loss"":""l2"",""model_lr"":0.001,""seed"":0,""steps"":1,""task"":""image"",""total_steps"":1}","{""flip-evaluator"":""1.7"",""lpips"":""0.1.4"",""torch"":""2.10.0+rocm7.0"",""torchmetrics"":""1.9.0""}",smoke_not_paper_comparable
smoke,smoke,kodim14,768,512,NTC_N,0,lsd,0.09428994550163979,417792,13699,431491,2.733887844705915,2.6907104500569403,3,4,9004fe2240b9e84c55ae641ba78c0ad5f83398a6,True,/home/aup/yy/workspace/peps/configs/paper/image_repro_smoke.toml,"{""batch_size"":512,""checkpoint_every"":1,""cosine"":true,""encoder_lr"":0.1,""log_every"":1,""loss"":""l2"",""model_lr"":0.001,""seed"":0,""steps"":1,""task"":""image"",""total_steps"":1}","{""flip-evaluator"":""1.7"",""lpips"":""0.1.4"",""torch"":""2.10.0+rocm7.0"",""torchmetrics"":""1.9.0""}",smoke_not_paper_comparable
smoke,smoke,kodim14,768,512,NTC_N,0,psnr,8.705053942740113,417792,13699,431491,2.733887844705915,2.6907104500569403,3,4,9004fe2240b9e84c55ae641ba78c0ad5f83398a6,True,/home/aup/yy/workspace/peps/configs/paper/image_repro_smoke.toml,"{""batch_size"":512,""checkpoint_every"":1,""cosine"":true,""encoder_lr"":0.1,""log_every"":1,""loss"":""l2"",""model_lr"":0.001,""seed"":0,""steps"":1,""task"":""image"",""total_steps"":1}","{""flip-evaluator"":""1.7"",""lpips"":""0.1.4"",""torch"":""2.10.0+rocm7.0"",""torchmetrics"":""1.9.0""}",smoke_not_paper_comparable
smoke,smoke,kodim14,768,512,NTC_N,0,ssim,0.1274103820323944,417792,13699,431491,2.733887844705915,2.6907104500569403,3,4,9004fe2240b9e84c55ae641ba78c0ad5f83398a6,True,/home/aup/yy/workspace/peps/configs/paper/image_repro_smoke.toml,"{""batch_size"":512,""checkpoint_every"":1,""cosine"":true,""encoder_lr"":0.1,""log_every"":1,""loss"":""l2"",""model_lr"":0.001,""seed"":0,""steps"":1,""task"":""image"",""total_steps"":1}","{""flip-evaluator"":""1.7"",""lpips"":""0.1.4"",""torch"":""2.10.0+rocm7.0"",""torchmetrics"":""1.9.0""}",smoke_not_paper_comparable
smoke,smoke,kodim14,768,512,Grid,0,flip,0.7864596247673035,426496,9667,436163,2.704603554175847,2.9862535969587043,0,4,9004fe2240b9e84c55ae641ba78c0ad5f83398a6,True,/home/aup/yy/workspace/peps/configs/paper/image_repro_smoke.toml,"{""batch_size"":512,""checkpoint_every"":1,""cosine"":true,""encoder_lr"":0.1,""log_every"":1,""loss"":""l2"",""model_lr"":0.001,""seed"":0,""steps"":1,""task"":""image"",""total_steps"":1}","{""flip-evaluator"":""1.7"",""lpips"":""0.1.4"",""torch"":""2.10.0+rocm7.0"",""torchmetrics"":""1.9.0""}",smoke_not_paper_comparable
smoke,smoke,kodim14,768,512,Grid,0,lpips,1.0138640403747559,426496,9667,436163,2.704603554175847,2.9862535969587043,0,4,9004fe2240b9e84c55ae641ba78c0ad5f83398a6,True,/home/aup/yy/workspace/peps/configs/paper/image_repro_smoke.toml,"{""batch_size"":512,""checkpoint_every"":1,""cosine"":true,""encoder_lr"":0.1,""log_every"":1,""loss"":""l2"",""model_lr"":0.001,""seed"":0,""steps"":1,""task"":""image"",""total_steps"":1}","{""flip-evaluator"":""1.7"",""lpips"":""0.1.4"",""torch"":""2.10.0+rocm7.0"",""torchmetrics"":""1.9.0""}",smoke_not_paper_comparable
smoke,smoke,kodim14,768,512,Grid,0,lsd,0.09439493905069672,426496,9667,436163,2.704603554175847,2.9862535969587043,0,4,9004fe2240b9e84c55ae641ba78c0ad5f83398a6,True,/home/aup/yy/workspace/peps/configs/paper/image_repro_smoke.toml,"{""batch_size"":512,""checkpoint_every"":1,""cosine"":true,""encoder_lr"":0.1,""log_every"":1,""loss"":""l2"",""model_lr"":0.001,""seed"":0,""steps"":1,""task"":""image"",""total_steps"":1}","{""flip-evaluator"":""1.7"",""lpips"":""0.1.4"",""torch"":""2.10.0+rocm7.0"",""torchmetrics"":""1.9.0""}",smoke_not_paper_comparable
smoke,smoke,kodim14,768,512,Grid,0,psnr,6.9654225325310835,426496,9667,436163,2.704603554175847,2.9862535969587043,0,4,9004fe2240b9e84c55ae641ba78c0ad5f83398a6,True,/home/aup/yy/workspace/peps/configs/paper/image_repro_smoke.toml,"{""batch_size"":512,""checkpoint_every"":1,""cosine"":true,""encoder_lr"":0.1,""log_every"":1,""loss"":""l2"",""model_lr"":0.001,""seed"":0,""steps"":1,""task"":""image"",""total_steps"":1}","{""flip-evaluator"":""1.7"",""lpips"":""0.1.4"",""torch"":""2.10.0+rocm7.0"",""torchmetrics"":""1.9.0""}",smoke_not_paper_comparable
smoke,smoke,kodim14,768,512,Grid,0,ssim,-0.07870987057685852,426496,9667,436163,2.704603554175847,2.9862535969587043,0,4,9004fe2240b9e84c55ae641ba78c0ad5f83398a6,True,/home/aup/yy/workspace/peps/configs/paper/image_repro_smoke.toml,"{""batch_size"":512,""checkpoint_every"":1,""cosine"":true,""encoder_lr"":0.1,""log_every"":1,""loss"":""l2"",""model_lr"":0.001,""seed"":0,""steps"":1,""task"":""image"",""total_steps"":1}","{""flip-evaluator"":""1.7"",""lpips"":""0.1.4"",""torch"":""2.10.0+rocm7.0"",""torchmetrics"":""1.9.0""}",smoke_not_paper_comparable
smoke,smoke,kodim14,768,512,G-PEPS,0,flip,0.7162632346153259,426496,16195,442691,2.6647209904877216,2.8458988670026883,1,4,9004fe2240b9e84c55ae641ba78c0ad5f83398a6,True,/home/aup/yy/workspace/peps/configs/paper/image_repro_smoke.toml,"{""batch_size"":512,""checkpoint_every"":1,""cosine"":true,""encoder_lr"":0.1,""log_every"":1,""loss"":""l2"",""model_lr"":0.001,""seed"":0,""steps"":1,""task"":""image"",""total_steps"":1}","{""flip-evaluator"":""1.7"",""lpips"":""0.1.4"",""torch"":""2.10.0+rocm7.0"",""torchmetrics"":""1.9.0""}",smoke_not_paper_comparable
smoke,smoke,kodim14,768,512,G-PEPS,0,lpips,1.0456948280334473,426496,16195,442691,2.6647209904877216,2.8458988670026883,1,4,9004fe2240b9e84c55ae641ba78c0ad5f83398a6,True,/home/aup/yy/workspace/peps/configs/paper/image_repro_smoke.toml,"{""batch_size"":512,""checkpoint_every"":1,""cosine"":true,""encoder_lr"":0.1,""log_every"":1,""loss"":""l2"",""model_lr"":0.001,""seed"":0,""steps"":1,""task"":""image"",""total_steps"":1}","{""flip-evaluator"":""1.7"",""lpips"":""0.1.4"",""torch"":""2.10.0+rocm7.0"",""torchmetrics"":""1.9.0""}",smoke_not_paper_comparable
smoke,smoke,kodim14,768,512,G-PEPS,0,lsd,0.09432008838141193,426496,16195,442691,2.6647209904877216,2.8458988670026883,1,4,9004fe2240b9e84c55ae641ba78c0ad5f83398a6,True,/home/aup/yy/workspace/peps/configs/paper/image_repro_smoke.toml,"{""batch_size"":512,""checkpoint_every"":1,""cosine"":true,""encoder_lr"":0.1,""log_every"":1,""loss"":""l2"",""model_lr"":0.001,""seed"":0,""steps"":1,""task"":""image"",""total_steps"":1}","{""flip-evaluator"":""1.7"",""lpips"":""0.1.4"",""torch"":""2.10.0+rocm7.0"",""torchmetrics"":""1.9.0""}",smoke_not_paper_comparable
smoke,smoke,kodim14,768,512,G-PEPS,0,psnr,7.949502606454217,426496,16195,442691,2.6647209904877216,2.8458988670026883,1,4,9004fe2240b9e84c55ae641ba78c0ad5f83398a6,True,/home/aup/yy/workspace/peps/configs/paper/image_repro_smoke.toml,"{""batch_size"":512,""checkpoint_every"":1,""cosine"":true,""encoder_lr"":0.1,""log_every"":1,""loss"":""l2"",""model_lr"":0.001,""seed"":0,""steps"":1,""task"":""image"",""total_steps"":1}","{""flip-evaluator"":""1.7"",""lpips"":""0.1.4"",""torch"":""2.10.0+rocm7.0"",""torchmetrics"":""1.9.0""}",smoke_not_paper_comparable
smoke,smoke,kodim14,768,512,G-PEPS,0,ssim,-0.0008960010018199682,426496,16195,442691,2.6647209904877216,2.8458988670026883,1,4,9004fe2240b9e84c55ae641ba78c0ad5f83398a6,True,/home/aup/yy/workspace/peps/configs/paper/image_repro_smoke.toml,"{""batch_size"":512,""checkpoint_every"":1,""cosine"":true,""encoder_lr"":0.1,""log_every"":1,""loss"":""l2"",""model_lr"":0.001,""seed"":0,""steps"":1,""task"":""image"",""total_steps"":1}","{""flip-evaluator"":""1.7"",""lpips"":""0.1.4"",""torch"":""2.10.0+rocm7.0"",""torchmetrics"":""1.9.0""}",smoke_not_paper_comparable
smoke,smoke,kodim14,768,512,G-P-PEPS,0,flip,0.7733573913574219,426496,11459,437955,2.69353700722677,3.208812151919119,2,4,9004fe2240b9e84c55ae641ba78c0ad5f83398a6,True,/home/aup/yy/workspace/peps/configs/paper/image_repro_smoke.toml,"{""batch_size"":512,""checkpoint_every"":1,""cosine"":true,""encoder_lr"":0.1,""log_every"":1,""loss"":""l2"",""model_lr"":0.001,""seed"":0,""steps"":1,""task"":""image"",""total_steps"":1}","{""flip-evaluator"":""1.7"",""lpips"":""0.1.4"",""torch"":""2.10.0+rocm7.0"",""torchmetrics"":""1.9.0""}",smoke_not_paper_comparable
smoke,smoke,kodim14,768,512,G-P-PEPS,0,lpips,0.9757100343704224,426496,11459,437955,2.69353700722677,3.208812151919119,2,4,9004fe2240b9e84c55ae641ba78c0ad5f83398a6,True,/home/aup/yy/workspace/peps/configs/paper/image_repro_smoke.toml,"{""batch_size"":512,""checkpoint_every"":1,""cosine"":true,""encoder_lr"":0.1,""log_every"":1,""loss"":""l2"",""model_lr"":0.001,""seed"":0,""steps"":1,""task"":""image"",""total_steps"":1}","{""flip-evaluator"":""1.7"",""lpips"":""0.1.4"",""torch"":""2.10.0+rocm7.0"",""torchmetrics"":""1.9.0""}",smoke_not_paper_comparable
smoke,smoke,kodim14,768,512,G-P-PEPS,0,lsd,0.0943933619779163,426496,11459,437955,2.69353700722677,3.208812151919119,2,4,9004fe2240b9e84c55ae641ba78c0ad5f83398a6,True,/home/aup/yy/workspace/peps/configs/paper/image_repro_smoke.toml,"{""batch_size"":512,""checkpoint_every"":1,""cosine"":true,""encoder_lr"":0.1,""log_every"":1,""loss"":""l2"",""model_lr"":0.001,""seed"":0,""steps"":1,""task"":""image"",""total_steps"":1}","{""flip-evaluator"":""1.7"",""lpips"":""0.1.4"",""torch"":""2.10.0+rocm7.0"",""torchmetrics"":""1.9.0""}",smoke_not_paper_comparable
smoke,smoke,kodim14,768,512,G-P-PEPS,0,psnr,8.15522866161823,426496,11459,437955,2.69353700722677,3.208812151919119,2,4,9004fe2240b9e84c55ae641ba78c0ad5f83398a6,True,/home/aup/yy/workspace/peps/configs/paper/image_repro_smoke.toml,"{""batch_size"":512,""checkpoint_every"":1,""cosine"":true,""encoder_lr"":0.1,""log_every"":1,""loss"":""l2"",""model_lr"":0.001,""seed"":0,""steps"":1,""task"":""image"",""total_steps"":1}","{""flip-evaluator"":""1.7"",""lpips"":""0.1.4"",""torch"":""2.10.0+rocm7.0"",""torchmetrics"":""1.9.0""}",smoke_not_paper_comparable
smoke,smoke,kodim14,768,512,G-P-PEPS,0,ssim,0.04255114123225212,426496,11459,437955,2.69353700722677,3.208812151919119,2,4,9004fe2240b9e84c55ae641ba78c0ad5f83398a6,True,/home/aup/yy/workspace/peps/configs/paper/image_repro_smoke.toml,"{""batch_size"":512,""checkpoint_every"":1,""cosine"":true,""encoder_lr"":0.1,""log_every"":1,""loss"":""l2"",""model_lr"":0.001,""seed"":0,""steps"":1,""task"":""image"",""total_steps"":1}","{""flip-evaluator"":""1.7"",""lpips"":""0.1.4"",""torch"":""2.10.0+rocm7.0"",""torchmetrics"":""1.9.0""}",smoke_not_paper_comparable
smoke,smoke,kodim14,768,512,NTC_PEPS,0,flip,0.7475863099098206,417792,39811,457603,2.577885197430961,2.821453052922152,3,4,9004fe2240b9e84c55ae641ba78c0ad5f83398a6,True,/home/aup/yy/workspace/peps/configs/paper/image_repro_smoke.toml,"{""batch_size"":512,""checkpoint_every"":1,""cosine"":true,""encoder_lr"":0.1,""log_every"":1,""loss"":""l2"",""model_lr"":0.001,""seed"":0,""steps"":1,""task"":""image"",""total_steps"":1}","{""flip-evaluator"":""1.7"",""lpips"":""0.1.4"",""torch"":""2.10.0+rocm7.0"",""torchmetrics"":""1.9.0""}",smoke_not_paper_comparable
smoke,smoke,kodim14,768,512,NTC_PEPS,0,lpips,0.9967880845069885,417792,39811,457603,2.577885197430961,2.821453052922152,3,4,9004fe2240b9e84c55ae641ba78c0ad5f83398a6,True,/home/aup/yy/workspace/peps/configs/paper/image_repro_smoke.toml,"{""batch_size"":512,""checkpoint_every"":1,""cosine"":true,""encoder_lr"":0.1,""log_every"":1,""loss"":""l2"",""model_lr"":0.001,""seed"":0,""steps"":1,""task"":""image"",""total_steps"":1}","{""flip-evaluator"":""1.7"",""lpips"":""0.1.4"",""torch"":""2.10.0+rocm7.0"",""torchmetrics"":""1.9.0""}",smoke_not_paper_comparable
smoke,smoke,kodim14,768,512,NTC_PEPS,0,lsd,0.09378473613088839,417792,39811,457603,2.577885197430961,2.821453052922152,3,4,9004fe2240b9e84c55ae641ba78c0ad5f83398a6,True,/home/aup/yy/workspace/peps/configs/paper/image_repro_smoke.toml,"{""batch_size"":512,""checkpoint_every"":1,""cosine"":true,""encoder_lr"":0.1,""log_every"":1,""loss"":""l2"",""model_lr"":0.001,""seed"":0,""steps"":1,""task"":""image"",""total_steps"":1}","{""flip-evaluator"":""1.7"",""lpips"":""0.1.4"",""torch"":""2.10.0+rocm7.0"",""torchmetrics"":""1.9.0""}",smoke_not_paper_comparable
smoke,smoke,kodim14,768,512,NTC_PEPS,0,psnr,9.503419809720038,417792,39811,457603,2.577885197430961,2.821453052922152,3,4,9004fe2240b9e84c55ae641ba78c0ad5f83398a6,True,/home/aup/yy/workspace/peps/configs/paper/image_repro_smoke.toml,"{""batch_size"":512,""checkpoint_every"":1,""cosine"":true,""encoder_lr"":0.1,""log_every"":1,""loss"":""l2"",""model_lr"":0.001,""seed"":0,""steps"":1,""task"":""image"",""total_steps"":1}","{""flip-evaluator"":""1.7"",""lpips"":""0.1.4"",""torch"":""2.10.0+rocm7.0"",""torchmetrics"":""1.9.0""}",smoke_not_paper_comparable
smoke,smoke,kodim14,768,512,NTC_PEPS,0,ssim,0.21002952754497528,417792,39811,457603,2.577885197430961,2.821453052922152,3,4,9004fe2240b9e84c55ae641ba78c0ad5f83398a6,True,/home/aup/yy/workspace/peps/configs/paper/image_repro_smoke.toml,"{""batch_size"":512,""checkpoint_every"":1,""cosine"":true,""encoder_lr"":0.1,""log_every"":1,""loss"":""l2"",""model_lr"":0.001,""seed"":0,""steps"":1,""task"":""image"",""total_steps"":1}","{""flip-evaluator"":""1.7"",""lpips"":""0.1.4"",""torch"":""2.10.0+rocm7.0"",""torchmetrics"":""1.9.0""}",smoke_not_paper_comparable
smoke,smoke,kodim14,768,512,NTC_PinkPEPS,0,flip,0.7705969214439392,417792,21251,439043,2.6868621069006906,2.716527233016677,0,4,9004fe2240b9e84c55ae641ba78c0ad5f83398a6,True,/home/aup/yy/workspace/peps/configs/paper/image_repro_smoke.toml,"{""batch_size"":512,""checkpoint_every"":1,""cosine"":true,""encoder_lr"":0.1,""log_every"":1,""loss"":""l2"",""model_lr"":0.001,""seed"":0,""steps"":1,""task"":""image"",""total_steps"":1}","{""flip-evaluator"":""1.7"",""lpips"":""0.1.4"",""torch"":""2.10.0+rocm7.0"",""torchmetrics"":""1.9.0""}",smoke_not_paper_comparable
smoke,smoke,kodim14,768,512,NTC_PinkPEPS,0,lpips,1.0336216688156128,417792,21251,439043,2.6868621069006906,2.716527233016677,0,4,9004fe2240b9e84c55ae641ba78c0ad5f83398a6,True,/home/aup/yy/workspace/peps/configs/paper/image_repro_smoke.toml,"{""batch_size"":512,""checkpoint_every"":1,""cosine"":true,""encoder_lr"":0.1,""log_every"":1,""loss"":""l2"",""model_lr"":0.001,""seed"":0,""steps"":1,""task"":""image"",""total_steps"":1}","{""flip-evaluator"":""1.7"",""lpips"":""0.1.4"",""torch"":""2.10.0+rocm7.0"",""torchmetrics"":""1.9.0""}",smoke_not_paper_comparable
smoke,smoke,kodim14,768,512,NTC_PinkPEPS,0,lsd,0.09397999978467823,417792,21251,439043,2.6868621069006906,2.716527233016677,0,4,9004fe2240b9e84c55ae641ba78c0ad5f83398a6,True,/home/aup/yy/workspace/peps/configs/paper/image_repro_smoke.toml,"{""batch_size"":512,""checkpoint_every"":1,""cosine"":true,""encoder_lr"":0.1,""log_every"":1,""loss"":""l2"",""model_lr"":0.001,""seed"":0,""steps"":1,""task"":""image"",""total_steps"":1}","{""flip-evaluator"":""1.7"",""lpips"":""0.1.4"",""torch"":""2.10.0+rocm7.0"",""torchmetrics"":""1.9.0""}",smoke_not_paper_comparable
smoke,smoke,kodim14,768,512,NTC_PinkPEPS,0,psnr,7.796902285106478,417792,21251,439043,2.6868621069006906,2.716527233016677,0,4,9004fe2240b9e84c55ae641ba78c0ad5f83398a6,True,/home/aup/yy/workspace/peps/configs/paper/image_repro_smoke.toml,"{""batch_size"":512,""checkpoint_every"":1,""cosine"":true,""encoder_lr"":0.1,""log_every"":1,""loss"":""l2"",""model_lr"":0.001,""seed"":0,""steps"":1,""task"":""image"",""total_steps"":1}","{""flip-evaluator"":""1.7"",""lpips"":""0.1.4"",""torch"":""2.10.0+rocm7.0"",""torchmetrics"":""1.9.0""}",smoke_not_paper_comparable
smoke,smoke,kodim14,768,512,NTC_PinkPEPS,0,ssim,0.021576890721917152,417792,21251,439043,2.6868621069006906,2.716527233016677,0,4,9004fe2240b9e84c55ae641ba78c0ad5f83398a6,True,/home/aup/yy/workspace/peps/configs/paper/image_repro_smoke.toml,"{""batch_size"":512,""checkpoint_every"":1,""cosine"":true,""encoder_lr"":0.1,""log_every"":1,""loss"":""l2"",""model_lr"":0.001,""seed"":0,""steps"":1,""task"":""image"",""total_steps"":1}","{""flip-evaluator"":""1.7"",""lpips"":""0.1.4"",""torch"":""2.10.0+rocm7.0"",""torchmetrics"":""1.9.0""}",smoke_not_paper_comparable
smoke,smoke,kodim14,768,512,G-P-PEPS-25,0,flip,0.7766137719154358,326144,10691,336835,3.5021538735582705,2.504258477012627,1,4,9004fe2240b9e84c55ae641ba78c0ad5f83398a6,True,/home/aup/yy/workspace/peps/configs/paper/image_repro_smoke.toml,"{""batch_size"":512,""checkpoint_every"":1,""cosine"":true,""encoder_lr"":0.1,""log_every"":1,""loss"":""l2"",""model_lr"":0.001,""seed"":0,""steps"":1,""task"":""image"",""total_steps"":1}","{""flip-evaluator"":""1.7"",""lpips"":""0.1.4"",""torch"":""2.10.0+rocm7.0"",""torchmetrics"":""1.9.0""}",smoke_not_paper_comparable
smoke,smoke,kodim14,768,512,G-P-PEPS-25,0,lpips,0.9776601791381836,326144,10691,336835,3.5021538735582705,2.504258477012627,1,4,9004fe2240b9e84c55ae641ba78c0ad5f83398a6,True,/home/aup/yy/workspace/peps/configs/paper/image_repro_smoke.toml,"{""batch_size"":512,""checkpoint_every"":1,""cosine"":true,""encoder_lr"":0.1,""log_every"":1,""loss"":""l2"",""model_lr"":0.001,""seed"":0,""steps"":1,""task"":""image"",""total_steps"":1}","{""flip-evaluator"":""1.7"",""lpips"":""0.1.4"",""torch"":""2.10.0+rocm7.0"",""torchmetrics"":""1.9.0""}",smoke_not_paper_comparable
smoke,smoke,kodim14,768,512,G-P-PEPS-25,0,lsd,0.09453122634851378,326144,10691,336835,3.5021538735582705,2.504258477012627,1,4,9004fe2240b9e84c55ae641ba78c0ad5f83398a6,True,/home/aup/yy/workspace/peps/configs/paper/image_repro_smoke.toml,"{""batch_size"":512,""checkpoint_every"":1,""cosine"":true,""encoder_lr"":0.1,""log_every"":1,""loss"":""l2"",""model_lr"":0.001,""seed"":0,""steps"":1,""task"":""image"",""total_steps"":1}","{""flip-evaluator"":""1.7"",""lpips"":""0.1.4"",""torch"":""2.10.0+rocm7.0"",""torchmetrics"":""1.9.0""}",smoke_not_paper_comparable
smoke,smoke,kodim14,768,512,G-P-PEPS-25,0,psnr,8.27281439456006,326144,10691,336835,3.5021538735582705,2.504258477012627,1,4,9004fe2240b9e84c55ae641ba78c0ad5f83398a6,True,/home/aup/yy/workspace/peps/configs/paper/image_repro_smoke.toml,"{""batch_size"":512,""checkpoint_every"":1,""cosine"":true,""encoder_lr"":0.1,""log_every"":1,""loss"":""l2"",""model_lr"":0.001,""seed"":0,""steps"":1,""task"":""image"",""total_steps"":1}","{""flip-evaluator"":""1.7"",""lpips"":""0.1.4"",""torch"":""2.10.0+rocm7.0"",""torchmetrics"":""1.9.0""}",smoke_not_paper_comparable
smoke,smoke,kodim14,768,512,G-P-PEPS-25,0,ssim,0.06116567552089691,326144,10691,336835,3.5021538735582705,2.504258477012627,1,4,9004fe2240b9e84c55ae641ba78c0ad5f83398a6,True,/home/aup/yy/workspace/peps/configs/paper/image_repro_smoke.toml,"{""batch_size"":512,""checkpoint_every"":1,""cosine"":true,""encoder_lr"":0.1,""log_every"":1,""loss"":""l2"",""model_lr"":0.001,""seed"":0,""steps"":1,""task"":""image"",""total_steps"":1}","{""flip-evaluator"":""1.7"",""lpips"":""0.1.4"",""torch"":""2.10.0+rocm7.0"",""torchmetrics"":""1.9.0""}",smoke_not_paper_comparable
smoke,smoke,kodim15,768,512,PE,0,flip,0.7211253046989441,0,194403,194403,6.068054505331708,3.3094951490638778,2,4,9004fe2240b9e84c55ae641ba78c0ad5f83398a6,True,/home/aup/yy/workspace/peps/configs/paper/image_repro_smoke.toml,"{""batch_size"":512,""checkpoint_every"":1,""cosine"":true,""encoder_lr"":0.1,""log_every"":1,""loss"":""l2"",""model_lr"":0.001,""seed"":0,""steps"":1,""task"":""image"",""total_steps"":1}","{""flip-evaluator"":""1.7"",""lpips"":""0.1.4"",""torch"":""2.10.0+rocm7.0"",""torchmetrics"":""1.9.0""}",smoke_not_paper_comparable
smoke,smoke,kodim15,768,512,PE,0,lpips,0.9331692457199097,0,194403,194403,6.068054505331708,3.3094951490638778,2,4,9004fe2240b9e84c55ae641ba78c0ad5f83398a6,True,/home/aup/yy/workspace/peps/configs/paper/image_repro_smoke.toml,"{""batch_size"":512,""checkpoint_every"":1,""cosine"":true,""encoder_lr"":0.1,""log_every"":1,""loss"":""l2"",""model_lr"":0.001,""seed"":0,""steps"":1,""task"":""image"",""total_steps"":1}","{""flip-evaluator"":""1.7"",""lpips"":""0.1.4"",""torch"":""2.10.0+rocm7.0"",""torchmetrics"":""1.9.0""}",smoke_not_paper_comparable
smoke,smoke,kodim15,768,512,PE,0,lsd,0.08612487279960922,0,194403,194403,6.068054505331708,3.3094951490638778,2,4,9004fe2240b9e84c55ae641ba78c0ad5f83398a6,True,/home/aup/yy/workspace/peps/configs/paper/image_repro_smoke.toml,"{""batch_size"":512,""checkpoint_every"":1,""cosine"":true,""encoder_lr"":0.1,""log_every"":1,""loss"":""l2"",""model_lr"":0.001,""seed"":0,""steps"":1,""task"":""image"",""total_steps"":1}","{""flip-evaluator"":""1.7"",""lpips"":""0.1.4"",""torch"":""2.10.0+rocm7.0"",""torchmetrics"":""1.9.0""}",smoke_not_paper_comparable
smoke,smoke,kodim15,768,512,PE,0,psnr,5.598533109797151,0,194403,194403,6.068054505331708,3.3094951490638778,2,4,9004fe2240b9e84c55ae641ba78c0ad5f83398a6,True,/home/aup/yy/workspace/peps/configs/paper/image_repro_smoke.toml,"{""batch_size"":512,""checkpoint_every"":1,""cosine"":true,""encoder_lr"":0.1,""log_every"":1,""loss"":""l2"",""model_lr"":0.001,""seed"":0,""steps"":1,""task"":""image"",""total_steps"":1}","{""flip-evaluator"":""1.7"",""lpips"":""0.1.4"",""torch"":""2.10.0+rocm7.0"",""torchmetrics"":""1.9.0""}",smoke_not_paper_comparable
smoke,smoke,kodim15,768,512,PE,0,ssim,0.006974312011152506,0,194403,194403,6.068054505331708,3.3094951490638778,2,4,9004fe2240b9e84c55ae641ba78c0ad5f83398a6,True,/home/aup/yy/workspace/peps/configs/paper/image_repro_smoke.toml,"{""batch_size"":512,""checkpoint_every"":1,""cosine"":true,""encoder_lr"":0.1,""log_every"":1,""loss"":""l2"",""model_lr"":0.001,""seed"":0,""steps"":1,""task"":""image"",""total_steps"":1}","{""flip-evaluator"":""1.7"",""lpips"":""0.1.4"",""torch"":""2.10.0+rocm7.0"",""torchmetrics"":""1.9.0""}",smoke_not_paper_comparable
smoke,smoke,kodim15,768,512,LPE,0,flip,0.7345191836357117,401408,9603,411011,2.870112965346426,2.915001456043683,3,4,9004fe2240b9e84c55ae641ba78c0ad5f83398a6,True,/home/aup/yy/workspace/peps/configs/paper/image_repro_smoke.toml,"{""batch_size"":512,""checkpoint_every"":1,""cosine"":true,""encoder_lr"":0.1,""log_every"":1,""loss"":""l2"",""model_lr"":0.001,""seed"":0,""steps"":1,""task"":""image"",""total_steps"":1}","{""flip-evaluator"":""1.7"",""lpips"":""0.1.4"",""torch"":""2.10.0+rocm7.0"",""torchmetrics"":""1.9.0""}",smoke_not_paper_comparable
smoke,smoke,kodim15,768,512,LPE,0,lpips,0.9452694654464722,401408,9603,411011,2.870112965346426,2.915001456043683,3,4,9004fe2240b9e84c55ae641ba78c0ad5f83398a6,True,/home/aup/yy/workspace/peps/configs/paper/image_repro_smoke.toml,"{""batch_size"":512,""checkpoint_every"":1,""cosine"":true,""encoder_lr"":0.1,""log_every"":1,""loss"":""l2"",""model_lr"":0.001,""seed"":0,""steps"":1,""task"":""image"",""total_steps"":1}","{""flip-evaluator"":""1.7"",""lpips"":""0.1.4"",""torch"":""2.10.0+rocm7.0"",""torchmetrics"":""1.9.0""}",smoke_not_paper_comparable
smoke,smoke,kodim15,768,512,LPE,0,lsd,0.08797237386389956,401408,9603,411011,2.870112965346426,2.915001456043683,3,4,9004fe2240b9e84c55ae641ba78c0ad5f83398a6,True,/home/aup/yy/workspace/peps/configs/paper/image_repro_smoke.toml,"{""batch_size"":512,""checkpoint_every"":1,""cosine"":true,""encoder_lr"":0.1,""log_every"":1,""loss"":""l2"",""model_lr"":0.001,""seed"":0,""steps"":1,""task"":""image"",""total_steps"":1}","{""flip-evaluator"":""1.7"",""lpips"":""0.1.4"",""torch"":""2.10.0+rocm7.0"",""torchmetrics"":""1.9.0""}",smoke_not_paper_comparable
smoke,smoke,kodim15,768,512,LPE,0,psnr,4.842821194686752,401408,9603,411011,2.870112965346426,2.915001456043683,3,4,9004fe2240b9e84c55ae641ba78c0ad5f83398a6,True,/home/aup/yy/workspace/peps/configs/paper/image_repro_smoke.toml,"{""batch_size"":512,""checkpoint_every"":1,""cosine"":true,""encoder_lr"":0.1,""log_every"":1,""loss"":""l2"",""model_lr"":0.001,""seed"":0,""steps"":1,""task"":""image"",""total_steps"":1}","{""flip-evaluator"":""1.7"",""lpips"":""0.1.4"",""torch"":""2.10.0+rocm7.0"",""torchmetrics"":""1.9.0""}",smoke_not_paper_comparable
smoke,smoke,kodim15,768,512,LPE,0,ssim,-0.24827712774276733,401408,9603,411011,2.870112965346426,2.915001456043683,3,4,9004fe2240b9e84c55ae641ba78c0ad5f83398a6,True,/home/aup/yy/workspace/peps/configs/paper/image_repro_smoke.toml,"{""batch_size"":512,""checkpoint_every"":1,""cosine"":true,""encoder_lr"":0.1,""log_every"":1,""loss"":""l2"",""model_lr"":0.001,""seed"":0,""steps"":1,""task"":""image"",""total_steps"":1}","{""flip-evaluator"":""1.7"",""lpips"":""0.1.4"",""torch"":""2.10.0+rocm7.0"",""torchmetrics"":""1.9.0""}",smoke_not_paper_comparable
smoke,smoke,kodim15,768,512,NTC_N,0,flip,0.6955573558807373,417792,13699,431491,2.733887844705915,2.7239332660101354,0,4,9004fe2240b9e84c55ae641ba78c0ad5f83398a6,True,/home/aup/yy/workspace/peps/configs/paper/image_repro_smoke.toml,"{""batch_size"":512,""checkpoint_every"":1,""cosine"":true,""encoder_lr"":0.1,""log_every"":1,""loss"":""l2"",""model_lr"":0.001,""seed"":0,""steps"":1,""task"":""image"",""total_steps"":1}","{""flip-evaluator"":""1.7"",""lpips"":""0.1.4"",""torch"":""2.10.0+rocm7.0"",""torchmetrics"":""1.9.0""}",smoke_not_paper_comparable
smoke,smoke,kodim15,768,512,NTC_N,0,lpips,0.9308817982673645,417792,13699,431491,2.733887844705915,2.7239332660101354,0,4,9004fe2240b9e84c55ae641ba78c0ad5f83398a6,True,/home/aup/yy/workspace/peps/configs/paper/image_repro_smoke.toml,"{""batch_size"":512,""checkpoint_every"":1,""cosine"":true,""encoder_lr"":0.1,""log_every"":1,""loss"":""l2"",""model_lr"":0.001,""seed"":0,""steps"":1,""task"":""image"",""total_steps"":1}","{""flip-evaluator"":""1.7"",""lpips"":""0.1.4"",""torch"":""2.10.0+rocm7.0"",""torchmetrics"":""1.9.0""}",smoke_not_paper_comparable
smoke,smoke,kodim15,768,512,NTC_N,0,lsd,0.08749921238103116,417792,13699,431491,2.733887844705915,2.7239332660101354,0,4,9004fe2240b9e84c55ae641ba78c0ad5f83398a6,True,/home/aup/yy/workspace/peps/configs/paper/image_repro_smoke.toml,"{""batch_size"":512,""checkpoint_every"":1,""cosine"":true,""encoder_lr"":0.1,""log_every"":1,""loss"":""l2"",""model_lr"":0.001,""seed"":0,""steps"":1,""task"":""image"",""total_steps"":1}","{""flip-evaluator"":""1.7"",""lpips"":""0.1.4"",""torch"":""2.10.0+rocm7.0"",""torchmetrics"":""1.9.0""}",smoke_not_paper_comparable
smoke,smoke,kodim15,768,512,NTC_N,0,psnr,6.072619509896047,417792,13699,431491,2.733887844705915,2.7239332660101354,0,4,9004fe2240b9e84c55ae641ba78c0ad5f83398a6,True,/home/aup/yy/workspace/peps/configs/paper/image_repro_smoke.toml,"{""batch_size"":512,""checkpoint_every"":1,""cosine"":true,""encoder_lr"":0.1,""log_every"":1,""loss"":""l2"",""model_lr"":0.001,""seed"":0,""steps"":1,""task"":""image"",""total_steps"":1}","{""flip-evaluator"":""1.7"",""lpips"":""0.1.4"",""torch"":""2.10.0+rocm7.0"",""torchmetrics"":""1.9.0""}",smoke_not_paper_comparable
smoke,smoke,kodim15,768,512,NTC_N,0,ssim,0.21086245775222778,417792,13699,431491,2.733887844705915,2.7239332660101354,0,4,9004fe2240b9e84c55ae641ba78c0ad5f83398a6,True,/home/aup/yy/workspace/peps/configs/paper/image_repro_smoke.toml,"{""batch_size"":512,""checkpoint_every"":1,""cosine"":true,""encoder_lr"":0.1,""log_every"":1,""loss"":""l2"",""model_lr"":0.001,""seed"":0,""steps"":1,""task"":""image"",""total_steps"":1}","{""flip-evaluator"":""1.7"",""lpips"":""0.1.4"",""torch"":""2.10.0+rocm7.0"",""torchmetrics"":""1.9.0""}",smoke_not_paper_comparable
smoke,smoke,kodim15,768,512,Grid,0,flip,0.7329553961753845,426496,9667,436163,2.704603554175847,2.7077118600718677,1,4,9004fe2240b9e84c55ae641ba78c0ad5f83398a6,True,/home/aup/yy/workspace/peps/configs/paper/image_repro_smoke.toml,"{""batch_size"":512,""checkpoint_every"":1,""cosine"":true,""encoder_lr"":0.1,""log_every"":1,""loss"":""l2"",""model_lr"":0.001,""seed"":0,""steps"":1,""task"":""image"",""total_steps"":1}","{""flip-evaluator"":""1.7"",""lpips"":""0.1.4"",""torch"":""2.10.0+rocm7.0"",""torchmetrics"":""1.9.0""}",smoke_not_paper_comparable
smoke,smoke,kodim15,768,512,Grid,0,lpips,0.9490895867347717,426496,9667,436163,2.704603554175847,2.7077118600718677,1,4,9004fe2240b9e84c55ae641ba78c0ad5f83398a6,True,/home/aup/yy/workspace/peps/configs/paper/image_repro_smoke.toml,"{""batch_size"":512,""checkpoint_every"":1,""cosine"":true,""encoder_lr"":0.1,""log_every"":1,""loss"":""l2"",""model_lr"":0.001,""seed"":0,""steps"":1,""task"":""image"",""total_steps"":1}","{""flip-evaluator"":""1.7"",""lpips"":""0.1.4"",""torch"":""2.10.0+rocm7.0"",""torchmetrics"":""1.9.0""}",smoke_not_paper_comparable
smoke,smoke,kodim15,768,512,Grid,0,lsd,0.08765209314080775,426496,9667,436163,2.704603554175847,2.7077118600718677,1,4,9004fe2240b9e84c55ae641ba78c0ad5f83398a6,True,/home/aup/yy/workspace/peps/configs/paper/image_repro_smoke.toml,"{""batch_size"":512,""checkpoint_every"":1,""cosine"":true,""encoder_lr"":0.1,""log_every"":1,""loss"":""l2"",""model_lr"":0.001,""seed"":0,""steps"":1,""task"":""image"",""total_steps"":1}","{""flip-evaluator"":""1.7"",""lpips"":""0.1.4"",""torch"":""2.10.0+rocm7.0"",""torchmetrics"":""1.9.0""}",smoke_not_paper_comparable
smoke,smoke,kodim15,768,512,Grid,0,psnr,4.9378060034674,426496,9667,436163,2.704603554175847,2.7077118600718677,1,4,9004fe2240b9e84c55ae641ba78c0ad5f83398a6,True,/home/aup/yy/workspace/peps/configs/paper/image_repro_smoke.toml,"{""batch_size"":512,""checkpoint_every"":1,""cosine"":true,""encoder_lr"":0.1,""log_every"":1,""loss"":""l2"",""model_lr"":0.001,""seed"":0,""steps"":1,""task"":""image"",""total_steps"":1}","{""flip-evaluator"":""1.7"",""lpips"":""0.1.4"",""torch"":""2.10.0+rocm7.0"",""torchmetrics"":""1.9.0""}",smoke_not_paper_comparable
smoke,smoke,kodim15,768,512,Grid,0,ssim,-0.12961994111537933,426496,9667,436163,2.704603554175847,2.7077118600718677,1,4,9004fe2240b9e84c55ae641ba78c0ad5f83398a6,True,/home/aup/yy/workspace/peps/configs/paper/image_repro_smoke.toml,"{""batch_size"":512,""checkpoint_every"":1,""cosine"":true,""encoder_lr"":0.1,""log_every"":1,""loss"":""l2"",""model_lr"":0.001,""seed"":0,""steps"":1,""task"":""image"",""total_steps"":1}","{""flip-evaluator"":""1.7"",""lpips"":""0.1.4"",""torch"":""2.10.0+rocm7.0"",""torchmetrics"":""1.9.0""}",smoke_not_paper_comparable
smoke,smoke,kodim15,768,512,G-PEPS,0,flip,0.6787633895874023,426496,16195,442691,2.6647209904877216,3.1846143200527877,2,4,9004fe2240b9e84c55ae641ba78c0ad5f83398a6,True,/home/aup/yy/workspace/peps/configs/paper/image_repro_smoke.toml,"{""batch_size"":512,""checkpoint_every"":1,""cosine"":true,""encoder_lr"":0.1,""log_every"":1,""loss"":""l2"",""model_lr"":0.001,""seed"":0,""steps"":1,""task"":""image"",""total_steps"":1}","{""flip-evaluator"":""1.7"",""lpips"":""0.1.4"",""torch"":""2.10.0+rocm7.0"",""torchmetrics"":""1.9.0""}",smoke_not_paper_comparable
smoke,smoke,kodim15,768,512,G-PEPS,0,lpips,1.0103051662445068,426496,16195,442691,2.6647209904877216,3.1846143200527877,2,4,9004fe2240b9e84c55ae641ba78c0ad5f83398a6,True,/home/aup/yy/workspace/peps/configs/paper/image_repro_smoke.toml,"{""batch_size"":512,""checkpoint_every"":1,""cosine"":true,""encoder_lr"":0.1,""log_every"":1,""loss"":""l2"",""model_lr"":0.001,""seed"":0,""steps"":1,""task"":""image"",""total_steps"":1}","{""flip-evaluator"":""1.7"",""lpips"":""0.1.4"",""torch"":""2.10.0+rocm7.0"",""torchmetrics"":""1.9.0""}",smoke_not_paper_comparable
smoke,smoke,kodim15,768,512,G-PEPS,0,lsd,0.08759775466708325,426496,16195,442691,2.6647209904877216,3.1846143200527877,2,4,9004fe2240b9e84c55ae641ba78c0ad5f83398a6,True,/home/aup/yy/workspace/peps/configs/paper/image_repro_smoke.toml,"{""batch_size"":512,""checkpoint_every"":1,""cosine"":true,""encoder_lr"":0.1,""log_every"":1,""loss"":""l2"",""model_lr"":0.001,""seed"":0,""steps"":1,""task"":""image"",""total_steps"":1}","{""flip-evaluator"":""1.7"",""lpips"":""0.1.4"",""torch"":""2.10.0+rocm7.0"",""torchmetrics"":""1.9.0""}",smoke_not_paper_comparable
smoke,smoke,kodim15,768,512,G-PEPS,0,psnr,5.563495432966395,426496,16195,442691,2.6647209904877216,3.1846143200527877,2,4,9004fe2240b9e84c55ae641ba78c0ad5f83398a6,True,/home/aup/yy/workspace/peps/configs/paper/image_repro_smoke.toml,"{""batch_size"":512,""checkpoint_every"":1,""cosine"":true,""encoder_lr"":0.1,""log_every"":1,""loss"":""l2"",""model_lr"":0.001,""seed"":0,""steps"":1,""task"":""image"",""total_steps"":1}","{""flip-evaluator"":""1.7"",""lpips"":""0.1.4"",""torch"":""2.10.0+rocm7.0"",""torchmetrics"":""1.9.0""}",smoke_not_paper_comparable
smoke,smoke,kodim15,768,512,G-PEPS,0,ssim,0.007934276014566422,426496,16195,442691,2.6647209904877216,3.1846143200527877,2,4,9004fe2240b9e84c55ae641ba78c0ad5f83398a6,True,/home/aup/yy/workspace/peps/configs/paper/image_repro_smoke.toml,"{""batch_size"":512,""checkpoint_every"":1,""cosine"":true,""encoder_lr"":0.1,""log_every"":1,""loss"":""l2"",""model_lr"":0.001,""seed"":0,""steps"":1,""task"":""image"",""total_steps"":1}","{""flip-evaluator"":""1.7"",""lpips"":""0.1.4"",""torch"":""2.10.0+rocm7.0"",""torchmetrics"":""1.9.0""}",smoke_not_paper_comparable
smoke,smoke,kodim15,768,512,G-P-PEPS,0,flip,0.7183246612548828,426496,11459,437955,2.69353700722677,3.130875061964616,3,4,9004fe2240b9e84c55ae641ba78c0ad5f83398a6,True,/home/aup/yy/workspace/peps/configs/paper/image_repro_smoke.toml,"{""batch_size"":512,""checkpoint_every"":1,""cosine"":true,""encoder_lr"":0.1,""log_every"":1,""loss"":""l2"",""model_lr"":0.001,""seed"":0,""steps"":1,""task"":""image"",""total_steps"":1}","{""flip-evaluator"":""1.7"",""lpips"":""0.1.4"",""torch"":""2.10.0+rocm7.0"",""torchmetrics"":""1.9.0""}",smoke_not_paper_comparable
smoke,smoke,kodim15,768,512,G-P-PEPS,0,lpips,0.9377232789993286,426496,11459,437955,2.69353700722677,3.130875061964616,3,4,9004fe2240b9e84c55ae641ba78c0ad5f83398a6,True,/home/aup/yy/workspace/peps/configs/paper/image_repro_smoke.toml,"{""batch_size"":512,""checkpoint_every"":1,""cosine"":true,""encoder_lr"":0.1,""log_every"":1,""loss"":""l2"",""model_lr"":0.001,""seed"":0,""steps"":1,""task"":""image"",""total_steps"":1}","{""flip-evaluator"":""1.7"",""lpips"":""0.1.4"",""torch"":""2.10.0+rocm7.0"",""torchmetrics"":""1.9.0""}",smoke_not_paper_comparable
smoke,smoke,kodim15,768,512,G-P-PEPS,0,lsd,0.08769314001356789,426496,11459,437955,2.69353700722677,3.130875061964616,3,4,9004fe2240b9e84c55ae641ba78c0ad5f83398a6,True,/home/aup/yy/workspace/peps/configs/paper/image_repro_smoke.toml,"{""batch_size"":512,""checkpoint_every"":1,""cosine"":true,""encoder_lr"":0.1,""log_every"":1,""loss"":""l2"",""model_lr"":0.001,""seed"":0,""steps"":1,""task"":""image"",""total_steps"":1}","{""flip-evaluator"":""1.7"",""lpips"":""0.1.4"",""torch"":""2.10.0+rocm7.0"",""torchmetrics"":""1.9.0""}",smoke_not_paper_comparable
smoke,smoke,kodim15,768,512,G-P-PEPS,0,psnr,5.705967534135726,426496,11459,437955,2.69353700722677,3.130875061964616,3,4,9004fe2240b9e84c55ae641ba78c0ad5f83398a6,True,/home/aup/yy/workspace/peps/configs/paper/image_repro_smoke.toml,"{""batch_size"":512,""checkpoint_every"":1,""cosine"":true,""encoder_lr"":0.1,""log_every"":1,""loss"":""l2"",""model_lr"":0.001,""seed"":0,""steps"":1,""task"":""image"",""total_steps"":1}","{""flip-evaluator"":""1.7"",""lpips"":""0.1.4"",""torch"":""2.10.0+rocm7.0"",""torchmetrics"":""1.9.0""}",smoke_not_paper_comparable
smoke,smoke,kodim15,768,512,G-P-PEPS,0,ssim,0.08384309709072113,426496,11459,437955,2.69353700722677,3.130875061964616,3,4,9004fe2240b9e84c55ae641ba78c0ad5f83398a6,True,/home/aup/yy/workspace/peps/configs/paper/image_repro_smoke.toml,"{""batch_size"":512,""checkpoint_every"":1,""cosine"":true,""encoder_lr"":0.1,""log_every"":1,""loss"":""l2"",""model_lr"":0.001,""seed"":0,""steps"":1,""task"":""image"",""total_steps"":1}","{""flip-evaluator"":""1.7"",""lpips"":""0.1.4"",""torch"":""2.10.0+rocm7.0"",""torchmetrics"":""1.9.0""}",smoke_not_paper_comparable
smoke,smoke,kodim15,768,512,NTC_PEPS,0,flip,0.6899166703224182,417792,39811,457603,2.577885197430961,3.334171083988622,0,4,9004fe2240b9e84c55ae641ba78c0ad5f83398a6,True,/home/aup/yy/workspace/peps/configs/paper/image_repro_smoke.toml,"{""batch_size"":512,""checkpoint_every"":1,""cosine"":true,""encoder_lr"":0.1,""log_every"":1,""loss"":""l2"",""model_lr"":0.001,""seed"":0,""steps"":1,""task"":""image"",""total_steps"":1}","{""flip-evaluator"":""1.7"",""lpips"":""0.1.4"",""torch"":""2.10.0+rocm7.0"",""torchmetrics"":""1.9.0""}",smoke_not_paper_comparable
smoke,smoke,kodim15,768,512,NTC_PEPS,0,lpips,0.9063127040863037,417792,39811,457603,2.577885197430961,3.334171083988622,0,4,9004fe2240b9e84c55ae641ba78c0ad5f83398a6,True,/home/aup/yy/workspace/peps/configs/paper/image_repro_smoke.toml,"{""batch_size"":512,""checkpoint_every"":1,""cosine"":true,""encoder_lr"":0.1,""log_every"":1,""loss"":""l2"",""model_lr"":0.001,""seed"":0,""steps"":1,""task"":""image"",""total_steps"":1}","{""flip-evaluator"":""1.7"",""lpips"":""0.1.4"",""torch"":""2.10.0+rocm7.0"",""torchmetrics"":""1.9.0""}",smoke_not_paper_comparable
smoke,smoke,kodim15,768,512,NTC_PEPS,0,lsd,0.08712479723797045,417792,39811,457603,2.577885197430961,3.334171083988622,0,4,9004fe2240b9e84c55ae641ba78c0ad5f83398a6,True,/home/aup/yy/workspace/peps/configs/paper/image_repro_smoke.toml,"{""batch_size"":512,""checkpoint_every"":1,""cosine"":true,""encoder_lr"":0.1,""log_every"":1,""loss"":""l2"",""model_lr"":0.001,""seed"":0,""steps"":1,""task"":""image"",""total_steps"":1}","{""flip-evaluator"":""1.7"",""lpips"":""0.1.4"",""torch"":""2.10.0+rocm7.0"",""torchmetrics"":""1.9.0""}",smoke_not_paper_comparable
smoke,smoke,kodim15,768,512,NTC_PEPS,0,psnr,6.6589143108740085,417792,39811,457603,2.577885197430961,3.334171083988622,0,4,9004fe2240b9e84c55ae641ba78c0ad5f83398a6,True,/home/aup/yy/workspace/peps/configs/paper/image_repro_smoke.toml,"{""batch_size"":512,""checkpoint_every"":1,""cosine"":true,""encoder_lr"":0.1,""log_every"":1,""loss"":""l2"",""model_lr"":0.001,""seed"":0,""steps"":1,""task"":""image"",""total_steps"":1}","{""flip-evaluator"":""1.7"",""lpips"":""0.1.4"",""torch"":""2.10.0+rocm7.0"",""torchmetrics"":""1.9.0""}",smoke_not_paper_comparable
smoke,smoke,kodim15,768,512,NTC_PEPS,0,ssim,0.3283548951148987,417792,39811,457603,2.577885197430961,3.334171083988622,0,4,9004fe2240b9e84c55ae641ba78c0ad5f83398a6,True,/home/aup/yy/workspace/peps/configs/paper/image_repro_smoke.toml,"{""batch_size"":512,""checkpoint_every"":1,""cosine"":true,""encoder_lr"":0.1,""log_every"":1,""loss"":""l2"",""model_lr"":0.001,""seed"":0,""steps"":1,""task"":""image"",""total_steps"":1}","{""flip-evaluator"":""1.7"",""lpips"":""0.1.4"",""torch"":""2.10.0+rocm7.0"",""torchmetrics"":""1.9.0""}",smoke_not_paper_comparable
smoke,smoke,kodim15,768,512,NTC_PinkPEPS,0,flip,0.715043306350708,417792,21251,439043,2.6868621069006906,2.1232748549664393,1,4,9004fe2240b9e84c55ae641ba78c0ad5f83398a6,True,/home/aup/yy/workspace/peps/configs/paper/image_repro_smoke.toml,"{""batch_size"":512,""checkpoint_every"":1,""cosine"":true,""encoder_lr"":0.1,""log_every"":1,""loss"":""l2"",""model_lr"":0.001,""seed"":0,""steps"":1,""task"":""image"",""total_steps"":1}","{""flip-evaluator"":""1.7"",""lpips"":""0.1.4"",""torch"":""2.10.0+rocm7.0"",""torchmetrics"":""1.9.0""}",smoke_not_paper_comparable
smoke,smoke,kodim15,768,512,NTC_PinkPEPS,0,lpips,0.9847207069396973,417792,21251,439043,2.6868621069006906,2.1232748549664393,1,4,9004fe2240b9e84c55ae641ba78c0ad5f83398a6,True,/home/aup/yy/workspace/peps/configs/paper/image_repro_smoke.toml,"{""batch_size"":512,""checkpoint_every"":1,""cosine"":true,""encoder_lr"":0.1,""log_every"":1,""loss"":""l2"",""model_lr"":0.001,""seed"":0,""steps"":1,""task"":""image"",""total_steps"":1}","{""flip-evaluator"":""1.7"",""lpips"":""0.1.4"",""torch"":""2.10.0+rocm7.0"",""torchmetrics"":""1.9.0""}",smoke_not_paper_comparable
smoke,smoke,kodim15,768,512,NTC_PinkPEPS,0,lsd,0.0872896426816608,417792,21251,439043,2.6868621069006906,2.1232748549664393,1,4,9004fe2240b9e84c55ae641ba78c0ad5f83398a6,True,/home/aup/yy/workspace/peps/configs/paper/image_repro_smoke.toml,"{""batch_size"":512,""checkpoint_every"":1,""cosine"":true,""encoder_lr"":0.1,""log_every"":1,""loss"":""l2"",""model_lr"":0.001,""seed"":0,""steps"":1,""task"":""image"",""total_steps"":1}","{""flip-evaluator"":""1.7"",""lpips"":""0.1.4"",""torch"":""2.10.0+rocm7.0"",""torchmetrics"":""1.9.0""}",smoke_not_paper_comparable
smoke,smoke,kodim15,768,512,NTC_PinkPEPS,0,psnr,5.488166438453284,417792,21251,439043,2.6868621069006906,2.1232748549664393,1,4,9004fe2240b9e84c55ae641ba78c0ad5f83398a6,True,/home/aup/yy/workspace/peps/configs/paper/image_repro_smoke.toml,"{""batch_size"":512,""checkpoint_every"":1,""cosine"":true,""encoder_lr"":0.1,""log_every"":1,""loss"":""l2"",""model_lr"":0.001,""seed"":0,""steps"":1,""task"":""image"",""total_steps"":1}","{""flip-evaluator"":""1.7"",""lpips"":""0.1.4"",""torch"":""2.10.0+rocm7.0"",""torchmetrics"":""1.9.0""}",smoke_not_paper_comparable
smoke,smoke,kodim15,768,512,NTC_PinkPEPS,0,ssim,0.053423866629600525,417792,21251,439043,2.6868621069006906,2.1232748549664393,1,4,9004fe2240b9e84c55ae641ba78c0ad5f83398a6,True,/home/aup/yy/workspace/peps/configs/paper/image_repro_smoke.toml,"{""batch_size"":512,""checkpoint_every"":1,""cosine"":true,""encoder_lr"":0.1,""log_every"":1,""loss"":""l2"",""model_lr"":0.001,""seed"":0,""steps"":1,""task"":""image"",""total_steps"":1}","{""flip-evaluator"":""1.7"",""lpips"":""0.1.4"",""torch"":""2.10.0+rocm7.0"",""torchmetrics"":""1.9.0""}",smoke_not_paper_comparable
smoke,smoke,kodim15,768,512,G-P-PEPS-25,0,flip,0.7219552993774414,326144,10691,336835,3.5021538735582705,2.916422194102779,2,4,9004fe2240b9e84c55ae641ba78c0ad5f83398a6,True,/home/aup/yy/workspace/peps/configs/paper/image_repro_smoke.toml,"{""batch_size"":512,""checkpoint_every"":1,""cosine"":true,""encoder_lr"":0.1,""log_every"":1,""loss"":""l2"",""model_lr"":0.001,""seed"":0,""steps"":1,""task"":""image"",""total_steps"":1}","{""flip-evaluator"":""1.7"",""lpips"":""0.1.4"",""torch"":""2.10.0+rocm7.0"",""torchmetrics"":""1.9.0""}",smoke_not_paper_comparable
smoke,smoke,kodim15,768,512,G-P-PEPS-25,0,lpips,0.9166706800460815,326144,10691,336835,3.5021538735582705,2.916422194102779,2,4,9004fe2240b9e84c55ae641ba78c0ad5f83398a6,True,/home/aup/yy/workspace/peps/configs/paper/image_repro_smoke.toml,"{""batch_size"":512,""checkpoint_every"":1,""cosine"":true,""encoder_lr"":0.1,""log_every"":1,""loss"":""l2"",""model_lr"":0.001,""seed"":0,""steps"":1,""task"":""image"",""total_steps"":1}","{""flip-evaluator"":""1.7"",""lpips"":""0.1.4"",""torch"":""2.10.0+rocm7.0"",""torchmetrics"":""1.9.0""}",smoke_not_paper_comparable
smoke,smoke,kodim15,768,512,G-P-PEPS-25,0,lsd,0.08780541003060281,326144,10691,336835,3.5021538735582705,2.916422194102779,2,4,9004fe2240b9e84c55ae641ba78c0ad5f83398a6,True,/home/aup/yy/workspace/peps/configs/paper/image_repro_smoke.toml,"{""batch_size"":512,""checkpoint_every"":1,""cosine"":true,""encoder_lr"":0.1,""log_every"":1,""loss"":""l2"",""model_lr"":0.001,""seed"":0,""steps"":1,""task"":""image"",""total_steps"":1}","{""flip-evaluator"":""1.7"",""lpips"":""0.1.4"",""torch"":""2.10.0+rocm7.0"",""torchmetrics"":""1.9.0""}",smoke_not_paper_comparable
smoke,smoke,kodim15,768,512,G-P-PEPS-25,0,psnr,5.78923577185325,326144,10691,336835,3.5021538735582705,2.916422194102779,2,4,9004fe2240b9e84c55ae641ba78c0ad5f83398a6,True,/home/aup/yy/workspace/peps/configs/paper/image_repro_smoke.toml,"{""batch_size"":512,""checkpoint_every"":1,""cosine"":true,""encoder_lr"":0.1,""log_every"":1,""loss"":""l2"",""model_lr"":0.001,""seed"":0,""steps"":1,""task"":""image"",""total_steps"":1}","{""flip-evaluator"":""1.7"",""lpips"":""0.1.4"",""torch"":""2.10.0+rocm7.0"",""torchmetrics"":""1.9.0""}",smoke_not_paper_comparable
smoke,smoke,kodim15,768,512,G-P-PEPS-25,0,ssim,0.10703969746828079,326144,10691,336835,3.5021538735582705,2.916422194102779,2,4,9004fe2240b9e84c55ae641ba78c0ad5f83398a6,True,/home/aup/yy/workspace/peps/configs/paper/image_repro_smoke.toml,"{""batch_size"":512,""checkpoint_every"":1,""cosine"":true,""encoder_lr"":0.1,""log_every"":1,""loss"":""l2"",""model_lr"":0.001,""seed"":0,""steps"":1,""task"":""image"",""total_steps"":1}","{""flip-evaluator"":""1.7"",""lpips"":""0.1.4"",""torch"":""2.10.0+rocm7.0"",""torchmetrics"":""1.9.0""}",smoke_not_paper_comparable
smoke,smoke,kodim16,768,512,PE,0,flip,0.8079666495323181,0,194403,194403,6.068054505331708,6.450685941032134,3,4,9004fe2240b9e84c55ae641ba78c0ad5f83398a6,True,/home/aup/yy/workspace/peps/configs/paper/image_repro_smoke.toml,"{""batch_size"":512,""checkpoint_every"":1,""cosine"":true,""encoder_lr"":0.1,""log_every"":1,""loss"":""l2"",""model_lr"":0.001,""seed"":0,""steps"":1,""task"":""image"",""total_steps"":1}","{""flip-evaluator"":""1.7"",""lpips"":""0.1.4"",""torch"":""2.10.0+rocm7.0"",""torchmetrics"":""1.9.0""}",smoke_not_paper_comparable
smoke,smoke,kodim16,768,512,PE,0,lpips,0.9205563068389893,0,194403,194403,6.068054505331708,6.450685941032134,3,4,9004fe2240b9e84c55ae641ba78c0ad5f83398a6,True,/home/aup/yy/workspace/peps/configs/paper/image_repro_smoke.toml,"{""batch_size"":512,""checkpoint_every"":1,""cosine"":true,""encoder_lr"":0.1,""log_every"":1,""loss"":""l2"",""model_lr"":0.001,""seed"":0,""steps"":1,""task"":""image"",""total_steps"":1}","{""flip-evaluator"":""1.7"",""lpips"":""0.1.4"",""torch"":""2.10.0+rocm7.0"",""torchmetrics"":""1.9.0""}",smoke_not_paper_comparable
smoke,smoke,kodim16,768,512,PE,0,lsd,0.0621334169742273,0,194403,194403,6.068054505331708,6.450685941032134,3,4,9004fe2240b9e84c55ae641ba78c0ad5f83398a6,True,/home/aup/yy/workspace/peps/configs/paper/image_repro_smoke.toml,"{""batch_size"":512,""checkpoint_every"":1,""cosine"":true,""encoder_lr"":0.1,""log_every"":1,""loss"":""l2"",""model_lr"":0.001,""seed"":0,""steps"":1,""task"":""image"",""total_steps"":1}","{""flip-evaluator"":""1.7"",""lpips"":""0.1.4"",""torch"":""2.10.0+rocm7.0"",""torchmetrics"":""1.9.0""}",smoke_not_paper_comparable
smoke,smoke,kodim16,768,512,PE,0,psnr,7.385888150443791,0,194403,194403,6.068054505331708,6.450685941032134,3,4,9004fe2240b9e84c55ae641ba78c0ad5f83398a6,True,/home/aup/yy/workspace/peps/configs/paper/image_repro_smoke.toml,"{""batch_size"":512,""checkpoint_every"":1,""cosine"":true,""encoder_lr"":0.1,""log_every"":1,""loss"":""l2"",""model_lr"":0.001,""seed"":0,""steps"":1,""task"":""image"",""total_steps"":1}","{""flip-evaluator"":""1.7"",""lpips"":""0.1.4"",""torch"":""2.10.0+rocm7.0"",""torchmetrics"":""1.9.0""}",smoke_not_paper_comparable
smoke,smoke,kodim16,768,512,PE,0,ssim,0.008934601210057735,0,194403,194403,6.068054505331708,6.450685941032134,3,4,9004fe2240b9e84c55ae641ba78c0ad5f83398a6,True,/home/aup/yy/workspace/peps/configs/paper/image_repro_smoke.toml,"{""batch_size"":512,""checkpoint_every"":1,""cosine"":true,""encoder_lr"":0.1,""log_every"":1,""loss"":""l2"",""model_lr"":0.001,""seed"":0,""steps"":1,""task"":""image"",""total_steps"":1}","{""flip-evaluator"":""1.7"",""lpips"":""0.1.4"",""torch"":""2.10.0+rocm7.0"",""torchmetrics"":""1.9.0""}",smoke_not_paper_comparable
smoke,smoke,kodim16,768,512,LPE,0,flip,0.8214552998542786,401408,9603,411011,2.870112965346426,3.8000832890393212,0,4,9004fe2240b9e84c55ae641ba78c0ad5f83398a6,True,/home/aup/yy/workspace/peps/configs/paper/image_repro_smoke.toml,"{""batch_size"":512,""checkpoint_every"":1,""cosine"":true,""encoder_lr"":0.1,""log_every"":1,""loss"":""l2"",""model_lr"":0.001,""seed"":0,""steps"":1,""task"":""image"",""total_steps"":1}","{""flip-evaluator"":""1.7"",""lpips"":""0.1.4"",""torch"":""2.10.0+rocm7.0"",""torchmetrics"":""1.9.0""}",smoke_not_paper_comparable
smoke,smoke,kodim16,768,512,LPE,0,lpips,0.8969602584838867,401408,9603,411011,2.870112965346426,3.8000832890393212,0,4,9004fe2240b9e84c55ae641ba78c0ad5f83398a6,True,/home/aup/yy/workspace/peps/configs/paper/image_repro_smoke.toml,"{""batch_size"":512,""checkpoint_every"":1,""cosine"":true,""encoder_lr"":0.1,""log_every"":1,""loss"":""l2"",""model_lr"":0.001,""seed"":0,""steps"":1,""task"":""image"",""total_steps"":1}","{""flip-evaluator"":""1.7"",""lpips"":""0.1.4"",""torch"":""2.10.0+rocm7.0"",""torchmetrics"":""1.9.0""}",smoke_not_paper_comparable
smoke,smoke,kodim16,768,512,LPE,0,lsd,0.06375217183899917,401408,9603,411011,2.870112965346426,3.8000832890393212,0,4,9004fe2240b9e84c55ae641ba78c0ad5f83398a6,True,/home/aup/yy/workspace/peps/configs/paper/image_repro_smoke.toml,"{""batch_size"":512,""checkpoint_every"":1,""cosine"":true,""encoder_lr"":0.1,""log_every"":1,""loss"":""l2"",""model_lr"":0.001,""seed"":0,""steps"":1,""task"":""image"",""total_steps"":1}","{""flip-evaluator"":""1.7"",""lpips"":""0.1.4"",""torch"":""2.10.0+rocm7.0"",""torchmetrics"":""1.9.0""}",smoke_not_paper_comparable
smoke,smoke,kodim16,768,512,LPE,0,psnr,6.365406896585335,401408,9603,411011,2.870112965346426,3.8000832890393212,0,4,9004fe2240b9e84c55ae641ba78c0ad5f83398a6,True,/home/aup/yy/workspace/peps/configs/paper/image_repro_smoke.toml,"{""batch_size"":512,""checkpoint_every"":1,""cosine"":true,""encoder_lr"":0.1,""log_every"":1,""loss"":""l2"",""model_lr"":0.001,""seed"":0,""steps"":1,""task"":""image"",""total_steps"":1}","{""flip-evaluator"":""1.7"",""lpips"":""0.1.4"",""torch"":""2.10.0+rocm7.0"",""torchmetrics"":""1.9.0""}",smoke_not_paper_comparable
smoke,smoke,kodim16,768,512,LPE,0,ssim,-0.1598464697599411,401408,9603,411011,2.870112965346426,3.8000832890393212,0,4,9004fe2240b9e84c55ae641ba78c0ad5f83398a6,True,/home/aup/yy/workspace/peps/configs/paper/image_repro_smoke.toml,"{""batch_size"":512,""checkpoint_every"":1,""cosine"":true,""encoder_lr"":0.1,""log_every"":1,""loss"":""l2"",""model_lr"":0.001,""seed"":0,""steps"":1,""task"":""image"",""total_steps"":1}","{""flip-evaluator"":""1.7"",""lpips"":""0.1.4"",""torch"":""2.10.0+rocm7.0"",""torchmetrics"":""1.9.0""}",smoke_not_paper_comparable
smoke,smoke,kodim16,768,512,NTC_N,0,flip,0.7791535258293152,417792,13699,431491,2.733887844705915,3.2962976299459115,1,4,9004fe2240b9e84c55ae641ba78c0ad5f83398a6,True,/home/aup/yy/workspace/peps/configs/paper/image_repro_smoke.toml,"{""batch_size"":512,""checkpoint_every"":1,""cosine"":true,""encoder_lr"":0.1,""log_every"":1,""loss"":""l2"",""model_lr"":0.001,""seed"":0,""steps"":1,""task"":""image"",""total_steps"":1}","{""flip-evaluator"":""1.7"",""lpips"":""0.1.4"",""torch"":""2.10.0+rocm7.0"",""torchmetrics"":""1.9.0""}",smoke_not_paper_comparable
smoke,smoke,kodim16,768,512,NTC_N,0,lpips,0.8691251873970032,417792,13699,431491,2.733887844705915,3.2962976299459115,1,4,9004fe2240b9e84c55ae641ba78c0ad5f83398a6,True,/home/aup/yy/workspace/peps/configs/paper/image_repro_smoke.toml,"{""batch_size"":512,""checkpoint_every"":1,""cosine"":true,""encoder_lr"":0.1,""log_every"":1,""loss"":""l2"",""model_lr"":0.001,""seed"":0,""steps"":1,""task"":""image"",""total_steps"":1}","{""flip-evaluator"":""1.7"",""lpips"":""0.1.4"",""torch"":""2.10.0+rocm7.0"",""torchmetrics"":""1.9.0""}",smoke_not_paper_comparable
smoke,smoke,kodim16,768,512,NTC_N,0,lsd,0.06335241605283677,417792,13699,431491,2.733887844705915,3.2962976299459115,1,4,9004fe2240b9e84c55ae641ba78c0ad5f83398a6,True,/home/aup/yy/workspace/peps/configs/paper/image_repro_smoke.toml,"{""batch_size"":512,""checkpoint_every"":1,""cosine"":true,""encoder_lr"":0.1,""log_every"":1,""loss"":""l2"",""model_lr"":0.001,""seed"":0,""steps"":1,""task"":""image"",""total_steps"":1}","{""flip-evaluator"":""1.7"",""lpips"":""0.1.4"",""torch"":""2.10.0+rocm7.0"",""torchmetrics"":""1.9.0""}",smoke_not_paper_comparable
smoke,smoke,kodim16,768,512,NTC_N,0,psnr,8.113833692924752,417792,13699,431491,2.733887844705915,3.2962976299459115,1,4,9004fe2240b9e84c55ae641ba78c0ad5f83398a6,True,/home/aup/yy/workspace/peps/configs/paper/image_repro_smoke.toml,"{""batch_size"":512,""checkpoint_every"":1,""cosine"":true,""encoder_lr"":0.1,""log_every"":1,""loss"":""l2"",""model_lr"":0.001,""seed"":0,""steps"":1,""task"":""image"",""total_steps"":1}","{""flip-evaluator"":""1.7"",""lpips"":""0.1.4"",""torch"":""2.10.0+rocm7.0"",""torchmetrics"":""1.9.0""}",smoke_not_paper_comparable
smoke,smoke,kodim16,768,512,NTC_N,0,ssim,0.127946138381958,417792,13699,431491,2.733887844705915,3.2962976299459115,1,4,9004fe2240b9e84c55ae641ba78c0ad5f83398a6,True,/home/aup/yy/workspace/peps/configs/paper/image_repro_smoke.toml,"{""batch_size"":512,""checkpoint_every"":1,""cosine"":true,""encoder_lr"":0.1,""log_every"":1,""loss"":""l2"",""model_lr"":0.001,""seed"":0,""steps"":1,""task"":""image"",""total_steps"":1}","{""flip-evaluator"":""1.7"",""lpips"":""0.1.4"",""torch"":""2.10.0+rocm7.0"",""torchmetrics"":""1.9.0""}",smoke_not_paper_comparable
smoke,smoke,kodim16,768,512,Grid,0,flip,0.8200262188911438,426496,9667,436163,2.704603554175847,1.8218627920141444,2,4,9004fe2240b9e84c55ae641ba78c0ad5f83398a6,True,/home/aup/yy/workspace/peps/configs/paper/image_repro_smoke.toml,"{""batch_size"":512,""checkpoint_every"":1,""cosine"":true,""encoder_lr"":0.1,""log_every"":1,""loss"":""l2"",""model_lr"":0.001,""seed"":0,""steps"":1,""task"":""image"",""total_steps"":1}","{""flip-evaluator"":""1.7"",""lpips"":""0.1.4"",""torch"":""2.10.0+rocm7.0"",""torchmetrics"":""1.9.0""}",smoke_not_paper_comparable
smoke,smoke,kodim16,768,512,Grid,0,lpips,0.9205126762390137,426496,9667,436163,2.704603554175847,1.8218627920141444,2,4,9004fe2240b9e84c55ae641ba78c0ad5f83398a6,True,/home/aup/yy/workspace/peps/configs/paper/image_repro_smoke.toml,"{""batch_size"":512,""checkpoint_every"":1,""cosine"":true,""encoder_lr"":0.1,""log_every"":1,""loss"":""l2"",""model_lr"":0.001,""seed"":0,""steps"":1,""task"":""image"",""total_steps"":1}","{""flip-evaluator"":""1.7"",""lpips"":""0.1.4"",""torch"":""2.10.0+rocm7.0"",""torchmetrics"":""1.9.0""}",smoke_not_paper_comparable
smoke,smoke,kodim16,768,512,Grid,0,lsd,0.06353742736576504,426496,9667,436163,2.704603554175847,1.8218627920141444,2,4,9004fe2240b9e84c55ae641ba78c0ad5f83398a6,True,/home/aup/yy/workspace/peps/configs/paper/image_repro_smoke.toml,"{""batch_size"":512,""checkpoint_every"":1,""cosine"":true,""encoder_lr"":0.1,""log_every"":1,""loss"":""l2"",""model_lr"":0.001,""seed"":0,""steps"":1,""task"":""image"",""total_steps"":1}","{""flip-evaluator"":""1.7"",""lpips"":""0.1.4"",""torch"":""2.10.0+rocm7.0"",""torchmetrics"":""1.9.0""}",smoke_not_paper_comparable
smoke,smoke,kodim16,768,512,Grid,0,psnr,6.50675454808341,426496,9667,436163,2.704603554175847,1.8218627920141444,2,4,9004fe2240b9e84c55ae641ba78c0ad5f83398a6,True,/home/aup/yy/workspace/peps/configs/paper/image_repro_smoke.toml,"{""batch_size"":512,""checkpoint_every"":1,""cosine"":true,""encoder_lr"":0.1,""log_every"":1,""loss"":""l2"",""model_lr"":0.001,""seed"":0,""steps"":1,""task"":""image"",""total_steps"":1}","{""flip-evaluator"":""1.7"",""lpips"":""0.1.4"",""torch"":""2.10.0+rocm7.0"",""torchmetrics"":""1.9.0""}",smoke_not_paper_comparable
smoke,smoke,kodim16,768,512,Grid,0,ssim,-0.10573241859674454,426496,9667,436163,2.704603554175847,1.8218627920141444,2,4,9004fe2240b9e84c55ae641ba78c0ad5f83398a6,True,/home/aup/yy/workspace/peps/configs/paper/image_repro_smoke.toml,"{""batch_size"":512,""checkpoint_every"":1,""cosine"":true,""encoder_lr"":0.1,""log_every"":1,""loss"":""l2"",""model_lr"":0.001,""seed"":0,""steps"":1,""task"":""image"",""total_steps"":1}","{""flip-evaluator"":""1.7"",""lpips"":""0.1.4"",""torch"":""2.10.0+rocm7.0"",""torchmetrics"":""1.9.0""}",smoke_not_paper_comparable
smoke,smoke,kodim16,768,512,G-PEPS,0,flip,0.7381582856178284,426496,16195,442691,2.6647209904877216,5.486229648930021,3,4,9004fe2240b9e84c55ae641ba78c0ad5f83398a6,True,/home/aup/yy/workspace/peps/configs/paper/image_repro_smoke.toml,"{""batch_size"":512,""checkpoint_every"":1,""cosine"":true,""encoder_lr"":0.1,""log_every"":1,""loss"":""l2"",""model_lr"":0.001,""seed"":0,""steps"":1,""task"":""image"",""total_steps"":1}","{""flip-evaluator"":""1.7"",""lpips"":""0.1.4"",""torch"":""2.10.0+rocm7.0"",""torchmetrics"":""1.9.0""}",smoke_not_paper_comparable
smoke,smoke,kodim16,768,512,G-PEPS,0,lpips,0.9195253849029541,426496,16195,442691,2.6647209904877216,5.486229648930021,3,4,9004fe2240b9e84c55ae641ba78c0ad5f83398a6,True,/home/aup/yy/workspace/peps/configs/paper/image_repro_smoke.toml,"{""batch_size"":512,""checkpoint_every"":1,""cosine"":true,""encoder_lr"":0.1,""log_every"":1,""loss"":""l2"",""model_lr"":0.001,""seed"":0,""steps"":1,""task"":""image"",""total_steps"":1}","{""flip-evaluator"":""1.7"",""lpips"":""0.1.4"",""torch"":""2.10.0+rocm7.0"",""torchmetrics"":""1.9.0""}",smoke_not_paper_comparable
smoke,smoke,kodim16,768,512,G-PEPS,0,lsd,0.06334327604933689,426496,16195,442691,2.6647209904877216,5.486229648930021,3,4,9004fe2240b9e84c55ae641ba78c0ad5f83398a6,True,/home/aup/yy/workspace/peps/configs/paper/image_repro_smoke.toml,"{""batch_size"":512,""checkpoint_every"":1,""cosine"":true,""encoder_lr"":0.1,""log_every"":1,""loss"":""l2"",""model_lr"":0.001,""seed"":0,""steps"":1,""task"":""image"",""total_steps"":1}","{""flip-evaluator"":""1.7"",""lpips"":""0.1.4"",""torch"":""2.10.0+rocm7.0"",""torchmetrics"":""1.9.0""}",smoke_not_paper_comparable
smoke,smoke,kodim16,768,512,G-PEPS,0,psnr,7.427611865838514,426496,16195,442691,2.6647209904877216,5.486229648930021,3,4,9004fe2240b9e84c55ae641ba78c0ad5f83398a6,True,/home/aup/yy/workspace/peps/configs/paper/image_repro_smoke.toml,"{""batch_size"":512,""checkpoint_every"":1,""cosine"":true,""encoder_lr"":0.1,""log_every"":1,""loss"":""l2"",""model_lr"":0.001,""seed"":0,""steps"":1,""task"":""image"",""total_steps"":1}","{""flip-evaluator"":""1.7"",""lpips"":""0.1.4"",""torch"":""2.10.0+rocm7.0"",""torchmetrics"":""1.9.0""}",smoke_not_paper_comparable
smoke,smoke,kodim16,768,512,G-PEPS,0,ssim,0.016977543011307716,426496,16195,442691,2.6647209904877216,5.486229648930021,3,4,9004fe2240b9e84c55ae641ba78c0ad5f83398a6,True,/home/aup/yy/workspace/peps/configs/paper/image_repro_smoke.toml,"{""batch_size"":512,""checkpoint_every"":1,""cosine"":true,""encoder_lr"":0.1,""log_every"":1,""loss"":""l2"",""model_lr"":0.001,""seed"":0,""steps"":1,""task"":""image"",""total_steps"":1}","{""flip-evaluator"":""1.7"",""lpips"":""0.1.4"",""torch"":""2.10.0+rocm7.0"",""torchmetrics"":""1.9.0""}",smoke_not_paper_comparable
smoke,smoke,kodim16,768,512,G-P-PEPS,0,flip,0.8066689968109131,426496,11459,437955,2.69353700722677,6.9974842249648646,0,4,9004fe2240b9e84c55ae641ba78c0ad5f83398a6,True,/home/aup/yy/workspace/peps/configs/paper/image_repro_smoke.toml,"{""batch_size"":512,""checkpoint_every"":1,""cosine"":true,""encoder_lr"":0.1,""log_every"":1,""loss"":""l2"",""model_lr"":0.001,""seed"":0,""steps"":1,""task"":""image"",""total_steps"":1}","{""flip-evaluator"":""1.7"",""lpips"":""0.1.4"",""torch"":""2.10.0+rocm7.0"",""torchmetrics"":""1.9.0""}",smoke_not_paper_comparable
smoke,smoke,kodim16,768,512,G-P-PEPS,0,lpips,0.8985574245452881,426496,11459,437955,2.69353700722677,6.9974842249648646,0,4,9004fe2240b9e84c55ae641ba78c0ad5f83398a6,True,/home/aup/yy/workspace/peps/configs/paper/image_repro_smoke.toml,"{""batch_size"":512,""checkpoint_every"":1,""cosine"":true,""encoder_lr"":0.1,""log_every"":1,""loss"":""l2"",""model_lr"":0.001,""seed"":0,""steps"":1,""task"":""image"",""total_steps"":1}","{""flip-evaluator"":""1.7"",""lpips"":""0.1.4"",""torch"":""2.10.0+rocm7.0"",""torchmetrics"":""1.9.0""}",smoke_not_paper_comparable
smoke,smoke,kodim16,768,512,G-P-PEPS,0,lsd,0.06347890264155347,426496,11459,437955,2.69353700722677,6.9974842249648646,0,4,9004fe2240b9e84c55ae641ba78c0ad5f83398a6,True,/home/aup/yy/workspace/peps/configs/paper/image_repro_smoke.toml,"{""batch_size"":512,""checkpoint_every"":1,""cosine"":true,""encoder_lr"":0.1,""log_every"":1,""loss"":""l2"",""model_lr"":0.001,""seed"":0,""steps"":1,""task"":""image"",""total_steps"":1}","{""flip-evaluator"":""1.7"",""lpips"":""0.1.4"",""torch"":""2.10.0+rocm7.0"",""torchmetrics"":""1.9.0""}",smoke_not_paper_comparable
smoke,smoke,kodim16,768,512,G-P-PEPS,0,psnr,7.563981216989016,426496,11459,437955,2.69353700722677,6.9974842249648646,0,4,9004fe2240b9e84c55ae641ba78c0ad5f83398a6,True,/home/aup/yy/workspace/peps/configs/paper/image_repro_smoke.toml,"{""batch_size"":512,""checkpoint_every"":1,""cosine"":true,""encoder_lr"":0.1,""log_every"":1,""loss"":""l2"",""model_lr"":0.001,""seed"":0,""steps"":1,""task"":""image"",""total_steps"":1}","{""flip-evaluator"":""1.7"",""lpips"":""0.1.4"",""torch"":""2.10.0+rocm7.0"",""torchmetrics"":""1.9.0""}",smoke_not_paper_comparable
smoke,smoke,kodim16,768,512,G-P-PEPS,0,ssim,0.04396766424179077,426496,11459,437955,2.69353700722677,6.9974842249648646,0,4,9004fe2240b9e84c55ae641ba78c0ad5f83398a6,True,/home/aup/yy/workspace/peps/configs/paper/image_repro_smoke.toml,"{""batch_size"":512,""checkpoint_every"":1,""cosine"":true,""encoder_lr"":0.1,""log_every"":1,""loss"":""l2"",""model_lr"":0.001,""seed"":0,""steps"":1,""task"":""image"",""total_steps"":1}","{""flip-evaluator"":""1.7"",""lpips"":""0.1.4"",""torch"":""2.10.0+rocm7.0"",""torchmetrics"":""1.9.0""}",smoke_not_paper_comparable
smoke,smoke,kodim16,768,512,NTC_PEPS,0,flip,0.7815127968788147,417792,39811,457603,2.577885197430961,7.461454578093253,1,4,9004fe2240b9e84c55ae641ba78c0ad5f83398a6,True,/home/aup/yy/workspace/peps/configs/paper/image_repro_smoke.toml,"{""batch_size"":512,""checkpoint_every"":1,""cosine"":true,""encoder_lr"":0.1,""log_every"":1,""loss"":""l2"",""model_lr"":0.001,""seed"":0,""steps"":1,""task"":""image"",""total_steps"":1}","{""flip-evaluator"":""1.7"",""lpips"":""0.1.4"",""torch"":""2.10.0+rocm7.0"",""torchmetrics"":""1.9.0""}",smoke_not_paper_comparable
smoke,smoke,kodim16,768,512,NTC_PEPS,0,lpips,0.9093306660652161,417792,39811,457603,2.577885197430961,7.461454578093253,1,4,9004fe2240b9e84c55ae641ba78c0ad5f83398a6,True,/home/aup/yy/workspace/peps/configs/paper/image_repro_smoke.toml,"{""batch_size"":512,""checkpoint_every"":1,""cosine"":true,""encoder_lr"":0.1,""log_every"":1,""loss"":""l2"",""model_lr"":0.001,""seed"":0,""steps"":1,""task"":""image"",""total_steps"":1}","{""flip-evaluator"":""1.7"",""lpips"":""0.1.4"",""torch"":""2.10.0+rocm7.0"",""torchmetrics"":""1.9.0""}",smoke_not_paper_comparable
smoke,smoke,kodim16,768,512,NTC_PEPS,0,lsd,0.06280500307635886,417792,39811,457603,2.577885197430961,7.461454578093253,1,4,9004fe2240b9e84c55ae641ba78c0ad5f83398a6,True,/home/aup/yy/workspace/peps/configs/paper/image_repro_smoke.toml,"{""batch_size"":512,""checkpoint_every"":1,""cosine"":true,""encoder_lr"":0.1,""log_every"":1,""loss"":""l2"",""model_lr"":0.001,""seed"":0,""steps"":1,""task"":""image"",""total_steps"":1}","{""flip-evaluator"":""1.7"",""lpips"":""0.1.4"",""torch"":""2.10.0+rocm7.0"",""torchmetrics"":""1.9.0""}",smoke_not_paper_comparable
smoke,smoke,kodim16,768,512,NTC_PEPS,0,psnr,8.954778107912716,417792,39811,457603,2.577885197430961,7.461454578093253,1,4,9004fe2240b9e84c55ae641ba78c0ad5f83398a6,True,/home/aup/yy/workspace/peps/configs/paper/image_repro_smoke.toml,"{""batch_size"":512,""checkpoint_every"":1,""cosine"":true,""encoder_lr"":0.1,""log_every"":1,""loss"":""l2"",""model_lr"":0.001,""seed"":0,""steps"":1,""task"":""image"",""total_steps"":1}","{""flip-evaluator"":""1.7"",""lpips"":""0.1.4"",""torch"":""2.10.0+rocm7.0"",""torchmetrics"":""1.9.0""}",smoke_not_paper_comparable
smoke,smoke,kodim16,768,512,NTC_PEPS,0,ssim,0.24514320492744446,417792,39811,457603,2.577885197430961,7.461454578093253,1,4,9004fe2240b9e84c55ae641ba78c0ad5f83398a6,True,/home/aup/yy/workspace/peps/configs/paper/image_repro_smoke.toml,"{""batch_size"":512,""checkpoint_every"":1,""cosine"":true,""encoder_lr"":0.1,""log_every"":1,""loss"":""l2"",""model_lr"":0.001,""seed"":0,""steps"":1,""task"":""image"",""total_steps"":1}","{""flip-evaluator"":""1.7"",""lpips"":""0.1.4"",""torch"":""2.10.0+rocm7.0"",""torchmetrics"":""1.9.0""}",smoke_not_paper_comparable
smoke,smoke,kodim16,768,512,NTC_PinkPEPS,0,flip,0.8031275272369385,417792,21251,439043,2.6868621069006906,4.8239256229717284,2,4,9004fe2240b9e84c55ae641ba78c0ad5f83398a6,True,/home/aup/yy/workspace/peps/configs/paper/image_repro_smoke.toml,"{""batch_size"":512,""checkpoint_every"":1,""cosine"":true,""encoder_lr"":0.1,""log_every"":1,""loss"":""l2"",""model_lr"":0.001,""seed"":0,""steps"":1,""task"":""image"",""total_steps"":1}","{""flip-evaluator"":""1.7"",""lpips"":""0.1.4"",""torch"":""2.10.0+rocm7.0"",""torchmetrics"":""1.9.0""}",smoke_not_paper_comparable
smoke,smoke,kodim16,768,512,NTC_PinkPEPS,0,lpips,0.9021869897842407,417792,21251,439043,2.6868621069006906,4.8239256229717284,2,4,9004fe2240b9e84c55ae641ba78c0ad5f83398a6,True,/home/aup/yy/workspace/peps/configs/paper/image_repro_smoke.toml,"{""batch_size"":512,""checkpoint_every"":1,""cosine"":true,""encoder_lr"":0.1,""log_every"":1,""loss"":""l2"",""model_lr"":0.001,""seed"":0,""steps"":1,""task"":""image"",""total_steps"":1}","{""flip-evaluator"":""1.7"",""lpips"":""0.1.4"",""torch"":""2.10.0+rocm7.0"",""torchmetrics"":""1.9.0""}",smoke_not_paper_comparable
smoke,smoke,kodim16,768,512,NTC_PinkPEPS,0,lsd,0.06303752612362785,417792,21251,439043,2.6868621069006906,4.8239256229717284,2,4,9004fe2240b9e84c55ae641ba78c0ad5f83398a6,True,/home/aup/yy/workspace/peps/configs/paper/image_repro_smoke.toml,"{""batch_size"":512,""checkpoint_every"":1,""cosine"":true,""encoder_lr"":0.1,""log_every"":1,""loss"":""l2"",""model_lr"":0.001,""seed"":0,""steps"":1,""task"":""image"",""total_steps"":1}","{""flip-evaluator"":""1.7"",""lpips"":""0.1.4"",""torch"":""2.10.0+rocm7.0"",""torchmetrics"":""1.9.0""}",smoke_not_paper_comparable
smoke,smoke,kodim16,768,512,NTC_PinkPEPS,0,psnr,7.302738169472189,417792,21251,439043,2.6868621069006906,4.8239256229717284,2,4,9004fe2240b9e84c55ae641ba78c0ad5f83398a6,True,/home/aup/yy/workspace/peps/configs/paper/image_repro_smoke.toml,"{""batch_size"":512,""checkpoint_every"":1,""cosine"":true,""encoder_lr"":0.1,""log_every"":1,""loss"":""l2"",""model_lr"":0.001,""seed"":0,""steps"":1,""task"":""image"",""total_steps"":1}","{""flip-evaluator"":""1.7"",""lpips"":""0.1.4"",""torch"":""2.10.0+rocm7.0"",""torchmetrics"":""1.9.0""}",smoke_not_paper_comparable
smoke,smoke,kodim16,768,512,NTC_PinkPEPS,0,ssim,0.007409405428916216,417792,21251,439043,2.6868621069006906,4.8239256229717284,2,4,9004fe2240b9e84c55ae641ba78c0ad5f83398a6,True,/home/aup/yy/workspace/peps/configs/paper/image_repro_smoke.toml,"{""batch_size"":512,""checkpoint_every"":1,""cosine"":true,""encoder_lr"":0.1,""log_every"":1,""loss"":""l2"",""model_lr"":0.001,""seed"":0,""steps"":1,""task"":""image"",""total_steps"":1}","{""flip-evaluator"":""1.7"",""lpips"":""0.1.4"",""torch"":""2.10.0+rocm7.0"",""torchmetrics"":""1.9.0""}",smoke_not_paper_comparable
smoke,smoke,kodim16,768,512,G-P-PEPS-25,0,flip,0.8101833462715149,326144,10691,336835,3.5021538735582705,3.005818211939186,3,4,9004fe2240b9e84c55ae641ba78c0ad5f83398a6,True,/home/aup/yy/workspace/peps/configs/paper/image_repro_smoke.toml,"{""batch_size"":512,""checkpoint_every"":1,""cosine"":true,""encoder_lr"":0.1,""log_every"":1,""loss"":""l2"",""model_lr"":0.001,""seed"":0,""steps"":1,""task"":""image"",""total_steps"":1}","{""flip-evaluator"":""1.7"",""lpips"":""0.1.4"",""torch"":""2.10.0+rocm7.0"",""torchmetrics"":""1.9.0""}",smoke_not_paper_comparable
smoke,smoke,kodim16,768,512,G-P-PEPS-25,0,lpips,0.9050719738006592,326144,10691,336835,3.5021538735582705,3.005818211939186,3,4,9004fe2240b9e84c55ae641ba78c0ad5f83398a6,True,/home/aup/yy/workspace/peps/configs/paper/image_repro_smoke.toml,"{""batch_size"":512,""checkpoint_every"":1,""cosine"":true,""encoder_lr"":0.1,""log_every"":1,""loss"":""l2"",""model_lr"":0.001,""seed"":0,""steps"":1,""task"":""image"",""total_steps"":1}","{""flip-evaluator"":""1.7"",""lpips"":""0.1.4"",""torch"":""2.10.0+rocm7.0"",""torchmetrics"":""1.9.0""}",smoke_not_paper_comparable
smoke,smoke,kodim16,768,512,G-P-PEPS-25,0,lsd,0.06358526347896748,326144,10691,336835,3.5021538735582705,3.005818211939186,3,4,9004fe2240b9e84c55ae641ba78c0ad5f83398a6,True,/home/aup/yy/workspace/peps/configs/paper/image_repro_smoke.toml,"{""batch_size"":512,""checkpoint_every"":1,""cosine"":true,""encoder_lr"":0.1,""log_every"":1,""loss"":""l2"",""model_lr"":0.001,""seed"":0,""steps"":1,""task"":""image"",""total_steps"":1}","{""flip-evaluator"":""1.7"",""lpips"":""0.1.4"",""torch"":""2.10.0+rocm7.0"",""torchmetrics"":""1.9.0""}",smoke_not_paper_comparable
smoke,smoke,kodim16,768,512,G-P-PEPS-25,0,psnr,7.665670658142857,326144,10691,336835,3.5021538735582705,3.005818211939186,3,4,9004fe2240b9e84c55ae641ba78c0ad5f83398a6,True,/home/aup/yy/workspace/peps/configs/paper/image_repro_smoke.toml,"{""batch_size"":512,""checkpoint_every"":1,""cosine"":true,""encoder_lr"":0.1,""log_every"":1,""loss"":""l2"",""model_lr"":0.001,""seed"":0,""steps"":1,""task"":""image"",""total_steps"":1}","{""flip-evaluator"":""1.7"",""lpips"":""0.1.4"",""torch"":""2.10.0+rocm7.0"",""torchmetrics"":""1.9.0""}",smoke_not_paper_comparable
smoke,smoke,kodim16,768,512,G-P-PEPS-25,0,ssim,0.06351803243160248,326144,10691,336835,3.5021538735582705,3.005818211939186,3,4,9004fe2240b9e84c55ae641ba78c0ad5f83398a6,True,/home/aup/yy/workspace/peps/configs/paper/image_repro_smoke.toml,"{""batch_size"":512,""checkpoint_every"":1,""cosine"":true,""encoder_lr"":0.1,""log_every"":1,""loss"":""l2"",""model_lr"":0.001,""seed"":0,""steps"":1,""task"":""image"",""total_steps"":1}","{""flip-evaluator"":""1.7"",""lpips"":""0.1.4"",""torch"":""2.10.0+rocm7.0"",""torchmetrics"":""1.9.0""}",smoke_not_paper_comparable
smoke,smoke,kodim17,512,768,PE,0,flip,0.6379402279853821,0,194403,194403,6.068054505331708,3.934894646052271,0,4,9004fe2240b9e84c55ae641ba78c0ad5f83398a6,True,/home/aup/yy/workspace/peps/configs/paper/image_repro_smoke.toml,"{""batch_size"":512,""checkpoint_every"":1,""cosine"":true,""encoder_lr"":0.1,""log_every"":1,""loss"":""l2"",""model_lr"":0.001,""seed"":0,""steps"":1,""task"":""image"",""total_steps"":1}","{""flip-evaluator"":""1.7"",""lpips"":""0.1.4"",""torch"":""2.10.0+rocm7.0"",""torchmetrics"":""1.9.0""}",smoke_not_paper_comparable
smoke,smoke,kodim17,512,768,PE,0,lpips,0.9230351448059082,0,194403,194403,6.068054505331708,3.934894646052271,0,4,9004fe2240b9e84c55ae641ba78c0ad5f83398a6,True,/home/aup/yy/workspace/peps/configs/paper/image_repro_smoke.toml,"{""batch_size"":512,""checkpoint_every"":1,""cosine"":true,""encoder_lr"":0.1,""log_every"":1,""loss"":""l2"",""model_lr"":0.001,""seed"":0,""steps"":1,""task"":""image"",""total_steps"":1}","{""flip-evaluator"":""1.7"",""lpips"":""0.1.4"",""torch"":""2.10.0+rocm7.0"",""torchmetrics"":""1.9.0""}",smoke_not_paper_comparable
smoke,smoke,kodim17,512,768,PE,0,lsd,0.07763191852388439,0,194403,194403,6.068054505331708,3.934894646052271,0,4,9004fe2240b9e84c55ae641ba78c0ad5f83398a6,True,/home/aup/yy/workspace/peps/configs/paper/image_repro_smoke.toml,"{""batch_size"":512,""checkpoint_every"":1,""cosine"":true,""encoder_lr"":0.1,""log_every"":1,""loss"":""l2"",""model_lr"":0.001,""seed"":0,""steps"":1,""task"":""image"",""total_steps"":1}","{""flip-evaluator"":""1.7"",""lpips"":""0.1.4"",""torch"":""2.10.0+rocm7.0"",""torchmetrics"":""1.9.0""}",smoke_not_paper_comparable
smoke,smoke,kodim17,512,768,PE,0,psnr,9.124008930707637,0,194403,194403,6.068054505331708,3.934894646052271,0,4,9004fe2240b9e84c55ae641ba78c0ad5f83398a6,True,/home/aup/yy/workspace/peps/configs/paper/image_repro_smoke.toml,"{""batch_size"":512,""checkpoint_every"":1,""cosine"":true,""encoder_lr"":0.1,""log_every"":1,""loss"":""l2"",""model_lr"":0.001,""seed"":0,""steps"":1,""task"":""image"",""total_steps"":1}","{""flip-evaluator"":""1.7"",""lpips"":""0.1.4"",""torch"":""2.10.0+rocm7.0"",""torchmetrics"":""1.9.0""}",smoke_not_paper_comparable
smoke,smoke,kodim17,512,768,PE,0,ssim,0.01483464241027832,0,194403,194403,6.068054505331708,3.934894646052271,0,4,9004fe2240b9e84c55ae641ba78c0ad5f83398a6,True,/home/aup/yy/workspace/peps/configs/paper/image_repro_smoke.toml,"{""batch_size"":512,""checkpoint_every"":1,""cosine"":true,""encoder_lr"":0.1,""log_every"":1,""loss"":""l2"",""model_lr"":0.001,""seed"":0,""steps"":1,""task"":""image"",""total_steps"":1}","{""flip-evaluator"":""1.7"",""lpips"":""0.1.4"",""torch"":""2.10.0+rocm7.0"",""torchmetrics"":""1.9.0""}",smoke_not_paper_comparable
smoke,smoke,kodim17,512,768,LPE,0,flip,0.6569842100143433,401408,9603,411011,2.870112965346426,4.90152078110259,1,4,9004fe2240b9e84c55ae641ba78c0ad5f83398a6,True,/home/aup/yy/workspace/peps/configs/paper/image_repro_smoke.toml,"{""batch_size"":512,""checkpoint_every"":1,""cosine"":true,""encoder_lr"":0.1,""log_every"":1,""loss"":""l2"",""model_lr"":0.001,""seed"":0,""steps"":1,""task"":""image"",""total_steps"":1}","{""flip-evaluator"":""1.7"",""lpips"":""0.1.4"",""torch"":""2.10.0+rocm7.0"",""torchmetrics"":""1.9.0""}",smoke_not_paper_comparable
smoke,smoke,kodim17,512,768,LPE,0,lpips,0.9147412776947021,401408,9603,411011,2.870112965346426,4.90152078110259,1,4,9004fe2240b9e84c55ae641ba78c0ad5f83398a6,True,/home/aup/yy/workspace/peps/configs/paper/image_repro_smoke.toml,"{""batch_size"":512,""checkpoint_every"":1,""cosine"":true,""encoder_lr"":0.1,""log_every"":1,""loss"":""l2"",""model_lr"":0.001,""seed"":0,""steps"":1,""task"":""image"",""total_steps"":1}","{""flip-evaluator"":""1.7"",""lpips"":""0.1.4"",""torch"":""2.10.0+rocm7.0"",""torchmetrics"":""1.9.0""}",smoke_not_paper_comparable
smoke,smoke,kodim17,512,768,LPE,0,lsd,0.07918692471759632,401408,9603,411011,2.870112965346426,4.90152078110259,1,4,9004fe2240b9e84c55ae641ba78c0ad5f83398a6,True,/home/aup/yy/workspace/peps/configs/paper/image_repro_smoke.toml,"{""batch_size"":512,""checkpoint_every"":1,""cosine"":true,""encoder_lr"":0.1,""log_every"":1,""loss"":""l2"",""model_lr"":0.001,""seed"":0,""steps"":1,""task"":""image"",""total_steps"":1}","{""flip-evaluator"":""1.7"",""lpips"":""0.1.4"",""torch"":""2.10.0+rocm7.0"",""torchmetrics"":""1.9.0""}",smoke_not_paper_comparable
smoke,smoke,kodim17,512,768,LPE,0,psnr,7.959505315923798,401408,9603,411011,2.870112965346426,4.90152078110259,1,4,9004fe2240b9e84c55ae641ba78c0ad5f83398a6,True,/home/aup/yy/workspace/peps/configs/paper/image_repro_smoke.toml,"{""batch_size"":512,""checkpoint_every"":1,""cosine"":true,""encoder_lr"":0.1,""log_every"":1,""loss"":""l2"",""model_lr"":0.001,""seed"":0,""steps"":1,""task"":""image"",""total_steps"":1}","{""flip-evaluator"":""1.7"",""lpips"":""0.1.4"",""torch"":""2.10.0+rocm7.0"",""torchmetrics"":""1.9.0""}",smoke_not_paper_comparable
smoke,smoke,kodim17,512,768,LPE,0,ssim,-0.2752838134765625,401408,9603,411011,2.870112965346426,4.90152078110259,1,4,9004fe2240b9e84c55ae641ba78c0ad5f83398a6,True,/home/aup/yy/workspace/peps/configs/paper/image_repro_smoke.toml,"{""batch_size"":512,""checkpoint_every"":1,""cosine"":true,""encoder_lr"":0.1,""log_every"":1,""loss"":""l2"",""model_lr"":0.001,""seed"":0,""steps"":1,""task"":""image"",""total_steps"":1}","{""flip-evaluator"":""1.7"",""lpips"":""0.1.4"",""torch"":""2.10.0+rocm7.0"",""torchmetrics"":""1.9.0""}",smoke_not_paper_comparable
smoke,smoke,kodim17,512,768,NTC_N,0,flip,0.5999765992164612,417792,13699,431491,2.733887844705915,6.328178217052482,2,4,9004fe2240b9e84c55ae641ba78c0ad5f83398a6,True,/home/aup/yy/workspace/peps/configs/paper/image_repro_smoke.toml,"{""batch_size"":512,""checkpoint_every"":1,""cosine"":true,""encoder_lr"":0.1,""log_every"":1,""loss"":""l2"",""model_lr"":0.001,""seed"":0,""steps"":1,""task"":""image"",""total_steps"":1}","{""flip-evaluator"":""1.7"",""lpips"":""0.1.4"",""torch"":""2.10.0+rocm7.0"",""torchmetrics"":""1.9.0""}",smoke_not_paper_comparable
smoke,smoke,kodim17,512,768,NTC_N,0,lpips,0.8977404832839966,417792,13699,431491,2.733887844705915,6.328178217052482,2,4,9004fe2240b9e84c55ae641ba78c0ad5f83398a6,True,/home/aup/yy/workspace/peps/configs/paper/image_repro_smoke.toml,"{""batch_size"":512,""checkpoint_every"":1,""cosine"":true,""encoder_lr"":0.1,""log_every"":1,""loss"":""l2"",""model_lr"":0.001,""seed"":0,""steps"":1,""task"":""image"",""total_steps"":1}","{""flip-evaluator"":""1.7"",""lpips"":""0.1.4"",""torch"":""2.10.0+rocm7.0"",""torchmetrics"":""1.9.0""}",smoke_not_paper_comparable
smoke,smoke,kodim17,512,768,NTC_N,0,lsd,0.07872991120485334,417792,13699,431491,2.733887844705915,6.328178217052482,2,4,9004fe2240b9e84c55ae641ba78c0ad5f83398a6,True,/home/aup/yy/workspace/peps/configs/paper/image_repro_smoke.toml,"{""batch_size"":512,""checkpoint_every"":1,""cosine"":true,""encoder_lr"":0.1,""log_every"":1,""loss"":""l2"",""model_lr"":0.001,""seed"":0,""steps"":1,""task"":""image"",""total_steps"":1}","{""flip-evaluator"":""1.7"",""lpips"":""0.1.4"",""torch"":""2.10.0+rocm7.0"",""torchmetrics"":""1.9.0""}",smoke_not_paper_comparable
smoke,smoke,kodim17,512,768,NTC_N,0,psnr,9.911515796767114,417792,13699,431491,2.733887844705915,6.328178217052482,2,4,9004fe2240b9e84c55ae641ba78c0ad5f83398a6,True,/home/aup/yy/workspace/peps/configs/paper/image_repro_smoke.toml,"{""batch_size"":512,""checkpoint_every"":1,""cosine"":true,""encoder_lr"":0.1,""log_every"":1,""loss"":""l2"",""model_lr"":0.001,""seed"":0,""steps"":1,""task"":""image"",""total_steps"":1}","{""flip-evaluator"":""1.7"",""lpips"":""0.1.4"",""torch"":""2.10.0+rocm7.0"",""torchmetrics"":""1.9.0""}",smoke_not_paper_comparable
smoke,smoke,kodim17,512,768,NTC_N,0,ssim,0.2625220715999603,417792,13699,431491,2.733887844705915,6.328178217052482,2,4,9004fe2240b9e84c55ae641ba78c0ad5f83398a6,True,/home/aup/yy/workspace/peps/configs/paper/image_repro_smoke.toml,"{""batch_size"":512,""checkpoint_every"":1,""cosine"":true,""encoder_lr"":0.1,""log_every"":1,""loss"":""l2"",""model_lr"":0.001,""seed"":0,""steps"":1,""task"":""image"",""total_steps"":1}","{""flip-evaluator"":""1.7"",""lpips"":""0.1.4"",""torch"":""2.10.0+rocm7.0"",""torchmetrics"":""1.9.0""}",smoke_not_paper_comparable
smoke,smoke,kodim17,512,768,Grid,0,flip,0.6549605131149292,426496,9667,436163,2.704603554175847,7.408889865968376,3,4,9004fe2240b9e84c55ae641ba78c0ad5f83398a6,True,/home/aup/yy/workspace/peps/configs/paper/image_repro_smoke.toml,"{""batch_size"":512,""checkpoint_every"":1,""cosine"":true,""encoder_lr"":0.1,""log_every"":1,""loss"":""l2"",""model_lr"":0.001,""seed"":0,""steps"":1,""task"":""image"",""total_steps"":1}","{""flip-evaluator"":""1.7"",""lpips"":""0.1.4"",""torch"":""2.10.0+rocm7.0"",""torchmetrics"":""1.9.0""}",smoke_not_paper_comparable
smoke,smoke,kodim17,512,768,Grid,0,lpips,0.954753041267395,426496,9667,436163,2.704603554175847,7.408889865968376,3,4,9004fe2240b9e84c55ae641ba78c0ad5f83398a6,True,/home/aup/yy/workspace/peps/configs/paper/image_repro_smoke.toml,"{""batch_size"":512,""checkpoint_every"":1,""cosine"":true,""encoder_lr"":0.1,""log_every"":1,""loss"":""l2"",""model_lr"":0.001,""seed"":0,""steps"":1,""task"":""image"",""total_steps"":1}","{""flip-evaluator"":""1.7"",""lpips"":""0.1.4"",""torch"":""2.10.0+rocm7.0"",""torchmetrics"":""1.9.0""}",smoke_not_paper_comparable
smoke,smoke,kodim17,512,768,Grid,0,lsd,0.07884000271131009,426496,9667,436163,2.704603554175847,7.408889865968376,3,4,9004fe2240b9e84c55ae641ba78c0ad5f83398a6,True,/home/aup/yy/workspace/peps/configs/paper/image_repro_smoke.toml,"{""batch_size"":512,""checkpoint_every"":1,""cosine"":true,""encoder_lr"":0.1,""log_every"":1,""loss"":""l2"",""model_lr"":0.001,""seed"":0,""steps"":1,""task"":""image"",""total_steps"":1}","{""flip-evaluator"":""1.7"",""lpips"":""0.1.4"",""torch"":""2.10.0+rocm7.0"",""torchmetrics"":""1.9.0""}",smoke_not_paper_comparable
smoke,smoke,kodim17,512,768,Grid,0,psnr,8.095208570051787,426496,9667,436163,2.704603554175847,7.408889865968376,3,4,9004fe2240b9e84c55ae641ba78c0ad5f83398a6,True,/home/aup/yy/workspace/peps/configs/paper/image_repro_smoke.toml,"{""batch_size"":512,""checkpoint_every"":1,""cosine"":true,""encoder_lr"":0.1,""log_every"":1,""loss"":""l2"",""model_lr"":0.001,""seed"":0,""steps"":1,""task"":""image"",""total_steps"":1}","{""flip-evaluator"":""1.7"",""lpips"":""0.1.4"",""torch"":""2.10.0+rocm7.0"",""torchmetrics"":""1.9.0""}",smoke_not_paper_comparable
smoke,smoke,kodim17,512,768,Grid,0,ssim,-0.14351467788219452,426496,9667,436163,2.704603554175847,7.408889865968376,3,4,9004fe2240b9e84c55ae641ba78c0ad5f83398a6,True,/home/aup/yy/workspace/peps/configs/paper/image_repro_smoke.toml,"{""batch_size"":512,""checkpoint_every"":1,""cosine"":true,""encoder_lr"":0.1,""log_every"":1,""loss"":""l2"",""model_lr"":0.001,""seed"":0,""steps"":1,""task"":""image"",""total_steps"":1}","{""flip-evaluator"":""1.7"",""lpips"":""0.1.4"",""torch"":""2.10.0+rocm7.0"",""torchmetrics"":""1.9.0""}",smoke_not_paper_comparable
smoke,smoke,kodim17,512,768,G-PEPS,0,flip,0.5900645852088928,426496,16195,442691,2.6647209904877216,6.227840592968278,0,4,9004fe2240b9e84c55ae641ba78c0ad5f83398a6,True,/home/aup/yy/workspace/peps/configs/paper/image_repro_smoke.toml,"{""batch_size"":512,""checkpoint_every"":1,""cosine"":true,""encoder_lr"":0.1,""log_every"":1,""loss"":""l2"",""model_lr"":0.001,""seed"":0,""steps"":1,""task"":""image"",""total_steps"":1}","{""flip-evaluator"":""1.7"",""lpips"":""0.1.4"",""torch"":""2.10.0+rocm7.0"",""torchmetrics"":""1.9.0""}",smoke_not_paper_comparable
smoke,smoke,kodim17,512,768,G-PEPS,0,lpips,1.0095584392547607,426496,16195,442691,2.6647209904877216,6.227840592968278,0,4,9004fe2240b9e84c55ae641ba78c0ad5f83398a6,True,/home/aup/yy/workspace/peps/configs/paper/image_repro_smoke.toml,"{""batch_size"":512,""checkpoint_every"":1,""cosine"":true,""encoder_lr"":0.1,""log_every"":1,""loss"":""l2"",""model_lr"":0.001,""seed"":0,""steps"":1,""task"":""image"",""total_steps"":1}","{""flip-evaluator"":""1.7"",""lpips"":""0.1.4"",""torch"":""2.10.0+rocm7.0"",""torchmetrics"":""1.9.0""}",smoke_not_paper_comparable
smoke,smoke,kodim17,512,768,G-PEPS,0,lsd,0.07876612261221487,426496,16195,442691,2.6647209904877216,6.227840592968278,0,4,9004fe2240b9e84c55ae641ba78c0ad5f83398a6,True,/home/aup/yy/workspace/peps/configs/paper/image_repro_smoke.toml,"{""batch_size"":512,""checkpoint_every"":1,""cosine"":true,""encoder_lr"":0.1,""log_every"":1,""loss"":""l2"",""model_lr"":0.001,""seed"":0,""steps"":1,""task"":""image"",""total_steps"":1}","{""flip-evaluator"":""1.7"",""lpips"":""0.1.4"",""torch"":""2.10.0+rocm7.0"",""torchmetrics"":""1.9.0""}",smoke_not_paper_comparable
smoke,smoke,kodim17,512,768,G-PEPS,0,psnr,9.061773267909384,426496,16195,442691,2.6647209904877216,6.227840592968278,0,4,9004fe2240b9e84c55ae641ba78c0ad5f83398a6,True,/home/aup/yy/workspace/peps/configs/paper/image_repro_smoke.toml,"{""batch_size"":512,""checkpoint_every"":1,""cosine"":true,""encoder_lr"":0.1,""log_every"":1,""loss"":""l2"",""model_lr"":0.001,""seed"":0,""steps"":1,""task"":""image"",""total_steps"":1}","{""flip-evaluator"":""1.7"",""lpips"":""0.1.4"",""torch"":""2.10.0+rocm7.0"",""torchmetrics"":""1.9.0""}",smoke_not_paper_comparable
smoke,smoke,kodim17,512,768,G-PEPS,0,ssim,-0.037617962807416916,426496,16195,442691,2.6647209904877216,6.227840592968278,0,4,9004fe2240b9e84c55ae641ba78c0ad5f83398a6,True,/home/aup/yy/workspace/peps/configs/paper/image_repro_smoke.toml,"{""batch_size"":512,""checkpoint_every"":1,""cosine"":true,""encoder_lr"":0.1,""log_every"":1,""loss"":""l2"",""model_lr"":0.001,""seed"":0,""steps"":1,""task"":""image"",""total_steps"":1}","{""flip-evaluator"":""1.7"",""lpips"":""0.1.4"",""torch"":""2.10.0+rocm7.0"",""torchmetrics"":""1.9.0""}",smoke_not_paper_comparable
smoke,smoke,kodim17,512,768,G-P-PEPS,0,flip,0.634921133518219,426496,11459,437955,2.69353700722677,2.018303703982383,1,4,9004fe2240b9e84c55ae641ba78c0ad5f83398a6,True,/home/aup/yy/workspace/peps/configs/paper/image_repro_smoke.toml,"{""batch_size"":512,""checkpoint_every"":1,""cosine"":true,""encoder_lr"":0.1,""log_every"":1,""loss"":""l2"",""model_lr"":0.001,""seed"":0,""steps"":1,""task"":""image"",""total_steps"":1}","{""flip-evaluator"":""1.7"",""lpips"":""0.1.4"",""torch"":""2.10.0+rocm7.0"",""torchmetrics"":""1.9.0""}",smoke_not_paper_comparable
smoke,smoke,kodim17,512,768,G-P-PEPS,0,lpips,0.9036506414413452,426496,11459,437955,2.69353700722677,2.018303703982383,1,4,9004fe2240b9e84c55ae641ba78c0ad5f83398a6,True,/home/aup/yy/workspace/peps/configs/paper/image_repro_smoke.toml,"{""batch_size"":512,""checkpoint_every"":1,""cosine"":true,""encoder_lr"":0.1,""log_every"":1,""loss"":""l2"",""model_lr"":0.001,""seed"":0,""steps"":1,""task"":""image"",""total_steps"":1}","{""flip-evaluator"":""1.7"",""lpips"":""0.1.4"",""torch"":""2.10.0+rocm7.0"",""torchmetrics"":""1.9.0""}",smoke_not_paper_comparable
smoke,smoke,kodim17,512,768,G-P-PEPS,0,lsd,0.07885456017515179,426496,11459,437955,2.69353700722677,2.018303703982383,1,4,9004fe2240b9e84c55ae641ba78c0ad5f83398a6,True,/home/aup/yy/workspace/peps/configs/paper/image_repro_smoke.toml,"{""batch_size"":512,""checkpoint_every"":1,""cosine"":true,""encoder_lr"":0.1,""log_every"":1,""loss"":""l2"",""model_lr"":0.001,""seed"":0,""steps"":1,""task"":""image"",""total_steps"":1}","{""flip-evaluator"":""1.7"",""lpips"":""0.1.4"",""torch"":""2.10.0+rocm7.0"",""torchmetrics"":""1.9.0""}",smoke_not_paper_comparable
smoke,smoke,kodim17,512,768,G-P-PEPS,0,psnr,9.31338638232161,426496,11459,437955,2.69353700722677,2.018303703982383,1,4,9004fe2240b9e84c55ae641ba78c0ad5f83398a6,True,/home/aup/yy/workspace/peps/configs/paper/image_repro_smoke.toml,"{""batch_size"":512,""checkpoint_every"":1,""cosine"":true,""encoder_lr"":0.1,""log_every"":1,""loss"":""l2"",""model_lr"":0.001,""seed"":0,""steps"":1,""task"":""image"",""total_steps"":1}","{""flip-evaluator"":""1.7"",""lpips"":""0.1.4"",""torch"":""2.10.0+rocm7.0"",""torchmetrics"":""1.9.0""}",smoke_not_paper_comparable
smoke,smoke,kodim17,512,768,G-P-PEPS,0,ssim,0.10866709798574448,426496,11459,437955,2.69353700722677,2.018303703982383,1,4,9004fe2240b9e84c55ae641ba78c0ad5f83398a6,True,/home/aup/yy/workspace/peps/configs/paper/image_repro_smoke.toml,"{""batch_size"":512,""checkpoint_every"":1,""cosine"":true,""encoder_lr"":0.1,""log_every"":1,""loss"":""l2"",""model_lr"":0.001,""seed"":0,""steps"":1,""task"":""image"",""total_steps"":1}","{""flip-evaluator"":""1.7"",""lpips"":""0.1.4"",""torch"":""2.10.0+rocm7.0"",""torchmetrics"":""1.9.0""}",smoke_not_paper_comparable
smoke,smoke,kodim17,512,768,NTC_PEPS,0,flip,0.603721559047699,417792,39811,457603,2.577885197430961,4.134657726972364,2,4,9004fe2240b9e84c55ae641ba78c0ad5f83398a6,True,/home/aup/yy/workspace/peps/configs/paper/image_repro_smoke.toml,"{""batch_size"":512,""checkpoint_every"":1,""cosine"":true,""encoder_lr"":0.1,""log_every"":1,""loss"":""l2"",""model_lr"":0.001,""seed"":0,""steps"":1,""task"":""image"",""total_steps"":1}","{""flip-evaluator"":""1.7"",""lpips"":""0.1.4"",""torch"":""2.10.0+rocm7.0"",""torchmetrics"":""1.9.0""}",smoke_not_paper_comparable
smoke,smoke,kodim17,512,768,NTC_PEPS,0,lpips,0.9374419450759888,417792,39811,457603,2.577885197430961,4.134657726972364,2,4,9004fe2240b9e84c55ae641ba78c0ad5f83398a6,True,/home/aup/yy/workspace/peps/configs/paper/image_repro_smoke.toml,"{""batch_size"":512,""checkpoint_every"":1,""cosine"":true,""encoder_lr"":0.1,""log_every"":1,""loss"":""l2"",""model_lr"":0.001,""seed"":0,""steps"":1,""task"":""image"",""total_steps"":1}","{""flip-evaluator"":""1.7"",""lpips"":""0.1.4"",""torch"":""2.10.0+rocm7.0"",""torchmetrics"":""1.9.0""}",smoke_not_paper_comparable
smoke,smoke,kodim17,512,768,NTC_PEPS,0,lsd,0.07828374604374251,417792,39811,457603,2.577885197430961,4.134657726972364,2,4,9004fe2240b9e84c55ae641ba78c0ad5f83398a6,True,/home/aup/yy/workspace/peps/configs/paper/image_repro_smoke.toml,"{""batch_size"":512,""checkpoint_every"":1,""cosine"":true,""encoder_lr"":0.1,""log_every"":1,""loss"":""l2"",""model_lr"":0.001,""seed"":0,""steps"":1,""task"":""image"",""total_steps"":1}","{""flip-evaluator"":""1.7"",""lpips"":""0.1.4"",""torch"":""2.10.0+rocm7.0"",""torchmetrics"":""1.9.0""}",smoke_not_paper_comparable
smoke,smoke,kodim17,512,768,NTC_PEPS,0,psnr,10.825996005730655,417792,39811,457603,2.577885197430961,4.134657726972364,2,4,9004fe2240b9e84c55ae641ba78c0ad5f83398a6,True,/home/aup/yy/workspace/peps/configs/paper/image_repro_smoke.toml,"{""batch_size"":512,""checkpoint_every"":1,""cosine"":true,""encoder_lr"":0.1,""log_every"":1,""loss"":""l2"",""model_lr"":0.001,""seed"":0,""steps"":1,""task"":""image"",""total_steps"":1}","{""flip-evaluator"":""1.7"",""lpips"":""0.1.4"",""torch"":""2.10.0+rocm7.0"",""torchmetrics"":""1.9.0""}",smoke_not_paper_comparable
smoke,smoke,kodim17,512,768,NTC_PEPS,0,ssim,0.33863651752471924,417792,39811,457603,2.577885197430961,4.134657726972364,2,4,9004fe2240b9e84c55ae641ba78c0ad5f83398a6,True,/home/aup/yy/workspace/peps/configs/paper/image_repro_smoke.toml,"{""batch_size"":512,""checkpoint_every"":1,""cosine"":true,""encoder_lr"":0.1,""log_every"":1,""loss"":""l2"",""model_lr"":0.001,""seed"":0,""steps"":1,""task"":""image"",""total_steps"":1}","{""flip-evaluator"":""1.7"",""lpips"":""0.1.4"",""torch"":""2.10.0+rocm7.0"",""torchmetrics"":""1.9.0""}",smoke_not_paper_comparable
smoke,smoke,kodim17,512,768,NTC_PinkPEPS,0,flip,0.6305354237556458,417792,21251,439043,2.6868621069006906,4.2135993640404195,3,4,9004fe2240b9e84c55ae641ba78c0ad5f83398a6,True,/home/aup/yy/workspace/peps/configs/paper/image_repro_smoke.toml,"{""batch_size"":512,""checkpoint_every"":1,""cosine"":true,""encoder_lr"":0.1,""log_every"":1,""loss"":""l2"",""model_lr"":0.001,""seed"":0,""steps"":1,""task"":""image"",""total_steps"":1}","{""flip-evaluator"":""1.7"",""lpips"":""0.1.4"",""torch"":""2.10.0+rocm7.0"",""torchmetrics"":""1.9.0""}",smoke_not_paper_comparable
smoke,smoke,kodim17,512,768,NTC_PinkPEPS,0,lpips,0.9636799097061157,417792,21251,439043,2.6868621069006906,4.2135993640404195,3,4,9004fe2240b9e84c55ae641ba78c0ad5f83398a6,True,/home/aup/yy/workspace/peps/configs/paper/image_repro_smoke.toml,"{""batch_size"":512,""checkpoint_every"":1,""cosine"":true,""encoder_lr"":0.1,""log_every"":1,""loss"":""l2"",""model_lr"":0.001,""seed"":0,""steps"":1,""task"":""image"",""total_steps"":1}","{""flip-evaluator"":""1.7"",""lpips"":""0.1.4"",""torch"":""2.10.0+rocm7.0"",""torchmetrics"":""1.9.0""}",smoke_not_paper_comparable
smoke,smoke,kodim17,512,768,NTC_PinkPEPS,0,lsd,0.0784596155107505,417792,21251,439043,2.6868621069006906,4.2135993640404195,3,4,9004fe2240b9e84c55ae641ba78c0ad5f83398a6,True,/home/aup/yy/workspace/peps/configs/paper/image_repro_smoke.toml,"{""batch_size"":512,""checkpoint_every"":1,""cosine"":true,""encoder_lr"":0.1,""log_every"":1,""loss"":""l2"",""model_lr"":0.001,""seed"":0,""steps"":1,""task"":""image"",""total_steps"":1}","{""flip-evaluator"":""1.7"",""lpips"":""0.1.4"",""torch"":""2.10.0+rocm7.0"",""torchmetrics"":""1.9.0""}",smoke_not_paper_comparable
smoke,smoke,kodim17,512,768,NTC_PinkPEPS,0,psnr,8.971476986889641,417792,21251,439043,2.6868621069006906,4.2135993640404195,3,4,9004fe2240b9e84c55ae641ba78c0ad5f83398a6,True,/home/aup/yy/workspace/peps/configs/paper/image_repro_smoke.toml,"{""batch_size"":512,""checkpoint_every"":1,""cosine"":true,""encoder_lr"":0.1,""log_every"":1,""loss"":""l2"",""model_lr"":0.001,""seed"":0,""steps"":1,""task"":""image"",""total_steps"":1}","{""flip-evaluator"":""1.7"",""lpips"":""0.1.4"",""torch"":""2.10.0+rocm7.0"",""torchmetrics"":""1.9.0""}",smoke_not_paper_comparable
smoke,smoke,kodim17,512,768,NTC_PinkPEPS,0,ssim,0.05566436052322388,417792,21251,439043,2.6868621069006906,4.2135993640404195,3,4,9004fe2240b9e84c55ae641ba78c0ad5f83398a6,True,/home/aup/yy/workspace/peps/configs/paper/image_repro_smoke.toml,"{""batch_size"":512,""checkpoint_every"":1,""cosine"":true,""encoder_lr"":0.1,""log_every"":1,""loss"":""l2"",""model_lr"":0.001,""seed"":0,""steps"":1,""task"":""image"",""total_steps"":1}","{""flip-evaluator"":""1.7"",""lpips"":""0.1.4"",""torch"":""2.10.0+rocm7.0"",""torchmetrics"":""1.9.0""}",smoke_not_paper_comparable
smoke,smoke,kodim17,512,768,G-P-PEPS-25,0,flip,0.6399158835411072,326144,10691,336835,3.5021538735582705,4.9677146329777315,0,4,9004fe2240b9e84c55ae641ba78c0ad5f83398a6,True,/home/aup/yy/workspace/peps/configs/paper/image_repro_smoke.toml,"{""batch_size"":512,""checkpoint_every"":1,""cosine"":true,""encoder_lr"":0.1,""log_every"":1,""loss"":""l2"",""model_lr"":0.001,""seed"":0,""steps"":1,""task"":""image"",""total_steps"":1}","{""flip-evaluator"":""1.7"",""lpips"":""0.1.4"",""torch"":""2.10.0+rocm7.0"",""torchmetrics"":""1.9.0""}",smoke_not_paper_comparable
smoke,smoke,kodim17,512,768,G-P-PEPS-25,0,lpips,0.8948289155960083,326144,10691,336835,3.5021538735582705,4.9677146329777315,0,4,9004fe2240b9e84c55ae641ba78c0ad5f83398a6,True,/home/aup/yy/workspace/peps/configs/paper/image_repro_smoke.toml,"{""batch_size"":512,""checkpoint_every"":1,""cosine"":true,""encoder_lr"":0.1,""log_every"":1,""loss"":""l2"",""model_lr"":0.001,""seed"":0,""steps"":1,""task"":""image"",""total_steps"":1}","{""flip-evaluator"":""1.7"",""lpips"":""0.1.4"",""torch"":""2.10.0+rocm7.0"",""torchmetrics"":""1.9.0""}",smoke_not_paper_comparable
smoke,smoke,kodim17,512,768,G-P-PEPS-25,0,lsd,0.07899364418687432,326144,10691,336835,3.5021538735582705,4.9677146329777315,0,4,9004fe2240b9e84c55ae641ba78c0ad5f83398a6,True,/home/aup/yy/workspace/peps/configs/paper/image_repro_smoke.toml,"{""batch_size"":512,""checkpoint_every"":1,""cosine"":true,""encoder_lr"":0.1,""log_every"":1,""loss"":""l2"",""model_lr"":0.001,""seed"":0,""steps"":1,""task"":""image"",""total_steps"":1}","{""flip-evaluator"":""1.7"",""lpips"":""0.1.4"",""torch"":""2.10.0+rocm7.0"",""torchmetrics"":""1.9.0""}",smoke_not_paper_comparable
smoke,smoke,kodim17,512,768,G-P-PEPS-25,0,psnr,9.439590714455168,326144,10691,336835,3.5021538735582705,4.9677146329777315,0,4,9004fe2240b9e84c55ae641ba78c0ad5f83398a6,True,/home/aup/yy/workspace/peps/configs/paper/image_repro_smoke.toml,"{""batch_size"":512,""checkpoint_every"":1,""cosine"":true,""encoder_lr"":0.1,""log_every"":1,""loss"":""l2"",""model_lr"":0.001,""seed"":0,""steps"":1,""task"":""image"",""total_steps"":1}","{""flip-evaluator"":""1.7"",""lpips"":""0.1.4"",""torch"":""2.10.0+rocm7.0"",""torchmetrics"":""1.9.0""}",smoke_not_paper_comparable
smoke,smoke,kodim17,512,768,G-P-PEPS-25,0,ssim,0.14512209594249725,326144,10691,336835,3.5021538735582705,4.9677146329777315,0,4,9004fe2240b9e84c55ae641ba78c0ad5f83398a6,True,/home/aup/yy/workspace/peps/configs/paper/image_repro_smoke.toml,"{""batch_size"":512,""checkpoint_every"":1,""cosine"":true,""encoder_lr"":0.1,""log_every"":1,""loss"":""l2"",""model_lr"":0.001,""seed"":0,""steps"":1,""task"":""image"",""total_steps"":1}","{""flip-evaluator"":""1.7"",""lpips"":""0.1.4"",""torch"":""2.10.0+rocm7.0"",""torchmetrics"":""1.9.0""}",smoke_not_paper_comparable
smoke,smoke,kodim18,512,768,PE,0,flip,0.6829056739807129,0,194403,194403,6.068054505331708,7.4650481881108135,1,4,9004fe2240b9e84c55ae641ba78c0ad5f83398a6,True,/home/aup/yy/workspace/peps/configs/paper/image_repro_smoke.toml,"{""batch_size"":512,""checkpoint_every"":1,""cosine"":true,""encoder_lr"":0.1,""log_every"":1,""loss"":""l2"",""model_lr"":0.001,""seed"":0,""steps"":1,""task"":""image"",""total_steps"":1}","{""flip-evaluator"":""1.7"",""lpips"":""0.1.4"",""torch"":""2.10.0+rocm7.0"",""torchmetrics"":""1.9.0""}",smoke_not_paper_comparable
smoke,smoke,kodim18,512,768,PE,0,lpips,0.9739675521850586,0,194403,194403,6.068054505331708,7.4650481881108135,1,4,9004fe2240b9e84c55ae641ba78c0ad5f83398a6,True,/home/aup/yy/workspace/peps/configs/paper/image_repro_smoke.toml,"{""batch_size"":512,""checkpoint_every"":1,""cosine"":true,""encoder_lr"":0.1,""log_every"":1,""loss"":""l2"",""model_lr"":0.001,""seed"":0,""steps"":1,""task"":""image"",""total_steps"":1}","{""flip-evaluator"":""1.7"",""lpips"":""0.1.4"",""torch"":""2.10.0+rocm7.0"",""torchmetrics"":""1.9.0""}",smoke_not_paper_comparable
smoke,smoke,kodim18,512,768,PE,0,lsd,0.0921571251010896,0,194403,194403,6.068054505331708,7.4650481881108135,1,4,9004fe2240b9e84c55ae641ba78c0ad5f83398a6,True,/home/aup/yy/workspace/peps/configs/paper/image_repro_smoke.toml,"{""batch_size"":512,""checkpoint_every"":1,""cosine"":true,""encoder_lr"":0.1,""log_every"":1,""loss"":""l2"",""model_lr"":0.001,""seed"":0,""steps"":1,""task"":""image"",""total_steps"":1}","{""flip-evaluator"":""1.7"",""lpips"":""0.1.4"",""torch"":""2.10.0+rocm7.0"",""torchmetrics"":""1.9.0""}",smoke_not_paper_comparable
smoke,smoke,kodim18,512,768,PE,0,psnr,10.385829059706186,0,194403,194403,6.068054505331708,7.4650481881108135,1,4,9004fe2240b9e84c55ae641ba78c0ad5f83398a6,True,/home/aup/yy/workspace/peps/configs/paper/image_repro_smoke.toml,"{""batch_size"":512,""checkpoint_every"":1,""cosine"":true,""encoder_lr"":0.1,""log_every"":1,""loss"":""l2"",""model_lr"":0.001,""seed"":0,""steps"":1,""task"":""image"",""total_steps"":1}","{""flip-evaluator"":""1.7"",""lpips"":""0.1.4"",""torch"":""2.10.0+rocm7.0"",""torchmetrics"":""1.9.0""}",smoke_not_paper_comparable
smoke,smoke,kodim18,512,768,PE,0,ssim,-0.002157912589609623,0,194403,194403,6.068054505331708,7.4650481881108135,1,4,9004fe2240b9e84c55ae641ba78c0ad5f83398a6,True,/home/aup/yy/workspace/peps/configs/paper/image_repro_smoke.toml,"{""batch_size"":512,""checkpoint_every"":1,""cosine"":true,""encoder_lr"":0.1,""log_every"":1,""loss"":""l2"",""model_lr"":0.001,""seed"":0,""steps"":1,""task"":""image"",""total_steps"":1}","{""flip-evaluator"":""1.7"",""lpips"":""0.1.4"",""torch"":""2.10.0+rocm7.0"",""torchmetrics"":""1.9.0""}",smoke_not_paper_comparable
smoke,smoke,kodim18,512,768,LPE,0,flip,0.7023587226867676,401408,9603,411011,2.870112965346426,6.612440256983973,2,4,9004fe2240b9e84c55ae641ba78c0ad5f83398a6,True,/home/aup/yy/workspace/peps/configs/paper/image_repro_smoke.toml,"{""batch_size"":512,""checkpoint_every"":1,""cosine"":true,""encoder_lr"":0.1,""log_every"":1,""loss"":""l2"",""model_lr"":0.001,""seed"":0,""steps"":1,""task"":""image"",""total_steps"":1}","{""flip-evaluator"":""1.7"",""lpips"":""0.1.4"",""torch"":""2.10.0+rocm7.0"",""torchmetrics"":""1.9.0""}",smoke_not_paper_comparable
smoke,smoke,kodim18,512,768,LPE,0,lpips,0.957267165184021,401408,9603,411011,2.870112965346426,6.612440256983973,2,4,9004fe2240b9e84c55ae641ba78c0ad5f83398a6,True,/home/aup/yy/workspace/peps/configs/paper/image_repro_smoke.toml,"{""batch_size"":512,""checkpoint_every"":1,""cosine"":true,""encoder_lr"":0.1,""log_every"":1,""loss"":""l2"",""model_lr"":0.001,""seed"":0,""steps"":1,""task"":""image"",""total_steps"":1}","{""flip-evaluator"":""1.7"",""lpips"":""0.1.4"",""torch"":""2.10.0+rocm7.0"",""torchmetrics"":""1.9.0""}",smoke_not_paper_comparable
smoke,smoke,kodim18,512,768,LPE,0,lsd,0.09338043002220257,401408,9603,411011,2.870112965346426,6.612440256983973,2,4,9004fe2240b9e84c55ae641ba78c0ad5f83398a6,True,/home/aup/yy/workspace/peps/configs/paper/image_repro_smoke.toml,"{""batch_size"":512,""checkpoint_every"":1,""cosine"":true,""encoder_lr"":0.1,""log_every"":1,""loss"":""l2"",""model_lr"":0.001,""seed"":0,""steps"":1,""task"":""image"",""total_steps"":1}","{""flip-evaluator"":""1.7"",""lpips"":""0.1.4"",""torch"":""2.10.0+rocm7.0"",""torchmetrics"":""1.9.0""}",smoke_not_paper_comparable
smoke,smoke,kodim18,512,768,LPE,0,psnr,9.016287518078611,401408,9603,411011,2.870112965346426,6.612440256983973,2,4,9004fe2240b9e84c55ae641ba78c0ad5f83398a6,True,/home/aup/yy/workspace/peps/configs/paper/image_repro_smoke.toml,"{""batch_size"":512,""checkpoint_every"":1,""cosine"":true,""encoder_lr"":0.1,""log_every"":1,""loss"":""l2"",""model_lr"":0.001,""seed"":0,""steps"":1,""task"":""image"",""total_steps"":1}","{""flip-evaluator"":""1.7"",""lpips"":""0.1.4"",""torch"":""2.10.0+rocm7.0"",""torchmetrics"":""1.9.0""}",smoke_not_paper_comparable
smoke,smoke,kodim18,512,768,LPE,0,ssim,-0.2001822590827942,401408,9603,411011,2.870112965346426,6.612440256983973,2,4,9004fe2240b9e84c55ae641ba78c0ad5f83398a6,True,/home/aup/yy/workspace/peps/configs/paper/image_repro_smoke.toml,"{""batch_size"":512,""checkpoint_every"":1,""cosine"":true,""encoder_lr"":0.1,""log_every"":1,""loss"":""l2"",""model_lr"":0.001,""seed"":0,""steps"":1,""task"":""image"",""total_steps"":1}","{""flip-evaluator"":""1.7"",""lpips"":""0.1.4"",""torch"":""2.10.0+rocm7.0"",""torchmetrics"":""1.9.0""}",smoke_not_paper_comparable
smoke,smoke,kodim18,512,768,NTC_N,0,flip,0.6478371024131775,417792,13699,431491,2.733887844705915,5.73805169807747,3,4,9004fe2240b9e84c55ae641ba78c0ad5f83398a6,True,/home/aup/yy/workspace/peps/configs/paper/image_repro_smoke.toml,"{""batch_size"":512,""checkpoint_every"":1,""cosine"":true,""encoder_lr"":0.1,""log_every"":1,""loss"":""l2"",""model_lr"":0.001,""seed"":0,""steps"":1,""task"":""image"",""total_steps"":1}","{""flip-evaluator"":""1.7"",""lpips"":""0.1.4"",""torch"":""2.10.0+rocm7.0"",""torchmetrics"":""1.9.0""}",smoke_not_paper_comparable
smoke,smoke,kodim18,512,768,NTC_N,0,lpips,0.9564368724822998,417792,13699,431491,2.733887844705915,5.73805169807747,3,4,9004fe2240b9e84c55ae641ba78c0ad5f83398a6,True,/home/aup/yy/workspace/peps/configs/paper/image_repro_smoke.toml,"{""batch_size"":512,""checkpoint_every"":1,""cosine"":true,""encoder_lr"":0.1,""log_every"":1,""loss"":""l2"",""model_lr"":0.001,""seed"":0,""steps"":1,""task"":""image"",""total_steps"":1}","{""flip-evaluator"":""1.7"",""lpips"":""0.1.4"",""torch"":""2.10.0+rocm7.0"",""torchmetrics"":""1.9.0""}",smoke_not_paper_comparable
smoke,smoke,kodim18,512,768,NTC_N,0,lsd,0.0929522038011228,417792,13699,431491,2.733887844705915,5.73805169807747,3,4,9004fe2240b9e84c55ae641ba78c0ad5f83398a6,True,/home/aup/yy/workspace/peps/configs/paper/image_repro_smoke.toml,"{""batch_size"":512,""checkpoint_every"":1,""cosine"":true,""encoder_lr"":0.1,""log_every"":1,""loss"":""l2"",""model_lr"":0.001,""seed"":0,""steps"":1,""task"":""image"",""total_steps"":1}","{""flip-evaluator"":""1.7"",""lpips"":""0.1.4"",""torch"":""2.10.0+rocm7.0"",""torchmetrics"":""1.9.0""}",smoke_not_paper_comparable
smoke,smoke,kodim18,512,768,NTC_N,0,psnr,11.292019843190232,417792,13699,431491,2.733887844705915,5.73805169807747,3,4,9004fe2240b9e84c55ae641ba78c0ad5f83398a6,True,/home/aup/yy/workspace/peps/configs/paper/image_repro_smoke.toml,"{""batch_size"":512,""checkpoint_every"":1,""cosine"":true,""encoder_lr"":0.1,""log_every"":1,""loss"":""l2"",""model_lr"":0.001,""seed"":0,""steps"":1,""task"":""image"",""total_steps"":1}","{""flip-evaluator"":""1.7"",""lpips"":""0.1.4"",""torch"":""2.10.0+rocm7.0"",""torchmetrics"":""1.9.0""}",smoke_not_paper_comparable
smoke,smoke,kodim18,512,768,NTC_N,0,ssim,0.16644413769245148,417792,13699,431491,2.733887844705915,5.73805169807747,3,4,9004fe2240b9e84c55ae641ba78c0ad5f83398a6,True,/home/aup/yy/workspace/peps/configs/paper/image_repro_smoke.toml,"{""batch_size"":512,""checkpoint_every"":1,""cosine"":true,""encoder_lr"":0.1,""log_every"":1,""loss"":""l2"",""model_lr"":0.001,""seed"":0,""steps"":1,""task"":""image"",""total_steps"":1}","{""flip-evaluator"":""1.7"",""lpips"":""0.1.4"",""torch"":""2.10.0+rocm7.0"",""torchmetrics"":""1.9.0""}",smoke_not_paper_comparable
smoke,smoke,kodim18,512,768,Grid,0,flip,0.7006202340126038,426496,9667,436163,2.704603554175847,3.3367333490168676,0,4,9004fe2240b9e84c55ae641ba78c0ad5f83398a6,True,/home/aup/yy/workspace/peps/configs/paper/image_repro_smoke.toml,"{""batch_size"":512,""checkpoint_every"":1,""cosine"":true,""encoder_lr"":0.1,""log_every"":1,""loss"":""l2"",""model_lr"":0.001,""seed"":0,""steps"":1,""task"":""image"",""total_steps"":1}","{""flip-evaluator"":""1.7"",""lpips"":""0.1.4"",""torch"":""2.10.0+rocm7.0"",""torchmetrics"":""1.9.0""}",smoke_not_paper_comparable
smoke,smoke,kodim18,512,768,Grid,0,lpips,1.0113533735275269,426496,9667,436163,2.704603554175847,3.3367333490168676,0,4,9004fe2240b9e84c55ae641ba78c0ad5f83398a6,True,/home/aup/yy/workspace/peps/configs/paper/image_repro_smoke.toml,"{""batch_size"":512,""checkpoint_every"":1,""cosine"":true,""encoder_lr"":0.1,""log_every"":1,""loss"":""l2"",""model_lr"":0.001,""seed"":0,""steps"":1,""task"":""image"",""total_steps"":1}","{""flip-evaluator"":""1.7"",""lpips"":""0.1.4"",""torch"":""2.10.0+rocm7.0"",""torchmetrics"":""1.9.0""}",smoke_not_paper_comparable
smoke,smoke,kodim18,512,768,Grid,0,lsd,0.09308340690918566,426496,9667,436163,2.704603554175847,3.3367333490168676,0,4,9004fe2240b9e84c55ae641ba78c0ad5f83398a6,True,/home/aup/yy/workspace/peps/configs/paper/image_repro_smoke.toml,"{""batch_size"":512,""checkpoint_every"":1,""cosine"":true,""encoder_lr"":0.1,""log_every"":1,""loss"":""l2"",""model_lr"":0.001,""seed"":0,""steps"":1,""task"":""image"",""total_steps"":1}","{""flip-evaluator"":""1.7"",""lpips"":""0.1.4"",""torch"":""2.10.0+rocm7.0"",""torchmetrics"":""1.9.0""}",smoke_not_paper_comparable
smoke,smoke,kodim18,512,768,Grid,0,psnr,9.018453111535251,426496,9667,436163,2.704603554175847,3.3367333490168676,0,4,9004fe2240b9e84c55ae641ba78c0ad5f83398a6,True,/home/aup/yy/workspace/peps/configs/paper/image_repro_smoke.toml,"{""batch_size"":512,""checkpoint_every"":1,""cosine"":true,""encoder_lr"":0.1,""log_every"":1,""loss"":""l2"",""model_lr"":0.001,""seed"":0,""steps"":1,""task"":""image"",""total_steps"":1}","{""flip-evaluator"":""1.7"",""lpips"":""0.1.4"",""torch"":""2.10.0+rocm7.0"",""torchmetrics"":""1.9.0""}",smoke_not_paper_comparable
smoke,smoke,kodim18,512,768,Grid,0,ssim,-0.0999017208814621,426496,9667,436163,2.704603554175847,3.3367333490168676,0,4,9004fe2240b9e84c55ae641ba78c0ad5f83398a6,True,/home/aup/yy/workspace/peps/configs/paper/image_repro_smoke.toml,"{""batch_size"":512,""checkpoint_every"":1,""cosine"":true,""encoder_lr"":0.1,""log_every"":1,""loss"":""l2"",""model_lr"":0.001,""seed"":0,""steps"":1,""task"":""image"",""total_steps"":1}","{""flip-evaluator"":""1.7"",""lpips"":""0.1.4"",""torch"":""2.10.0+rocm7.0"",""torchmetrics"":""1.9.0""}",smoke_not_paper_comparable
smoke,smoke,kodim18,512,768,G-PEPS,0,flip,0.6065214276313782,426496,16195,442691,2.6647209904877216,4.144368304987438,1,4,9004fe2240b9e84c55ae641ba78c0ad5f83398a6,True,/home/aup/yy/workspace/peps/configs/paper/image_repro_smoke.toml,"{""batch_size"":512,""checkpoint_every"":1,""cosine"":true,""encoder_lr"":0.1,""log_every"":1,""loss"":""l2"",""model_lr"":0.001,""seed"":0,""steps"":1,""task"":""image"",""total_steps"":1}","{""flip-evaluator"":""1.7"",""lpips"":""0.1.4"",""torch"":""2.10.0+rocm7.0"",""torchmetrics"":""1.9.0""}",smoke_not_paper_comparable
smoke,smoke,kodim18,512,768,G-PEPS,0,lpips,1.0424357652664185,426496,16195,442691,2.6647209904877216,4.144368304987438,1,4,9004fe2240b9e84c55ae641ba78c0ad5f83398a6,True,/home/aup/yy/workspace/peps/configs/paper/image_repro_smoke.toml,"{""batch_size"":512,""checkpoint_every"":1,""cosine"":true,""encoder_lr"":0.1,""log_every"":1,""loss"":""l2"",""model_lr"":0.001,""seed"":0,""steps"":1,""task"":""image"",""total_steps"":1}","{""flip-evaluator"":""1.7"",""lpips"":""0.1.4"",""torch"":""2.10.0+rocm7.0"",""torchmetrics"":""1.9.0""}",smoke_not_paper_comparable
smoke,smoke,kodim18,512,768,G-PEPS,0,lsd,0.09295364176588373,426496,16195,442691,2.6647209904877216,4.144368304987438,1,4,9004fe2240b9e84c55ae641ba78c0ad5f83398a6,True,/home/aup/yy/workspace/peps/configs/paper/image_repro_smoke.toml,"{""batch_size"":512,""checkpoint_every"":1,""cosine"":true,""encoder_lr"":0.1,""log_every"":1,""loss"":""l2"",""model_lr"":0.001,""seed"":0,""steps"":1,""task"":""image"",""total_steps"":1}","{""flip-evaluator"":""1.7"",""lpips"":""0.1.4"",""torch"":""2.10.0+rocm7.0"",""torchmetrics"":""1.9.0""}",smoke_not_paper_comparable
smoke,smoke,kodim18,512,768,G-PEPS,0,psnr,10.26195591451607,426496,16195,442691,2.6647209904877216,4.144368304987438,1,4,9004fe2240b9e84c55ae641ba78c0ad5f83398a6,True,/home/aup/yy/workspace/peps/configs/paper/image_repro_smoke.toml,"{""batch_size"":512,""checkpoint_every"":1,""cosine"":true,""encoder_lr"":0.1,""log_every"":1,""loss"":""l2"",""model_lr"":0.001,""seed"":0,""steps"":1,""task"":""image"",""total_steps"":1}","{""flip-evaluator"":""1.7"",""lpips"":""0.1.4"",""torch"":""2.10.0+rocm7.0"",""torchmetrics"":""1.9.0""}",smoke_not_paper_comparable
smoke,smoke,kodim18,512,768,G-PEPS,0,ssim,-0.008059483021497726,426496,16195,442691,2.6647209904877216,4.144368304987438,1,4,9004fe2240b9e84c55ae641ba78c0ad5f83398a6,True,/home/aup/yy/workspace/peps/configs/paper/image_repro_smoke.toml,"{""batch_size"":512,""checkpoint_every"":1,""cosine"":true,""encoder_lr"":0.1,""log_every"":1,""loss"":""l2"",""model_lr"":0.001,""seed"":0,""steps"":1,""task"":""image"",""total_steps"":1}","{""flip-evaluator"":""1.7"",""lpips"":""0.1.4"",""torch"":""2.10.0+rocm7.0"",""torchmetrics"":""1.9.0""}",smoke_not_paper_comparable
smoke,smoke,kodim18,512,768,G-P-PEPS,0,flip,0.6827312111854553,426496,11459,437955,2.69353700722677,4.714023851905949,2,4,9004fe2240b9e84c55ae641ba78c0ad5f83398a6,True,/home/aup/yy/workspace/peps/configs/paper/image_repro_smoke.toml,"{""batch_size"":512,""checkpoint_every"":1,""cosine"":true,""encoder_lr"":0.1,""log_every"":1,""loss"":""l2"",""model_lr"":0.001,""seed"":0,""steps"":1,""task"":""image"",""total_steps"":1}","{""flip-evaluator"":""1.7"",""lpips"":""0.1.4"",""torch"":""2.10.0+rocm7.0"",""torchmetrics"":""1.9.0""}",smoke_not_paper_comparable
smoke,smoke,kodim18,512,768,G-P-PEPS,0,lpips,0.9661722779273987,426496,11459,437955,2.69353700722677,4.714023851905949,2,4,9004fe2240b9e84c55ae641ba78c0ad5f83398a6,True,/home/aup/yy/workspace/peps/configs/paper/image_repro_smoke.toml,"{""batch_size"":512,""checkpoint_every"":1,""cosine"":true,""encoder_lr"":0.1,""log_every"":1,""loss"":""l2"",""model_lr"":0.001,""seed"":0,""steps"":1,""task"":""image"",""total_steps"":1}","{""flip-evaluator"":""1.7"",""lpips"":""0.1.4"",""torch"":""2.10.0+rocm7.0"",""torchmetrics"":""1.9.0""}",smoke_not_paper_comparable
smoke,smoke,kodim18,512,768,G-P-PEPS,0,lsd,0.09303901246519292,426496,11459,437955,2.69353700722677,4.714023851905949,2,4,9004fe2240b9e84c55ae641ba78c0ad5f83398a6,True,/home/aup/yy/workspace/peps/configs/paper/image_repro_smoke.toml,"{""batch_size"":512,""checkpoint_every"":1,""cosine"":true,""encoder_lr"":0.1,""log_every"":1,""loss"":""l2"",""model_lr"":0.001,""seed"":0,""steps"":1,""task"":""image"",""total_steps"":1}","{""flip-evaluator"":""1.7"",""lpips"":""0.1.4"",""torch"":""2.10.0+rocm7.0"",""torchmetrics"":""1.9.0""}",smoke_not_paper_comparable
smoke,smoke,kodim18,512,768,G-P-PEPS,0,psnr,10.57790053775766,426496,11459,437955,2.69353700722677,4.714023851905949,2,4,9004fe2240b9e84c55ae641ba78c0ad5f83398a6,True,/home/aup/yy/workspace/peps/configs/paper/image_repro_smoke.toml,"{""batch_size"":512,""checkpoint_every"":1,""cosine"":true,""encoder_lr"":0.1,""log_every"":1,""loss"":""l2"",""model_lr"":0.001,""seed"":0,""steps"":1,""task"":""image"",""total_steps"":1}","{""flip-evaluator"":""1.7"",""lpips"":""0.1.4"",""torch"":""2.10.0+rocm7.0"",""torchmetrics"":""1.9.0""}",smoke_not_paper_comparable
smoke,smoke,kodim18,512,768,G-P-PEPS,0,ssim,0.05460921674966812,426496,11459,437955,2.69353700722677,4.714023851905949,2,4,9004fe2240b9e84c55ae641ba78c0ad5f83398a6,True,/home/aup/yy/workspace/peps/configs/paper/image_repro_smoke.toml,"{""batch_size"":512,""checkpoint_every"":1,""cosine"":true,""encoder_lr"":0.1,""log_every"":1,""loss"":""l2"",""model_lr"":0.001,""seed"":0,""steps"":1,""task"":""image"",""total_steps"":1}","{""flip-evaluator"":""1.7"",""lpips"":""0.1.4"",""torch"":""2.10.0+rocm7.0"",""torchmetrics"":""1.9.0""}",smoke_not_paper_comparable
smoke,smoke,kodim18,512,768,NTC_PEPS,0,flip,0.6475222706794739,417792,39811,457603,2.577885197430961,5.155987575999461,3,4,9004fe2240b9e84c55ae641ba78c0ad5f83398a6,True,/home/aup/yy/workspace/peps/configs/paper/image_repro_smoke.toml,"{""batch_size"":512,""checkpoint_every"":1,""cosine"":true,""encoder_lr"":0.1,""log_every"":1,""loss"":""l2"",""model_lr"":0.001,""seed"":0,""steps"":1,""task"":""image"",""total_steps"":1}","{""flip-evaluator"":""1.7"",""lpips"":""0.1.4"",""torch"":""2.10.0+rocm7.0"",""torchmetrics"":""1.9.0""}",smoke_not_paper_comparable
smoke,smoke,kodim18,512,768,NTC_PEPS,0,lpips,1.0066436529159546,417792,39811,457603,2.577885197430961,5.155987575999461,3,4,9004fe2240b9e84c55ae641ba78c0ad5f83398a6,True,/home/aup/yy/workspace/peps/configs/paper/image_repro_smoke.toml,"{""batch_size"":512,""checkpoint_every"":1,""cosine"":true,""encoder_lr"":0.1,""log_every"":1,""loss"":""l2"",""model_lr"":0.001,""seed"":0,""steps"":1,""task"":""image"",""total_steps"":1}","{""flip-evaluator"":""1.7"",""lpips"":""0.1.4"",""torch"":""2.10.0+rocm7.0"",""torchmetrics"":""1.9.0""}",smoke_not_paper_comparable
smoke,smoke,kodim18,512,768,NTC_PEPS,0,lsd,0.09243061170509465,417792,39811,457603,2.577885197430961,5.155987575999461,3,4,9004fe2240b9e84c55ae641ba78c0ad5f83398a6,True,/home/aup/yy/workspace/peps/configs/paper/image_repro_smoke.toml,"{""batch_size"":512,""checkpoint_every"":1,""cosine"":true,""encoder_lr"":0.1,""log_every"":1,""loss"":""l2"",""model_lr"":0.001,""seed"":0,""steps"":1,""task"":""image"",""total_steps"":1}","{""flip-evaluator"":""1.7"",""lpips"":""0.1.4"",""torch"":""2.10.0+rocm7.0"",""torchmetrics"":""1.9.0""}",smoke_not_paper_comparable
smoke,smoke,kodim18,512,768,NTC_PEPS,0,psnr,12.242675424621094,417792,39811,457603,2.577885197430961,5.155987575999461,3,4,9004fe2240b9e84c55ae641ba78c0ad5f83398a6,True,/home/aup/yy/workspace/peps/configs/paper/image_repro_smoke.toml,"{""batch_size"":512,""checkpoint_every"":1,""cosine"":true,""encoder_lr"":0.1,""log_every"":1,""loss"":""l2"",""model_lr"":0.001,""seed"":0,""steps"":1,""task"":""image"",""total_steps"":1}","{""flip-evaluator"":""1.7"",""lpips"":""0.1.4"",""torch"":""2.10.0+rocm7.0"",""torchmetrics"":""1.9.0""}",smoke_not_paper_comparable
smoke,smoke,kodim18,512,768,NTC_PEPS,0,ssim,0.2605937123298645,417792,39811,457603,2.577885197430961,5.155987575999461,3,4,9004fe2240b9e84c55ae641ba78c0ad5f83398a6,True,/home/aup/yy/workspace/peps/configs/paper/image_repro_smoke.toml,"{""batch_size"":512,""checkpoint_every"":1,""cosine"":true,""encoder_lr"":0.1,""log_every"":1,""loss"":""l2"",""model_lr"":0.001,""seed"":0,""steps"":1,""task"":""image"",""total_steps"":1}","{""flip-evaluator"":""1.7"",""lpips"":""0.1.4"",""torch"":""2.10.0+rocm7.0"",""torchmetrics"":""1.9.0""}",smoke_not_paper_comparable
smoke,smoke,kodim18,512,768,NTC_PinkPEPS,0,flip,0.6789689064025879,417792,21251,439043,2.6868621069006906,6.851562542025931,0,4,9004fe2240b9e84c55ae641ba78c0ad5f83398a6,True,/home/aup/yy/workspace/peps/configs/paper/image_repro_smoke.toml,"{""batch_size"":512,""checkpoint_every"":1,""cosine"":true,""encoder_lr"":0.1,""log_every"":1,""loss"":""l2"",""model_lr"":0.001,""seed"":0,""steps"":1,""task"":""image"",""total_steps"":1}","{""flip-evaluator"":""1.7"",""lpips"":""0.1.4"",""torch"":""2.10.0+rocm7.0"",""torchmetrics"":""1.9.0""}",smoke_not_paper_comparable
smoke,smoke,kodim18,512,768,NTC_PinkPEPS,0,lpips,1.0235130786895752,417792,21251,439043,2.6868621069006906,6.851562542025931,0,4,9004fe2240b9e84c55ae641ba78c0ad5f83398a6,True,/home/aup/yy/workspace/peps/configs/paper/image_repro_smoke.toml,"{""batch_size"":512,""checkpoint_every"":1,""cosine"":true,""encoder_lr"":0.1,""log_every"":1,""loss"":""l2"",""model_lr"":0.001,""seed"":0,""steps"":1,""task"":""image"",""total_steps"":1}","{""flip-evaluator"":""1.7"",""lpips"":""0.1.4"",""torch"":""2.10.0+rocm7.0"",""torchmetrics"":""1.9.0""}",smoke_not_paper_comparable
smoke,smoke,kodim18,512,768,NTC_PinkPEPS,0,lsd,0.09264051315771939,417792,21251,439043,2.6868621069006906,6.851562542025931,0,4,9004fe2240b9e84c55ae641ba78c0ad5f83398a6,True,/home/aup/yy/workspace/peps/configs/paper/image_repro_smoke.toml,"{""batch_size"":512,""checkpoint_every"":1,""cosine"":true,""encoder_lr"":0.1,""log_every"":1,""loss"":""l2"",""model_lr"":0.001,""seed"":0,""steps"":1,""task"":""image"",""total_steps"":1}","{""flip-evaluator"":""1.7"",""lpips"":""0.1.4"",""torch"":""2.10.0+rocm7.0"",""torchmetrics"":""1.9.0""}",smoke_not_paper_comparable
smoke,smoke,kodim18,512,768,NTC_PinkPEPS,0,psnr,10.090407024928247,417792,21251,439043,2.6868621069006906,6.851562542025931,0,4,9004fe2240b9e84c55ae641ba78c0ad5f83398a6,True,/home/aup/yy/workspace/peps/configs/paper/image_repro_smoke.toml,"{""batch_size"":512,""checkpoint_every"":1,""cosine"":true,""encoder_lr"":0.1,""log_every"":1,""loss"":""l2"",""model_lr"":0.001,""seed"":0,""steps"":1,""task"":""image"",""total_steps"":1}","{""flip-evaluator"":""1.7"",""lpips"":""0.1.4"",""torch"":""2.10.0+rocm7.0"",""torchmetrics"":""1.9.0""}",smoke_not_paper_comparable
smoke,smoke,kodim18,512,768,NTC_PinkPEPS,0,ssim,0.023310676217079163,417792,21251,439043,2.6868621069006906,6.851562542025931,0,4,9004fe2240b9e84c55ae641ba78c0ad5f83398a6,True,/home/aup/yy/workspace/peps/configs/paper/image_repro_smoke.toml,"{""batch_size"":512,""checkpoint_every"":1,""cosine"":true,""encoder_lr"":0.1,""log_every"":1,""loss"":""l2"",""model_lr"":0.001,""seed"":0,""steps"":1,""task"":""image"",""total_steps"":1}","{""flip-evaluator"":""1.7"",""lpips"":""0.1.4"",""torch"":""2.10.0+rocm7.0"",""torchmetrics"":""1.9.0""}",smoke_not_paper_comparable
smoke,smoke,kodim18,512,768,G-P-PEPS-25,0,flip,0.6872175335884094,326144,10691,336835,3.5021538735582705,5.575392895960249,1,4,9004fe2240b9e84c55ae641ba78c0ad5f83398a6,True,/home/aup/yy/workspace/peps/configs/paper/image_repro_smoke.toml,"{""batch_size"":512,""checkpoint_every"":1,""cosine"":true,""encoder_lr"":0.1,""log_every"":1,""loss"":""l2"",""model_lr"":0.001,""seed"":0,""steps"":1,""task"":""image"",""total_steps"":1}","{""flip-evaluator"":""1.7"",""lpips"":""0.1.4"",""torch"":""2.10.0+rocm7.0"",""torchmetrics"":""1.9.0""}",smoke_not_paper_comparable
smoke,smoke,kodim18,512,768,G-P-PEPS-25,0,lpips,0.973051905632019,326144,10691,336835,3.5021538735582705,5.575392895960249,1,4,9004fe2240b9e84c55ae641ba78c0ad5f83398a6,True,/home/aup/yy/workspace/peps/configs/paper/image_repro_smoke.toml,"{""batch_size"":512,""checkpoint_every"":1,""cosine"":true,""encoder_lr"":0.1,""log_every"":1,""loss"":""l2"",""model_lr"":0.001,""seed"":0,""steps"":1,""task"":""image"",""total_steps"":1}","{""flip-evaluator"":""1.7"",""lpips"":""0.1.4"",""torch"":""2.10.0+rocm7.0"",""torchmetrics"":""1.9.0""}",smoke_not_paper_comparable
smoke,smoke,kodim18,512,768,G-P-PEPS-25,0,lsd,0.09317822456090323,326144,10691,336835,3.5021538735582705,5.575392895960249,1,4,9004fe2240b9e84c55ae641ba78c0ad5f83398a6,True,/home/aup/yy/workspace/peps/configs/paper/image_repro_smoke.toml,"{""batch_size"":512,""checkpoint_every"":1,""cosine"":true,""encoder_lr"":0.1,""log_every"":1,""loss"":""l2"",""model_lr"":0.001,""seed"":0,""steps"":1,""task"":""image"",""total_steps"":1}","{""flip-evaluator"":""1.7"",""lpips"":""0.1.4"",""torch"":""2.10.0+rocm7.0"",""torchmetrics"":""1.9.0""}",smoke_not_paper_comparable
smoke,smoke,kodim18,512,768,G-P-PEPS-25,0,psnr,10.728166233466535,326144,10691,336835,3.5021538735582705,5.575392895960249,1,4,9004fe2240b9e84c55ae641ba78c0ad5f83398a6,True,/home/aup/yy/workspace/peps/configs/paper/image_repro_smoke.toml,"{""batch_size"":512,""checkpoint_every"":1,""cosine"":true,""encoder_lr"":0.1,""log_every"":1,""loss"":""l2"",""model_lr"":0.001,""seed"":0,""steps"":1,""task"":""image"",""total_steps"":1}","{""flip-evaluator"":""1.7"",""lpips"":""0.1.4"",""torch"":""2.10.0+rocm7.0"",""torchmetrics"":""1.9.0""}",smoke_not_paper_comparable
smoke,smoke,kodim18,512,768,G-P-PEPS-25,0,ssim,0.08193818479776382,326144,10691,336835,3.5021538735582705,5.575392895960249,1,4,9004fe2240b9e84c55ae641ba78c0ad5f83398a6,True,/home/aup/yy/workspace/peps/configs/paper/image_repro_smoke.toml,"{""batch_size"":512,""checkpoint_every"":1,""cosine"":true,""encoder_lr"":0.1,""log_every"":1,""loss"":""l2"",""model_lr"":0.001,""seed"":0,""steps"":1,""task"":""image"",""total_steps"":1}","{""flip-evaluator"":""1.7"",""lpips"":""0.1.4"",""torch"":""2.10.0+rocm7.0"",""torchmetrics"":""1.9.0""}",smoke_not_paper_comparable
smoke,smoke,kodim19,512,768,PE,0,flip,0.8609132766723633,0,194403,194403,6.068054505331708,5.309520874056034,2,4,9004fe2240b9e84c55ae641ba78c0ad5f83398a6,True,/home/aup/yy/workspace/peps/configs/paper/image_repro_smoke.toml,"{""batch_size"":512,""checkpoint_every"":1,""cosine"":true,""encoder_lr"":0.1,""log_every"":1,""loss"":""l2"",""model_lr"":0.001,""seed"":0,""steps"":1,""task"":""image"",""total_steps"":1}","{""flip-evaluator"":""1.7"",""lpips"":""0.1.4"",""torch"":""2.10.0+rocm7.0"",""torchmetrics"":""1.9.0""}",smoke_not_paper_comparable
smoke,smoke,kodim19,512,768,PE,0,lpips,0.9767879247665405,0,194403,194403,6.068054505331708,5.309520874056034,2,4,9004fe2240b9e84c55ae641ba78c0ad5f83398a6,True,/home/aup/yy/workspace/peps/configs/paper/image_repro_smoke.toml,"{""batch_size"":512,""checkpoint_every"":1,""cosine"":true,""encoder_lr"":0.1,""log_every"":1,""loss"":""l2"",""model_lr"":0.001,""seed"":0,""steps"":1,""task"":""image"",""total_steps"":1}","{""flip-evaluator"":""1.7"",""lpips"":""0.1.4"",""torch"":""2.10.0+rocm7.0"",""torchmetrics"":""1.9.0""}",smoke_not_paper_comparable
smoke,smoke,kodim19,512,768,PE,0,lsd,0.09068609108419155,0,194403,194403,6.068054505331708,5.309520874056034,2,4,9004fe2240b9e84c55ae641ba78c0ad5f83398a6,True,/home/aup/yy/workspace/peps/configs/paper/image_repro_smoke.toml,"{""batch_size"":512,""checkpoint_every"":1,""cosine"":true,""encoder_lr"":0.1,""log_every"":1,""loss"":""l2"",""model_lr"":0.001,""seed"":0,""steps"":1,""task"":""image"",""total_steps"":1}","{""flip-evaluator"":""1.7"",""lpips"":""0.1.4"",""torch"":""2.10.0+rocm7.0"",""torchmetrics"":""1.9.0""}",smoke_not_paper_comparable
smoke,smoke,kodim19,512,768,PE,0,psnr,6.49345552337309,0,194403,194403,6.068054505331708,5.309520874056034,2,4,9004fe2240b9e84c55ae641ba78c0ad5f83398a6,True,/home/aup/yy/workspace/peps/configs/paper/image_repro_smoke.toml,"{""batch_size"":512,""checkpoint_every"":1,""cosine"":true,""encoder_lr"":0.1,""log_every"":1,""loss"":""l2"",""model_lr"":0.001,""seed"":0,""steps"":1,""task"":""image"",""total_steps"":1}","{""flip-evaluator"":""1.7"",""lpips"":""0.1.4"",""torch"":""2.10.0+rocm7.0"",""torchmetrics"":""1.9.0""}",smoke_not_paper_comparable
smoke,smoke,kodim19,512,768,PE,0,ssim,0.0012647397816181183,0,194403,194403,6.068054505331708,5.309520874056034,2,4,9004fe2240b9e84c55ae641ba78c0ad5f83398a6,True,/home/aup/yy/workspace/peps/configs/paper/image_repro_smoke.toml,"{""batch_size"":512,""checkpoint_every"":1,""cosine"":true,""encoder_lr"":0.1,""log_every"":1,""loss"":""l2"",""model_lr"":0.001,""seed"":0,""steps"":1,""task"":""image"",""total_steps"":1}","{""flip-evaluator"":""1.7"",""lpips"":""0.1.4"",""torch"":""2.10.0+rocm7.0"",""torchmetrics"":""1.9.0""}",smoke_not_paper_comparable
smoke,smoke,kodim19,512,768,LPE,0,flip,0.8727030754089355,401408,9603,411011,2.870112965346426,5.2556702949805185,3,4,9004fe2240b9e84c55ae641ba78c0ad5f83398a6,True,/home/aup/yy/workspace/peps/configs/paper/image_repro_smoke.toml,"{""batch_size"":512,""checkpoint_every"":1,""cosine"":true,""encoder_lr"":0.1,""log_every"":1,""loss"":""l2"",""model_lr"":0.001,""seed"":0,""steps"":1,""task"":""image"",""total_steps"":1}","{""flip-evaluator"":""1.7"",""lpips"":""0.1.4"",""torch"":""2.10.0+rocm7.0"",""torchmetrics"":""1.9.0""}",smoke_not_paper_comparable
smoke,smoke,kodim19,512,768,LPE,0,lpips,0.975889265537262,401408,9603,411011,2.870112965346426,5.2556702949805185,3,4,9004fe2240b9e84c55ae641ba78c0ad5f83398a6,True,/home/aup/yy/workspace/peps/configs/paper/image_repro_smoke.toml,"{""batch_size"":512,""checkpoint_every"":1,""cosine"":true,""encoder_lr"":0.1,""log_every"":1,""loss"":""l2"",""model_lr"":0.001,""seed"":0,""steps"":1,""task"":""image"",""total_steps"":1}","{""flip-evaluator"":""1.7"",""lpips"":""0.1.4"",""torch"":""2.10.0+rocm7.0"",""torchmetrics"":""1.9.0""}",smoke_not_paper_comparable
smoke,smoke,kodim19,512,768,LPE,0,lsd,0.09203527958745539,401408,9603,411011,2.870112965346426,5.2556702949805185,3,4,9004fe2240b9e84c55ae641ba78c0ad5f83398a6,True,/home/aup/yy/workspace/peps/configs/paper/image_repro_smoke.toml,"{""batch_size"":512,""checkpoint_every"":1,""cosine"":true,""encoder_lr"":0.1,""log_every"":1,""loss"":""l2"",""model_lr"":0.001,""seed"":0,""steps"":1,""task"":""image"",""total_steps"":1}","{""flip-evaluator"":""1.7"",""lpips"":""0.1.4"",""torch"":""2.10.0+rocm7.0"",""torchmetrics"":""1.9.0""}",smoke_not_paper_comparable
smoke,smoke,kodim19,512,768,LPE,0,psnr,5.562595684223453,401408,9603,411011,2.870112965346426,5.2556702949805185,3,4,9004fe2240b9e84c55ae641ba78c0ad5f83398a6,True,/home/aup/yy/workspace/peps/configs/paper/image_repro_smoke.toml,"{""batch_size"":512,""checkpoint_every"":1,""cosine"":true,""encoder_lr"":0.1,""log_every"":1,""loss"":""l2"",""model_lr"":0.001,""seed"":0,""steps"":1,""task"":""image"",""total_steps"":1}","{""flip-evaluator"":""1.7"",""lpips"":""0.1.4"",""torch"":""2.10.0+rocm7.0"",""torchmetrics"":""1.9.0""}",smoke_not_paper_comparable
smoke,smoke,kodim19,512,768,LPE,0,ssim,-0.13997353613376617,401408,9603,411011,2.870112965346426,5.2556702949805185,3,4,9004fe2240b9e84c55ae641ba78c0ad5f83398a6,True,/home/aup/yy/workspace/peps/configs/paper/image_repro_smoke.toml,"{""batch_size"":512,""checkpoint_every"":1,""cosine"":true,""encoder_lr"":0.1,""log_every"":1,""loss"":""l2"",""model_lr"":0.001,""seed"":0,""steps"":1,""task"":""image"",""total_steps"":1}","{""flip-evaluator"":""1.7"",""lpips"":""0.1.4"",""torch"":""2.10.0+rocm7.0"",""torchmetrics"":""1.9.0""}",smoke_not_paper_comparable
smoke,smoke,kodim19,512,768,NTC_N,0,flip,0.8376726508140564,417792,13699,431491,2.733887844705915,3.5077619400108233,0,4,9004fe2240b9e84c55ae641ba78c0ad5f83398a6,True,/home/aup/yy/workspace/peps/configs/paper/image_repro_smoke.toml,"{""batch_size"":512,""checkpoint_every"":1,""cosine"":true,""encoder_lr"":0.1,""log_every"":1,""loss"":""l2"",""model_lr"":0.001,""seed"":0,""steps"":1,""task"":""image"",""total_steps"":1}","{""flip-evaluator"":""1.7"",""lpips"":""0.1.4"",""torch"":""2.10.0+rocm7.0"",""torchmetrics"":""1.9.0""}",smoke_not_paper_comparable
smoke,smoke,kodim19,512,768,NTC_N,0,lpips,0.9552226662635803,417792,13699,431491,2.733887844705915,3.5077619400108233,0,4,9004fe2240b9e84c55ae641ba78c0ad5f83398a6,True,/home/aup/yy/workspace/peps/configs/paper/image_repro_smoke.toml,"{""batch_size"":512,""checkpoint_every"":1,""cosine"":true,""encoder_lr"":0.1,""log_every"":1,""loss"":""l2"",""model_lr"":0.001,""seed"":0,""steps"":1,""task"":""image"",""total_steps"":1}","{""flip-evaluator"":""1.7"",""lpips"":""0.1.4"",""torch"":""2.10.0+rocm7.0"",""torchmetrics"":""1.9.0""}",smoke_not_paper_comparable
smoke,smoke,kodim19,512,768,NTC_N,0,lsd,0.09163614564650008,417792,13699,431491,2.733887844705915,3.5077619400108233,0,4,9004fe2240b9e84c55ae641ba78c0ad5f83398a6,True,/home/aup/yy/workspace/peps/configs/paper/image_repro_smoke.toml,"{""batch_size"":512,""checkpoint_every"":1,""cosine"":true,""encoder_lr"":0.1,""log_every"":1,""loss"":""l2"",""model_lr"":0.001,""seed"":0,""steps"":1,""task"":""image"",""total_steps"":1}","{""flip-evaluator"":""1.7"",""lpips"":""0.1.4"",""torch"":""2.10.0+rocm7.0"",""torchmetrics"":""1.9.0""}",smoke_not_paper_comparable
smoke,smoke,kodim19,512,768,NTC_N,0,psnr,7.136438364979345,417792,13699,431491,2.733887844705915,3.5077619400108233,0,4,9004fe2240b9e84c55ae641ba78c0ad5f83398a6,True,/home/aup/yy/workspace/peps/configs/paper/image_repro_smoke.toml,"{""batch_size"":512,""checkpoint_every"":1,""cosine"":true,""encoder_lr"":0.1,""log_every"":1,""loss"":""l2"",""model_lr"":0.001,""seed"":0,""steps"":1,""task"":""image"",""total_steps"":1}","{""flip-evaluator"":""1.7"",""lpips"":""0.1.4"",""torch"":""2.10.0+rocm7.0"",""torchmetrics"":""1.9.0""}",smoke_not_paper_comparable
smoke,smoke,kodim19,512,768,NTC_N,0,ssim,0.10992234945297241,417792,13699,431491,2.733887844705915,3.5077619400108233,0,4,9004fe2240b9e84c55ae641ba78c0ad5f83398a6,True,/home/aup/yy/workspace/peps/configs/paper/image_repro_smoke.toml,"{""batch_size"":512,""checkpoint_every"":1,""cosine"":true,""encoder_lr"":0.1,""log_every"":1,""loss"":""l2"",""model_lr"":0.001,""seed"":0,""steps"":1,""task"":""image"",""total_steps"":1}","{""flip-evaluator"":""1.7"",""lpips"":""0.1.4"",""torch"":""2.10.0+rocm7.0"",""torchmetrics"":""1.9.0""}",smoke_not_paper_comparable
smoke,smoke,kodim19,512,768,Grid,0,flip,0.8714978098869324,426496,9667,436163,2.704603554175847,4.975117516936734,1,4,9004fe2240b9e84c55ae641ba78c0ad5f83398a6,True,/home/aup/yy/workspace/peps/configs/paper/image_repro_smoke.toml,"{""batch_size"":512,""checkpoint_every"":1,""cosine"":true,""encoder_lr"":0.1,""log_every"":1,""loss"":""l2"",""model_lr"":0.001,""seed"":0,""steps"":1,""task"":""image"",""total_steps"":1}","{""flip-evaluator"":""1.7"",""lpips"":""0.1.4"",""torch"":""2.10.0+rocm7.0"",""torchmetrics"":""1.9.0""}",smoke_not_paper_comparable
smoke,smoke,kodim19,512,768,Grid,0,lpips,1.0026921033859253,426496,9667,436163,2.704603554175847,4.975117516936734,1,4,9004fe2240b9e84c55ae641ba78c0ad5f83398a6,True,/home/aup/yy/workspace/peps/configs/paper/image_repro_smoke.toml,"{""batch_size"":512,""checkpoint_every"":1,""cosine"":true,""encoder_lr"":0.1,""log_every"":1,""loss"":""l2"",""model_lr"":0.001,""seed"":0,""steps"":1,""task"":""image"",""total_steps"":1}","{""flip-evaluator"":""1.7"",""lpips"":""0.1.4"",""torch"":""2.10.0+rocm7.0"",""torchmetrics"":""1.9.0""}",smoke_not_paper_comparable
smoke,smoke,kodim19,512,768,Grid,0,lsd,0.09180071325648881,426496,9667,436163,2.704603554175847,4.975117516936734,1,4,9004fe2240b9e84c55ae641ba78c0ad5f83398a6,True,/home/aup/yy/workspace/peps/configs/paper/image_repro_smoke.toml,"{""batch_size"":512,""checkpoint_every"":1,""cosine"":true,""encoder_lr"":0.1,""log_every"":1,""loss"":""l2"",""model_lr"":0.001,""seed"":0,""steps"":1,""task"":""image"",""total_steps"":1}","{""flip-evaluator"":""1.7"",""lpips"":""0.1.4"",""torch"":""2.10.0+rocm7.0"",""torchmetrics"":""1.9.0""}",smoke_not_paper_comparable
smoke,smoke,kodim19,512,768,Grid,0,psnr,5.660144693027611,426496,9667,436163,2.704603554175847,4.975117516936734,1,4,9004fe2240b9e84c55ae641ba78c0ad5f83398a6,True,/home/aup/yy/workspace/peps/configs/paper/image_repro_smoke.toml,"{""batch_size"":512,""checkpoint_every"":1,""cosine"":true,""encoder_lr"":0.1,""log_every"":1,""loss"":""l2"",""model_lr"":0.001,""seed"":0,""steps"":1,""task"":""image"",""total_steps"":1}","{""flip-evaluator"":""1.7"",""lpips"":""0.1.4"",""torch"":""2.10.0+rocm7.0"",""torchmetrics"":""1.9.0""}",smoke_not_paper_comparable
smoke,smoke,kodim19,512,768,Grid,0,ssim,-0.08412173390388489,426496,9667,436163,2.704603554175847,4.975117516936734,1,4,9004fe2240b9e84c55ae641ba78c0ad5f83398a6,True,/home/aup/yy/workspace/peps/configs/paper/image_repro_smoke.toml,"{""batch_size"":512,""checkpoint_every"":1,""cosine"":true,""encoder_lr"":0.1,""log_every"":1,""loss"":""l2"",""model_lr"":0.001,""seed"":0,""steps"":1,""task"":""image"",""total_steps"":1}","{""flip-evaluator"":""1.7"",""lpips"":""0.1.4"",""torch"":""2.10.0+rocm7.0"",""torchmetrics"":""1.9.0""}",smoke_not_paper_comparable
smoke,smoke,kodim19,512,768,G-PEPS,0,flip,0.8083703517913818,426496,16195,442691,2.6647209904877216,5.4180828660028055,2,4,9004fe2240b9e84c55ae641ba78c0ad5f83398a6,True,/home/aup/yy/workspace/peps/configs/paper/image_repro_smoke.toml,"{""batch_size"":512,""checkpoint_every"":1,""cosine"":true,""encoder_lr"":0.1,""log_every"":1,""loss"":""l2"",""model_lr"":0.001,""seed"":0,""steps"":1,""task"":""image"",""total_steps"":1}","{""flip-evaluator"":""1.7"",""lpips"":""0.1.4"",""torch"":""2.10.0+rocm7.0"",""torchmetrics"":""1.9.0""}",smoke_not_paper_comparable
smoke,smoke,kodim19,512,768,G-PEPS,0,lpips,1.031740665435791,426496,16195,442691,2.6647209904877216,5.4180828660028055,2,4,9004fe2240b9e84c55ae641ba78c0ad5f83398a6,True,/home/aup/yy/workspace/peps/configs/paper/image_repro_smoke.toml,"{""batch_size"":512,""checkpoint_every"":1,""cosine"":true,""encoder_lr"":0.1,""log_every"":1,""loss"":""l2"",""model_lr"":0.001,""seed"":0,""steps"":1,""task"":""image"",""total_steps"":1}","{""flip-evaluator"":""1.7"",""lpips"":""0.1.4"",""torch"":""2.10.0+rocm7.0"",""torchmetrics"":""1.9.0""}",smoke_not_paper_comparable
smoke,smoke,kodim19,512,768,G-PEPS,0,lsd,0.0916215922591499,426496,16195,442691,2.6647209904877216,5.4180828660028055,2,4,9004fe2240b9e84c55ae641ba78c0ad5f83398a6,True,/home/aup/yy/workspace/peps/configs/paper/image_repro_smoke.toml,"{""batch_size"":512,""checkpoint_every"":1,""cosine"":true,""encoder_lr"":0.1,""log_every"":1,""loss"":""l2"",""model_lr"":0.001,""seed"":0,""steps"":1,""task"":""image"",""total_steps"":1}","{""flip-evaluator"":""1.7"",""lpips"":""0.1.4"",""torch"":""2.10.0+rocm7.0"",""torchmetrics"":""1.9.0""}",smoke_not_paper_comparable
smoke,smoke,kodim19,512,768,G-PEPS,0,psnr,6.499091037060102,426496,16195,442691,2.6647209904877216,5.4180828660028055,2,4,9004fe2240b9e84c55ae641ba78c0ad5f83398a6,True,/home/aup/yy/workspace/peps/configs/paper/image_repro_smoke.toml,"{""batch_size"":512,""checkpoint_every"":1,""cosine"":true,""encoder_lr"":0.1,""log_every"":1,""loss"":""l2"",""model_lr"":0.001,""seed"":0,""steps"":1,""task"":""image"",""total_steps"":1}","{""flip-evaluator"":""1.7"",""lpips"":""0.1.4"",""torch"":""2.10.0+rocm7.0"",""torchmetrics"":""1.9.0""}",smoke_not_paper_comparable
smoke,smoke,kodim19,512,768,G-PEPS,0,ssim,0.018388979136943817,426496,16195,442691,2.6647209904877216,5.4180828660028055,2,4,9004fe2240b9e84c55ae641ba78c0ad5f83398a6,True,/home/aup/yy/workspace/peps/configs/paper/image_repro_smoke.toml,"{""batch_size"":512,""checkpoint_every"":1,""cosine"":true,""encoder_lr"":0.1,""log_every"":1,""loss"":""l2"",""model_lr"":0.001,""seed"":0,""steps"":1,""task"":""image"",""total_steps"":1}","{""flip-evaluator"":""1.7"",""lpips"":""0.1.4"",""torch"":""2.10.0+rocm7.0"",""torchmetrics"":""1.9.0""}",smoke_not_paper_comparable
smoke,smoke,kodim19,512,768,G-P-PEPS,0,flip,0.8601810336112976,426496,11459,437955,2.69353700722677,4.65194650599733,3,4,9004fe2240b9e84c55ae641ba78c0ad5f83398a6,True,/home/aup/yy/workspace/peps/configs/paper/image_repro_smoke.toml,"{""batch_size"":512,""checkpoint_every"":1,""cosine"":true,""encoder_lr"":0.1,""log_every"":1,""loss"":""l2"",""model_lr"":0.001,""seed"":0,""steps"":1,""task"":""image"",""total_steps"":1}","{""flip-evaluator"":""1.7"",""lpips"":""0.1.4"",""torch"":""2.10.0+rocm7.0"",""torchmetrics"":""1.9.0""}",smoke_not_paper_comparable
smoke,smoke,kodim19,512,768,G-P-PEPS,0,lpips,0.972158670425415,426496,11459,437955,2.69353700722677,4.65194650599733,3,4,9004fe2240b9e84c55ae641ba78c0ad5f83398a6,True,/home/aup/yy/workspace/peps/configs/paper/image_repro_smoke.toml,"{""batch_size"":512,""checkpoint_every"":1,""cosine"":true,""encoder_lr"":0.1,""log_every"":1,""loss"":""l2"",""model_lr"":0.001,""seed"":0,""steps"":1,""task"":""image"",""total_steps"":1}","{""flip-evaluator"":""1.7"",""lpips"":""0.1.4"",""torch"":""2.10.0+rocm7.0"",""torchmetrics"":""1.9.0""}",smoke_not_paper_comparable
smoke,smoke,kodim19,512,768,G-P-PEPS,0,lsd,0.09170997339647341,426496,11459,437955,2.69353700722677,4.65194650599733,3,4,9004fe2240b9e84c55ae641ba78c0ad5f83398a6,True,/home/aup/yy/workspace/peps/configs/paper/image_repro_smoke.toml,"{""batch_size"":512,""checkpoint_every"":1,""cosine"":true,""encoder_lr"":0.1,""log_every"":1,""loss"":""l2"",""model_lr"":0.001,""seed"":0,""steps"":1,""task"":""image"",""total_steps"":1}","{""flip-evaluator"":""1.7"",""lpips"":""0.1.4"",""torch"":""2.10.0+rocm7.0"",""torchmetrics"":""1.9.0""}",smoke_not_paper_comparable
smoke,smoke,kodim19,512,768,G-P-PEPS,0,psnr,6.646313061381926,426496,11459,437955,2.69353700722677,4.65194650599733,3,4,9004fe2240b9e84c55ae641ba78c0ad5f83398a6,True,/home/aup/yy/workspace/peps/configs/paper/image_repro_smoke.toml,"{""batch_size"":512,""checkpoint_every"":1,""cosine"":true,""encoder_lr"":0.1,""log_every"":1,""loss"":""l2"",""model_lr"":0.001,""seed"":0,""steps"":1,""task"":""image"",""total_steps"":1}","{""flip-evaluator"":""1.7"",""lpips"":""0.1.4"",""torch"":""2.10.0+rocm7.0"",""torchmetrics"":""1.9.0""}",smoke_not_paper_comparable
smoke,smoke,kodim19,512,768,G-P-PEPS,0,ssim,0.03576706349849701,426496,11459,437955,2.69353700722677,4.65194650599733,3,4,9004fe2240b9e84c55ae641ba78c0ad5f83398a6,True,/home/aup/yy/workspace/peps/configs/paper/image_repro_smoke.toml,"{""batch_size"":512,""checkpoint_every"":1,""cosine"":true,""encoder_lr"":0.1,""log_every"":1,""loss"":""l2"",""model_lr"":0.001,""seed"":0,""steps"":1,""task"":""image"",""total_steps"":1}","{""flip-evaluator"":""1.7"",""lpips"":""0.1.4"",""torch"":""2.10.0+rocm7.0"",""torchmetrics"":""1.9.0""}",smoke_not_paper_comparable
smoke,smoke,kodim19,512,768,NTC_PEPS,0,flip,0.8360350728034973,417792,39811,457603,2.577885197430961,6.943996317917481,0,4,9004fe2240b9e84c55ae641ba78c0ad5f83398a6,True,/home/aup/yy/workspace/peps/configs/paper/image_repro_smoke.toml,"{""batch_size"":512,""checkpoint_every"":1,""cosine"":true,""encoder_lr"":0.1,""log_every"":1,""loss"":""l2"",""model_lr"":0.001,""seed"":0,""steps"":1,""task"":""image"",""total_steps"":1}","{""flip-evaluator"":""1.7"",""lpips"":""0.1.4"",""torch"":""2.10.0+rocm7.0"",""torchmetrics"":""1.9.0""}",smoke_not_paper_comparable
smoke,smoke,kodim19,512,768,NTC_PEPS,0,lpips,0.986649215221405,417792,39811,457603,2.577885197430961,6.943996317917481,0,4,9004fe2240b9e84c55ae641ba78c0ad5f83398a6,True,/home/aup/yy/workspace/peps/configs/paper/image_repro_smoke.toml,"{""batch_size"":512,""checkpoint_every"":1,""cosine"":true,""encoder_lr"":0.1,""log_every"":1,""loss"":""l2"",""model_lr"":0.001,""seed"":0,""steps"":1,""task"":""image"",""total_steps"":1}","{""flip-evaluator"":""1.7"",""lpips"":""0.1.4"",""torch"":""2.10.0+rocm7.0"",""torchmetrics"":""1.9.0""}",smoke_not_paper_comparable
smoke,smoke,kodim19,512,768,NTC_PEPS,0,lsd,0.09109746905041353,417792,39811,457603,2.577885197430961,6.943996317917481,0,4,9004fe2240b9e84c55ae641ba78c0ad5f83398a6,True,/home/aup/yy/workspace/peps/configs/paper/image_repro_smoke.toml,"{""batch_size"":512,""checkpoint_every"":1,""cosine"":true,""encoder_lr"":0.1,""log_every"":1,""loss"":""l2"",""model_lr"":0.001,""seed"":0,""steps"":1,""task"":""image"",""total_steps"":1}","{""flip-evaluator"":""1.7"",""lpips"":""0.1.4"",""torch"":""2.10.0+rocm7.0"",""torchmetrics"":""1.9.0""}",smoke_not_paper_comparable
smoke,smoke,kodim19,512,768,NTC_PEPS,0,psnr,7.907052305370512,417792,39811,457603,2.577885197430961,6.943996317917481,0,4,9004fe2240b9e84c55ae641ba78c0ad5f83398a6,True,/home/aup/yy/workspace/peps/configs/paper/image_repro_smoke.toml,"{""batch_size"":512,""checkpoint_every"":1,""cosine"":true,""encoder_lr"":0.1,""log_every"":1,""loss"":""l2"",""model_lr"":0.001,""seed"":0,""steps"":1,""task"":""image"",""total_steps"":1}","{""flip-evaluator"":""1.7"",""lpips"":""0.1.4"",""torch"":""2.10.0+rocm7.0"",""torchmetrics"":""1.9.0""}",smoke_not_paper_comparable
smoke,smoke,kodim19,512,768,NTC_PEPS,0,ssim,0.213935986161232,417792,39811,457603,2.577885197430961,6.943996317917481,0,4,9004fe2240b9e84c55ae641ba78c0ad5f83398a6,True,/home/aup/yy/workspace/peps/configs/paper/image_repro_smoke.toml,"{""batch_size"":512,""checkpoint_every"":1,""cosine"":true,""encoder_lr"":0.1,""log_every"":1,""loss"":""l2"",""model_lr"":0.001,""seed"":0,""steps"":1,""task"":""image"",""total_steps"":1}","{""flip-evaluator"":""1.7"",""lpips"":""0.1.4"",""torch"":""2.10.0+rocm7.0"",""torchmetrics"":""1.9.0""}",smoke_not_paper_comparable
smoke,smoke,kodim19,512,768,NTC_PinkPEPS,0,flip,0.8572976589202881,417792,21251,439043,2.6868621069006906,5.625180599978194,1,4,9004fe2240b9e84c55ae641ba78c0ad5f83398a6,True,/home/aup/yy/workspace/peps/configs/paper/image_repro_smoke.toml,"{""batch_size"":512,""checkpoint_every"":1,""cosine"":true,""encoder_lr"":0.1,""log_every"":1,""loss"":""l2"",""model_lr"":0.001,""seed"":0,""steps"":1,""task"":""image"",""total_steps"":1}","{""flip-evaluator"":""1.7"",""lpips"":""0.1.4"",""torch"":""2.10.0+rocm7.0"",""torchmetrics"":""1.9.0""}",smoke_not_paper_comparable
smoke,smoke,kodim19,512,768,NTC_PinkPEPS,0,lpips,0.9960767030715942,417792,21251,439043,2.6868621069006906,5.625180599978194,1,4,9004fe2240b9e84c55ae641ba78c0ad5f83398a6,True,/home/aup/yy/workspace/peps/configs/paper/image_repro_smoke.toml,"{""batch_size"":512,""checkpoint_every"":1,""cosine"":true,""encoder_lr"":0.1,""log_every"":1,""loss"":""l2"",""model_lr"":0.001,""seed"":0,""steps"":1,""task"":""image"",""total_steps"":1}","{""flip-evaluator"":""1.7"",""lpips"":""0.1.4"",""torch"":""2.10.0+rocm7.0"",""torchmetrics"":""1.9.0""}",smoke_not_paper_comparable
smoke,smoke,kodim19,512,768,NTC_PinkPEPS,0,lsd,0.09129888016224323,417792,21251,439043,2.6868621069006906,5.625180599978194,1,4,9004fe2240b9e84c55ae641ba78c0ad5f83398a6,True,/home/aup/yy/workspace/peps/configs/paper/image_repro_smoke.toml,"{""batch_size"":512,""checkpoint_every"":1,""cosine"":true,""encoder_lr"":0.1,""log_every"":1,""loss"":""l2"",""model_lr"":0.001,""seed"":0,""steps"":1,""task"":""image"",""total_steps"":1}","{""flip-evaluator"":""1.7"",""lpips"":""0.1.4"",""torch"":""2.10.0+rocm7.0"",""torchmetrics"":""1.9.0""}",smoke_not_paper_comparable
smoke,smoke,kodim19,512,768,NTC_PinkPEPS,0,psnr,6.375399475702983,417792,21251,439043,2.6868621069006906,5.625180599978194,1,4,9004fe2240b9e84c55ae641ba78c0ad5f83398a6,True,/home/aup/yy/workspace/peps/configs/paper/image_repro_smoke.toml,"{""batch_size"":512,""checkpoint_every"":1,""cosine"":true,""encoder_lr"":0.1,""log_every"":1,""loss"":""l2"",""model_lr"":0.001,""seed"":0,""steps"":1,""task"":""image"",""total_steps"":1}","{""flip-evaluator"":""1.7"",""lpips"":""0.1.4"",""torch"":""2.10.0+rocm7.0"",""torchmetrics"":""1.9.0""}",smoke_not_paper_comparable
smoke,smoke,kodim19,512,768,NTC_PinkPEPS,0,ssim,0.012628909200429916,417792,21251,439043,2.6868621069006906,5.625180599978194,1,4,9004fe2240b9e84c55ae641ba78c0ad5f83398a6,True,/home/aup/yy/workspace/peps/configs/paper/image_repro_smoke.toml,"{""batch_size"":512,""checkpoint_every"":1,""cosine"":true,""encoder_lr"":0.1,""log_every"":1,""loss"":""l2"",""model_lr"":0.001,""seed"":0,""steps"":1,""task"":""image"",""total_steps"":1}","{""flip-evaluator"":""1.7"",""lpips"":""0.1.4"",""torch"":""2.10.0+rocm7.0"",""torchmetrics"":""1.9.0""}",smoke_not_paper_comparable
smoke,smoke,kodim19,512,768,G-P-PEPS-25,0,flip,0.8630910515785217,326144,10691,336835,3.5021538735582705,3.5209456079173833,2,4,9004fe2240b9e84c55ae641ba78c0ad5f83398a6,True,/home/aup/yy/workspace/peps/configs/paper/image_repro_smoke.toml,"{""batch_size"":512,""checkpoint_every"":1,""cosine"":true,""encoder_lr"":0.1,""log_every"":1,""loss"":""l2"",""model_lr"":0.001,""seed"":0,""steps"":1,""task"":""image"",""total_steps"":1}","{""flip-evaluator"":""1.7"",""lpips"":""0.1.4"",""torch"":""2.10.0+rocm7.0"",""torchmetrics"":""1.9.0""}",smoke_not_paper_comparable
smoke,smoke,kodim19,512,768,G-P-PEPS-25,0,lpips,0.9731676578521729,326144,10691,336835,3.5021538735582705,3.5209456079173833,2,4,9004fe2240b9e84c55ae641ba78c0ad5f83398a6,True,/home/aup/yy/workspace/peps/configs/paper/image_repro_smoke.toml,"{""batch_size"":512,""checkpoint_every"":1,""cosine"":true,""encoder_lr"":0.1,""log_every"":1,""loss"":""l2"",""model_lr"":0.001,""seed"":0,""steps"":1,""task"":""image"",""total_steps"":1}","{""flip-evaluator"":""1.7"",""lpips"":""0.1.4"",""torch"":""2.10.0+rocm7.0"",""torchmetrics"":""1.9.0""}",smoke_not_paper_comparable
smoke,smoke,kodim19,512,768,G-P-PEPS-25,0,lsd,0.09183673640089612,326144,10691,336835,3.5021538735582705,3.5209456079173833,2,4,9004fe2240b9e84c55ae641ba78c0ad5f83398a6,True,/home/aup/yy/workspace/peps/configs/paper/image_repro_smoke.toml,"{""batch_size"":512,""checkpoint_every"":1,""cosine"":true,""encoder_lr"":0.1,""log_every"":1,""loss"":""l2"",""model_lr"":0.001,""seed"":0,""steps"":1,""task"":""image"",""total_steps"":1}","{""flip-evaluator"":""1.7"",""lpips"":""0.1.4"",""torch"":""2.10.0+rocm7.0"",""torchmetrics"":""1.9.0""}",smoke_not_paper_comparable
smoke,smoke,kodim19,512,768,G-P-PEPS-25,0,psnr,6.747720286336363,326144,10691,336835,3.5021538735582705,3.5209456079173833,2,4,9004fe2240b9e84c55ae641ba78c0ad5f83398a6,True,/home/aup/yy/workspace/peps/configs/paper/image_repro_smoke.toml,"{""batch_size"":512,""checkpoint_every"":1,""cosine"":true,""encoder_lr"":0.1,""log_every"":1,""loss"":""l2"",""model_lr"":0.001,""seed"":0,""steps"":1,""task"":""image"",""total_steps"":1}","{""flip-evaluator"":""1.7"",""lpips"":""0.1.4"",""torch"":""2.10.0+rocm7.0"",""torchmetrics"":""1.9.0""}",smoke_not_paper_comparable
smoke,smoke,kodim19,512,768,G-P-PEPS-25,0,ssim,0.05176688730716705,326144,10691,336835,3.5021538735582705,3.5209456079173833,2,4,9004fe2240b9e84c55ae641ba78c0ad5f83398a6,True,/home/aup/yy/workspace/peps/configs/paper/image_repro_smoke.toml,"{""batch_size"":512,""checkpoint_every"":1,""cosine"":true,""encoder_lr"":0.1,""log_every"":1,""loss"":""l2"",""model_lr"":0.001,""seed"":0,""steps"":1,""task"":""image"",""total_steps"":1}","{""flip-evaluator"":""1.7"",""lpips"":""0.1.4"",""torch"":""2.10.0+rocm7.0"",""torchmetrics"":""1.9.0""}",smoke_not_paper_comparable
smoke,smoke,kodim20,768,512,PE,0,flip,0.8730413317680359,0,194403,194403,6.068054505331708,5.990275179035962,3,4,9004fe2240b9e84c55ae641ba78c0ad5f83398a6,True,/home/aup/yy/workspace/peps/configs/paper/image_repro_smoke.toml,"{""batch_size"":512,""checkpoint_every"":1,""cosine"":true,""encoder_lr"":0.1,""log_every"":1,""loss"":""l2"",""model_lr"":0.001,""seed"":0,""steps"":1,""task"":""image"",""total_steps"":1}","{""flip-evaluator"":""1.7"",""lpips"":""0.1.4"",""torch"":""2.10.0+rocm7.0"",""torchmetrics"":""1.9.0""}",smoke_not_paper_comparable
smoke,smoke,kodim20,768,512,PE,0,lpips,0.9295789003372192,0,194403,194403,6.068054505331708,5.990275179035962,3,4,9004fe2240b9e84c55ae641ba78c0ad5f83398a6,True,/home/aup/yy/workspace/peps/configs/paper/image_repro_smoke.toml,"{""batch_size"":512,""checkpoint_every"":1,""cosine"":true,""encoder_lr"":0.1,""log_every"":1,""loss"":""l2"",""model_lr"":0.001,""seed"":0,""steps"":1,""task"":""image"",""total_steps"":1}","{""flip-evaluator"":""1.7"",""lpips"":""0.1.4"",""torch"":""2.10.0+rocm7.0"",""torchmetrics"":""1.9.0""}",smoke_not_paper_comparable
smoke,smoke,kodim20,768,512,PE,0,lsd,0.08732987458835674,0,194403,194403,6.068054505331708,5.990275179035962,3,4,9004fe2240b9e84c55ae641ba78c0ad5f83398a6,True,/home/aup/yy/workspace/peps/configs/paper/image_repro_smoke.toml,"{""batch_size"":512,""checkpoint_every"":1,""cosine"":true,""encoder_lr"":0.1,""log_every"":1,""loss"":""l2"",""model_lr"":0.001,""seed"":0,""steps"":1,""task"":""image"",""total_steps"":1}","{""flip-evaluator"":""1.7"",""lpips"":""0.1.4"",""torch"":""2.10.0+rocm7.0"",""torchmetrics"":""1.9.0""}",smoke_not_paper_comparable
smoke,smoke,kodim20,768,512,PE,0,psnr,2.514795099635727,0,194403,194403,6.068054505331708,5.990275179035962,3,4,9004fe2240b9e84c55ae641ba78c0ad5f83398a6,True,/home/aup/yy/workspace/peps/configs/paper/image_repro_smoke.toml,"{""batch_size"":512,""checkpoint_every"":1,""cosine"":true,""encoder_lr"":0.1,""log_every"":1,""loss"":""l2"",""model_lr"":0.001,""seed"":0,""steps"":1,""task"":""image"",""total_steps"":1}","{""flip-evaluator"":""1.7"",""lpips"":""0.1.4"",""torch"":""2.10.0+rocm7.0"",""torchmetrics"":""1.9.0""}",smoke_not_paper_comparable
smoke,smoke,kodim20,768,512,PE,0,ssim,0.0014508827589452267,0,194403,194403,6.068054505331708,5.990275179035962,3,4,9004fe2240b9e84c55ae641ba78c0ad5f83398a6,True,/home/aup/yy/workspace/peps/configs/paper/image_repro_smoke.toml,"{""batch_size"":512,""checkpoint_every"":1,""cosine"":true,""encoder_lr"":0.1,""log_every"":1,""loss"":""l2"",""model_lr"":0.001,""seed"":0,""steps"":1,""task"":""image"",""total_steps"":1}","{""flip-evaluator"":""1.7"",""lpips"":""0.1.4"",""torch"":""2.10.0+rocm7.0"",""torchmetrics"":""1.9.0""}",smoke_not_paper_comparable
smoke,smoke,kodim20,768,512,LPE,0,flip,0.8799379467964172,401408,9603,411011,2.870112965346426,4.105798966018483,0,4,9004fe2240b9e84c55ae641ba78c0ad5f83398a6,True,/home/aup/yy/workspace/peps/configs/paper/image_repro_smoke.toml,"{""batch_size"":512,""checkpoint_every"":1,""cosine"":true,""encoder_lr"":0.1,""log_every"":1,""loss"":""l2"",""model_lr"":0.001,""seed"":0,""steps"":1,""task"":""image"",""total_steps"":1}","{""flip-evaluator"":""1.7"",""lpips"":""0.1.4"",""torch"":""2.10.0+rocm7.0"",""torchmetrics"":""1.9.0""}",smoke_not_paper_comparable
smoke,smoke,kodim20,768,512,LPE,0,lpips,0.8743261694908142,401408,9603,411011,2.870112965346426,4.105798966018483,0,4,9004fe2240b9e84c55ae641ba78c0ad5f83398a6,True,/home/aup/yy/workspace/peps/configs/paper/image_repro_smoke.toml,"{""batch_size"":512,""checkpoint_every"":1,""cosine"":true,""encoder_lr"":0.1,""log_every"":1,""loss"":""l2"",""model_lr"":0.001,""seed"":0,""steps"":1,""task"":""image"",""total_steps"":1}","{""flip-evaluator"":""1.7"",""lpips"":""0.1.4"",""torch"":""2.10.0+rocm7.0"",""torchmetrics"":""1.9.0""}",smoke_not_paper_comparable
smoke,smoke,kodim20,768,512,LPE,0,lsd,0.08903015194414636,401408,9603,411011,2.870112965346426,4.105798966018483,0,4,9004fe2240b9e84c55ae641ba78c0ad5f83398a6,True,/home/aup/yy/workspace/peps/configs/paper/image_repro_smoke.toml,"{""batch_size"":512,""checkpoint_every"":1,""cosine"":true,""encoder_lr"":0.1,""log_every"":1,""loss"":""l2"",""model_lr"":0.001,""seed"":0,""steps"":1,""task"":""image"",""total_steps"":1}","{""flip-evaluator"":""1.7"",""lpips"":""0.1.4"",""torch"":""2.10.0+rocm7.0"",""torchmetrics"":""1.9.0""}",smoke_not_paper_comparable
smoke,smoke,kodim20,768,512,LPE,0,psnr,1.9338799545969345,401408,9603,411011,2.870112965346426,4.105798966018483,0,4,9004fe2240b9e84c55ae641ba78c0ad5f83398a6,True,/home/aup/yy/workspace/peps/configs/paper/image_repro_smoke.toml,"{""batch_size"":512,""checkpoint_every"":1,""cosine"":true,""encoder_lr"":0.1,""log_every"":1,""loss"":""l2"",""model_lr"":0.001,""seed"":0,""steps"":1,""task"":""image"",""total_steps"":1}","{""flip-evaluator"":""1.7"",""lpips"":""0.1.4"",""torch"":""2.10.0+rocm7.0"",""torchmetrics"":""1.9.0""}",smoke_not_paper_comparable
smoke,smoke,kodim20,768,512,LPE,0,ssim,-0.1368977427482605,401408,9603,411011,2.870112965346426,4.105798966018483,0,4,9004fe2240b9e84c55ae641ba78c0ad5f83398a6,True,/home/aup/yy/workspace/peps/configs/paper/image_repro_smoke.toml,"{""batch_size"":512,""checkpoint_every"":1,""cosine"":true,""encoder_lr"":0.1,""log_every"":1,""loss"":""l2"",""model_lr"":0.001,""seed"":0,""steps"":1,""task"":""image"",""total_steps"":1}","{""flip-evaluator"":""1.7"",""lpips"":""0.1.4"",""torch"":""2.10.0+rocm7.0"",""torchmetrics"":""1.9.0""}",smoke_not_paper_comparable
smoke,smoke,kodim20,768,512,NTC_N,0,flip,0.8573951125144958,417792,13699,431491,2.733887844705915,4.1561180939897895,1,4,9004fe2240b9e84c55ae641ba78c0ad5f83398a6,True,/home/aup/yy/workspace/peps/configs/paper/image_repro_smoke.toml,"{""batch_size"":512,""checkpoint_every"":1,""cosine"":true,""encoder_lr"":0.1,""log_every"":1,""loss"":""l2"",""model_lr"":0.001,""seed"":0,""steps"":1,""task"":""image"",""total_steps"":1}","{""flip-evaluator"":""1.7"",""lpips"":""0.1.4"",""torch"":""2.10.0+rocm7.0"",""torchmetrics"":""1.9.0""}",smoke_not_paper_comparable
smoke,smoke,kodim20,768,512,NTC_N,0,lpips,0.8738391399383545,417792,13699,431491,2.733887844705915,4.1561180939897895,1,4,9004fe2240b9e84c55ae641ba78c0ad5f83398a6,True,/home/aup/yy/workspace/peps/configs/paper/image_repro_smoke.toml,"{""batch_size"":512,""checkpoint_every"":1,""cosine"":true,""encoder_lr"":0.1,""log_every"":1,""loss"":""l2"",""model_lr"":0.001,""seed"":0,""steps"":1,""task"":""image"",""total_steps"":1}","{""flip-evaluator"":""1.7"",""lpips"":""0.1.4"",""torch"":""2.10.0+rocm7.0"",""torchmetrics"":""1.9.0""}",smoke_not_paper_comparable
smoke,smoke,kodim20,768,512,NTC_N,0,lsd,0.08859368599285944,417792,13699,431491,2.733887844705915,4.1561180939897895,1,4,9004fe2240b9e84c55ae641ba78c0ad5f83398a6,True,/home/aup/yy/workspace/peps/configs/paper/image_repro_smoke.toml,"{""batch_size"":512,""checkpoint_every"":1,""cosine"":true,""encoder_lr"":0.1,""log_every"":1,""loss"":""l2"",""model_lr"":0.001,""seed"":0,""steps"":1,""task"":""image"",""total_steps"":1}","{""flip-evaluator"":""1.7"",""lpips"":""0.1.4"",""torch"":""2.10.0+rocm7.0"",""torchmetrics"":""1.9.0""}",smoke_not_paper_comparable
smoke,smoke,kodim20,768,512,NTC_N,0,psnr,2.9002852949684628,417792,13699,431491,2.733887844705915,4.1561180939897895,1,4,9004fe2240b9e84c55ae641ba78c0ad5f83398a6,True,/home/aup/yy/workspace/peps/configs/paper/image_repro_smoke.toml,"{""batch_size"":512,""checkpoint_every"":1,""cosine"":true,""encoder_lr"":0.1,""log_every"":1,""loss"":""l2"",""model_lr"":0.001,""seed"":0,""steps"":1,""task"":""image"",""total_steps"":1}","{""flip-evaluator"":""1.7"",""lpips"":""0.1.4"",""torch"":""2.10.0+rocm7.0"",""torchmetrics"":""1.9.0""}",smoke_not_paper_comparable
smoke,smoke,kodim20,768,512,NTC_N,0,ssim,0.11166998744010925,417792,13699,431491,2.733887844705915,4.1561180939897895,1,4,9004fe2240b9e84c55ae641ba78c0ad5f83398a6,True,/home/aup/yy/workspace/peps/configs/paper/image_repro_smoke.toml,"{""batch_size"":512,""checkpoint_every"":1,""cosine"":true,""encoder_lr"":0.1,""log_every"":1,""loss"":""l2"",""model_lr"":0.001,""seed"":0,""steps"":1,""task"":""image"",""total_steps"":1}","{""flip-evaluator"":""1.7"",""lpips"":""0.1.4"",""torch"":""2.10.0+rocm7.0"",""torchmetrics"":""1.9.0""}",smoke_not_paper_comparable
smoke,smoke,kodim20,768,512,Grid,0,flip,0.8791649341583252,426496,9667,436163,2.704603554175847,5.906461993930861,2,4,9004fe2240b9e84c55ae641ba78c0ad5f83398a6,True,/home/aup/yy/workspace/peps/configs/paper/image_repro_smoke.toml,"{""batch_size"":512,""checkpoint_every"":1,""cosine"":true,""encoder_lr"":0.1,""log_every"":1,""loss"":""l2"",""model_lr"":0.001,""seed"":0,""steps"":1,""task"":""image"",""total_steps"":1}","{""flip-evaluator"":""1.7"",""lpips"":""0.1.4"",""torch"":""2.10.0+rocm7.0"",""torchmetrics"":""1.9.0""}",smoke_not_paper_comparable
smoke,smoke,kodim20,768,512,Grid,0,lpips,0.9191395044326782,426496,9667,436163,2.704603554175847,5.906461993930861,2,4,9004fe2240b9e84c55ae641ba78c0ad5f83398a6,True,/home/aup/yy/workspace/peps/configs/paper/image_repro_smoke.toml,"{""batch_size"":512,""checkpoint_every"":1,""cosine"":true,""encoder_lr"":0.1,""log_every"":1,""loss"":""l2"",""model_lr"":0.001,""seed"":0,""steps"":1,""task"":""image"",""total_steps"":1}","{""flip-evaluator"":""1.7"",""lpips"":""0.1.4"",""torch"":""2.10.0+rocm7.0"",""torchmetrics"":""1.9.0""}",smoke_not_paper_comparable
smoke,smoke,kodim20,768,512,Grid,0,lsd,0.08876365394291597,426496,9667,436163,2.704603554175847,5.906461993930861,2,4,9004fe2240b9e84c55ae641ba78c0ad5f83398a6,True,/home/aup/yy/workspace/peps/configs/paper/image_repro_smoke.toml,"{""batch_size"":512,""checkpoint_every"":1,""cosine"":true,""encoder_lr"":0.1,""log_every"":1,""loss"":""l2"",""model_lr"":0.001,""seed"":0,""steps"":1,""task"":""image"",""total_steps"":1}","{""flip-evaluator"":""1.7"",""lpips"":""0.1.4"",""torch"":""2.10.0+rocm7.0"",""torchmetrics"":""1.9.0""}",smoke_not_paper_comparable
smoke,smoke,kodim20,768,512,Grid,0,psnr,2.0121841615287646,426496,9667,436163,2.704603554175847,5.906461993930861,2,4,9004fe2240b9e84c55ae641ba78c0ad5f83398a6,True,/home/aup/yy/workspace/peps/configs/paper/image_repro_smoke.toml,"{""batch_size"":512,""checkpoint_every"":1,""cosine"":true,""encoder_lr"":0.1,""log_every"":1,""loss"":""l2"",""model_lr"":0.001,""seed"":0,""steps"":1,""task"":""image"",""total_steps"":1}","{""flip-evaluator"":""1.7"",""lpips"":""0.1.4"",""torch"":""2.10.0+rocm7.0"",""torchmetrics"":""1.9.0""}",smoke_not_paper_comparable
smoke,smoke,kodim20,768,512,Grid,0,ssim,-0.07729599624872208,426496,9667,436163,2.704603554175847,5.906461993930861,2,4,9004fe2240b9e84c55ae641ba78c0ad5f83398a6,True,/home/aup/yy/workspace/peps/configs/paper/image_repro_smoke.toml,"{""batch_size"":512,""checkpoint_every"":1,""cosine"":true,""encoder_lr"":0.1,""log_every"":1,""loss"":""l2"",""model_lr"":0.001,""seed"":0,""steps"":1,""task"":""image"",""total_steps"":1}","{""flip-evaluator"":""1.7"",""lpips"":""0.1.4"",""torch"":""2.10.0+rocm7.0"",""torchmetrics"":""1.9.0""}",smoke_not_paper_comparable
smoke,smoke,kodim20,768,512,G-PEPS,0,flip,0.8398358225822449,426496,16195,442691,2.6647209904877216,3.4027963599655777,3,4,9004fe2240b9e84c55ae641ba78c0ad5f83398a6,True,/home/aup/yy/workspace/peps/configs/paper/image_repro_smoke.toml,"{""batch_size"":512,""checkpoint_every"":1,""cosine"":true,""encoder_lr"":0.1,""log_every"":1,""loss"":""l2"",""model_lr"":0.001,""seed"":0,""steps"":1,""task"":""image"",""total_steps"":1}","{""flip-evaluator"":""1.7"",""lpips"":""0.1.4"",""torch"":""2.10.0+rocm7.0"",""torchmetrics"":""1.9.0""}",smoke_not_paper_comparable
smoke,smoke,kodim20,768,512,G-PEPS,0,lpips,0.9292178153991699,426496,16195,442691,2.6647209904877216,3.4027963599655777,3,4,9004fe2240b9e84c55ae641ba78c0ad5f83398a6,True,/home/aup/yy/workspace/peps/configs/paper/image_repro_smoke.toml,"{""batch_size"":512,""checkpoint_every"":1,""cosine"":true,""encoder_lr"":0.1,""log_every"":1,""loss"":""l2"",""model_lr"":0.001,""seed"":0,""steps"":1,""task"":""image"",""total_steps"":1}","{""flip-evaluator"":""1.7"",""lpips"":""0.1.4"",""torch"":""2.10.0+rocm7.0"",""torchmetrics"":""1.9.0""}",smoke_not_paper_comparable
smoke,smoke,kodim20,768,512,G-PEPS,0,lsd,0.08862949006828107,426496,16195,442691,2.6647209904877216,3.4027963599655777,3,4,9004fe2240b9e84c55ae641ba78c0ad5f83398a6,True,/home/aup/yy/workspace/peps/configs/paper/image_repro_smoke.toml,"{""batch_size"":512,""checkpoint_every"":1,""cosine"":true,""encoder_lr"":0.1,""log_every"":1,""loss"":""l2"",""model_lr"":0.001,""seed"":0,""steps"":1,""task"":""image"",""total_steps"":1}","{""flip-evaluator"":""1.7"",""lpips"":""0.1.4"",""torch"":""2.10.0+rocm7.0"",""torchmetrics"":""1.9.0""}",smoke_not_paper_comparable
smoke,smoke,kodim20,768,512,G-PEPS,0,psnr,2.542961647525816,426496,16195,442691,2.6647209904877216,3.4027963599655777,3,4,9004fe2240b9e84c55ae641ba78c0ad5f83398a6,True,/home/aup/yy/workspace/peps/configs/paper/image_repro_smoke.toml,"{""batch_size"":512,""checkpoint_every"":1,""cosine"":true,""encoder_lr"":0.1,""log_every"":1,""loss"":""l2"",""model_lr"":0.001,""seed"":0,""steps"":1,""task"":""image"",""total_steps"":1}","{""flip-evaluator"":""1.7"",""lpips"":""0.1.4"",""torch"":""2.10.0+rocm7.0"",""torchmetrics"":""1.9.0""}",smoke_not_paper_comparable
smoke,smoke,kodim20,768,512,G-PEPS,0,ssim,0.008964546024799347,426496,16195,442691,2.6647209904877216,3.4027963599655777,3,4,9004fe2240b9e84c55ae641ba78c0ad5f83398a6,True,/home/aup/yy/workspace/peps/configs/paper/image_repro_smoke.toml,"{""batch_size"":512,""checkpoint_every"":1,""cosine"":true,""encoder_lr"":0.1,""log_every"":1,""loss"":""l2"",""model_lr"":0.001,""seed"":0,""steps"":1,""task"":""image"",""total_steps"":1}","{""flip-evaluator"":""1.7"",""lpips"":""0.1.4"",""torch"":""2.10.0+rocm7.0"",""torchmetrics"":""1.9.0""}",smoke_not_paper_comparable
smoke,smoke,kodim20,768,512,G-P-PEPS,0,flip,0.8720040917396545,426496,11459,437955,2.69353700722677,4.584353246958926,0,4,9004fe2240b9e84c55ae641ba78c0ad5f83398a6,True,/home/aup/yy/workspace/peps/configs/paper/image_repro_smoke.toml,"{""batch_size"":512,""checkpoint_every"":1,""cosine"":true,""encoder_lr"":0.1,""log_every"":1,""loss"":""l2"",""model_lr"":0.001,""seed"":0,""steps"":1,""task"":""image"",""total_steps"":1}","{""flip-evaluator"":""1.7"",""lpips"":""0.1.4"",""torch"":""2.10.0+rocm7.0"",""torchmetrics"":""1.9.0""}",smoke_not_paper_comparable
smoke,smoke,kodim20,768,512,G-P-PEPS,0,lpips,0.8783428072929382,426496,11459,437955,2.69353700722677,4.584353246958926,0,4,9004fe2240b9e84c55ae641ba78c0ad5f83398a6,True,/home/aup/yy/workspace/peps/configs/paper/image_repro_smoke.toml,"{""batch_size"":512,""checkpoint_every"":1,""cosine"":true,""encoder_lr"":0.1,""log_every"":1,""loss"":""l2"",""model_lr"":0.001,""seed"":0,""steps"":1,""task"":""image"",""total_steps"":1}","{""flip-evaluator"":""1.7"",""lpips"":""0.1.4"",""torch"":""2.10.0+rocm7.0"",""torchmetrics"":""1.9.0""}",smoke_not_paper_comparable
smoke,smoke,kodim20,768,512,G-P-PEPS,0,lsd,0.08870669767645666,426496,11459,437955,2.69353700722677,4.584353246958926,0,4,9004fe2240b9e84c55ae641ba78c0ad5f83398a6,True,/home/aup/yy/workspace/peps/configs/paper/image_repro_smoke.toml,"{""batch_size"":512,""checkpoint_every"":1,""cosine"":true,""encoder_lr"":0.1,""log_every"":1,""loss"":""l2"",""model_lr"":0.001,""seed"":0,""steps"":1,""task"":""image"",""total_steps"":1}","{""flip-evaluator"":""1.7"",""lpips"":""0.1.4"",""torch"":""2.10.0+rocm7.0"",""torchmetrics"":""1.9.0""}",smoke_not_paper_comparable
smoke,smoke,kodim20,768,512,G-P-PEPS,0,psnr,2.604906815638947,426496,11459,437955,2.69353700722677,4.584353246958926,0,4,9004fe2240b9e84c55ae641ba78c0ad5f83398a6,True,/home/aup/yy/workspace/peps/configs/paper/image_repro_smoke.toml,"{""batch_size"":512,""checkpoint_every"":1,""cosine"":true,""encoder_lr"":0.1,""log_every"":1,""loss"":""l2"",""model_lr"":0.001,""seed"":0,""steps"":1,""task"":""image"",""total_steps"":1}","{""flip-evaluator"":""1.7"",""lpips"":""0.1.4"",""torch"":""2.10.0+rocm7.0"",""torchmetrics"":""1.9.0""}",smoke_not_paper_comparable
smoke,smoke,kodim20,768,512,G-P-PEPS,0,ssim,0.03767906874418259,426496,11459,437955,2.69353700722677,4.584353246958926,0,4,9004fe2240b9e84c55ae641ba78c0ad5f83398a6,True,/home/aup/yy/workspace/peps/configs/paper/image_repro_smoke.toml,"{""batch_size"":512,""checkpoint_every"":1,""cosine"":true,""encoder_lr"":0.1,""log_every"":1,""loss"":""l2"",""model_lr"":0.001,""seed"":0,""steps"":1,""task"":""image"",""total_steps"":1}","{""flip-evaluator"":""1.7"",""lpips"":""0.1.4"",""torch"":""2.10.0+rocm7.0"",""torchmetrics"":""1.9.0""}",smoke_not_paper_comparable
smoke,smoke,kodim20,768,512,NTC_PEPS,0,flip,0.8589866757392883,417792,39811,457603,2.577885197430961,5.6937039650511,1,4,9004fe2240b9e84c55ae641ba78c0ad5f83398a6,True,/home/aup/yy/workspace/peps/configs/paper/image_repro_smoke.toml,"{""batch_size"":512,""checkpoint_every"":1,""cosine"":true,""encoder_lr"":0.1,""log_every"":1,""loss"":""l2"",""model_lr"":0.001,""seed"":0,""steps"":1,""task"":""image"",""total_steps"":1}","{""flip-evaluator"":""1.7"",""lpips"":""0.1.4"",""torch"":""2.10.0+rocm7.0"",""torchmetrics"":""1.9.0""}",smoke_not_paper_comparable
smoke,smoke,kodim20,768,512,NTC_PEPS,0,lpips,0.9041100144386292,417792,39811,457603,2.577885197430961,5.6937039650511,1,4,9004fe2240b9e84c55ae641ba78c0ad5f83398a6,True,/home/aup/yy/workspace/peps/configs/paper/image_repro_smoke.toml,"{""batch_size"":512,""checkpoint_every"":1,""cosine"":true,""encoder_lr"":0.1,""log_every"":1,""loss"":""l2"",""model_lr"":0.001,""seed"":0,""steps"":1,""task"":""image"",""total_steps"":1}","{""flip-evaluator"":""1.7"",""lpips"":""0.1.4"",""torch"":""2.10.0+rocm7.0"",""torchmetrics"":""1.9.0""}",smoke_not_paper_comparable
smoke,smoke,kodim20,768,512,NTC_PEPS,0,lsd,0.08807846808421699,417792,39811,457603,2.577885197430961,5.6937039650511,1,4,9004fe2240b9e84c55ae641ba78c0ad5f83398a6,True,/home/aup/yy/workspace/peps/configs/paper/image_repro_smoke.toml,"{""batch_size"":512,""checkpoint_every"":1,""cosine"":true,""encoder_lr"":0.1,""log_every"":1,""loss"":""l2"",""model_lr"":0.001,""seed"":0,""steps"":1,""task"":""image"",""total_steps"":1}","{""flip-evaluator"":""1.7"",""lpips"":""0.1.4"",""torch"":""2.10.0+rocm7.0"",""torchmetrics"":""1.9.0""}",smoke_not_paper_comparable
smoke,smoke,kodim20,768,512,NTC_PEPS,0,psnr,3.3642260227322596,417792,39811,457603,2.577885197430961,5.6937039650511,1,4,9004fe2240b9e84c55ae641ba78c0ad5f83398a6,True,/home/aup/yy/workspace/peps/configs/paper/image_repro_smoke.toml,"{""batch_size"":512,""checkpoint_every"":1,""cosine"":true,""encoder_lr"":0.1,""log_every"":1,""loss"":""l2"",""model_lr"":0.001,""seed"":0,""steps"":1,""task"":""image"",""total_steps"":1}","{""flip-evaluator"":""1.7"",""lpips"":""0.1.4"",""torch"":""2.10.0+rocm7.0"",""torchmetrics"":""1.9.0""}",smoke_not_paper_comparable
smoke,smoke,kodim20,768,512,NTC_PEPS,0,ssim,0.20050416886806488,417792,39811,457603,2.577885197430961,5.6937039650511,1,4,9004fe2240b9e84c55ae641ba78c0ad5f83398a6,True,/home/aup/yy/workspace/peps/configs/paper/image_repro_smoke.toml,"{""batch_size"":512,""checkpoint_every"":1,""cosine"":true,""encoder_lr"":0.1,""log_every"":1,""loss"":""l2"",""model_lr"":0.001,""seed"":0,""steps"":1,""task"":""image"",""total_steps"":1}","{""flip-evaluator"":""1.7"",""lpips"":""0.1.4"",""torch"":""2.10.0+rocm7.0"",""torchmetrics"":""1.9.0""}",smoke_not_paper_comparable
smoke,smoke,kodim20,768,512,NTC_PinkPEPS,0,flip,0.8702591061592102,417792,21251,439043,2.6868621069006906,1.480727315065451,2,4,9004fe2240b9e84c55ae641ba78c0ad5f83398a6,True,/home/aup/yy/workspace/peps/configs/paper/image_repro_smoke.toml,"{""batch_size"":512,""checkpoint_every"":1,""cosine"":true,""encoder_lr"":0.1,""log_every"":1,""loss"":""l2"",""model_lr"":0.001,""seed"":0,""steps"":1,""task"":""image"",""total_steps"":1}","{""flip-evaluator"":""1.7"",""lpips"":""0.1.4"",""torch"":""2.10.0+rocm7.0"",""torchmetrics"":""1.9.0""}",smoke_not_paper_comparable
smoke,smoke,kodim20,768,512,NTC_PinkPEPS,0,lpips,0.9040669202804565,417792,21251,439043,2.6868621069006906,1.480727315065451,2,4,9004fe2240b9e84c55ae641ba78c0ad5f83398a6,True,/home/aup/yy/workspace/peps/configs/paper/image_repro_smoke.toml,"{""batch_size"":512,""checkpoint_every"":1,""cosine"":true,""encoder_lr"":0.1,""log_every"":1,""loss"":""l2"",""model_lr"":0.001,""seed"":0,""steps"":1,""task"":""image"",""total_steps"":1}","{""flip-evaluator"":""1.7"",""lpips"":""0.1.4"",""torch"":""2.10.0+rocm7.0"",""torchmetrics"":""1.9.0""}",smoke_not_paper_comparable
smoke,smoke,kodim20,768,512,NTC_PinkPEPS,0,lsd,0.08828864977623758,417792,21251,439043,2.6868621069006906,1.480727315065451,2,4,9004fe2240b9e84c55ae641ba78c0ad5f83398a6,True,/home/aup/yy/workspace/peps/configs/paper/image_repro_smoke.toml,"{""batch_size"":512,""checkpoint_every"":1,""cosine"":true,""encoder_lr"":0.1,""log_every"":1,""loss"":""l2"",""model_lr"":0.001,""seed"":0,""steps"":1,""task"":""image"",""total_steps"":1}","{""flip-evaluator"":""1.7"",""lpips"":""0.1.4"",""torch"":""2.10.0+rocm7.0"",""torchmetrics"":""1.9.0""}",smoke_not_paper_comparable
smoke,smoke,kodim20,768,512,NTC_PinkPEPS,0,psnr,2.45411405428918,417792,21251,439043,2.6868621069006906,1.480727315065451,2,4,9004fe2240b9e84c55ae641ba78c0ad5f83398a6,True,/home/aup/yy/workspace/peps/configs/paper/image_repro_smoke.toml,"{""batch_size"":512,""checkpoint_every"":1,""cosine"":true,""encoder_lr"":0.1,""log_every"":1,""loss"":""l2"",""model_lr"":0.001,""seed"":0,""steps"":1,""task"":""image"",""total_steps"":1}","{""flip-evaluator"":""1.7"",""lpips"":""0.1.4"",""torch"":""2.10.0+rocm7.0"",""torchmetrics"":""1.9.0""}",smoke_not_paper_comparable
smoke,smoke,kodim20,768,512,NTC_PinkPEPS,0,ssim,0.015035688877105713,417792,21251,439043,2.6868621069006906,1.480727315065451,2,4,9004fe2240b9e84c55ae641ba78c0ad5f83398a6,True,/home/aup/yy/workspace/peps/configs/paper/image_repro_smoke.toml,"{""batch_size"":512,""checkpoint_every"":1,""cosine"":true,""encoder_lr"":0.1,""log_every"":1,""loss"":""l2"",""model_lr"":0.001,""seed"":0,""steps"":1,""task"":""image"",""total_steps"":1}","{""flip-evaluator"":""1.7"",""lpips"":""0.1.4"",""torch"":""2.10.0+rocm7.0"",""torchmetrics"":""1.9.0""}",smoke_not_paper_comparable
smoke,smoke,kodim20,768,512,G-P-PEPS-25,0,flip,0.8738489151000977,326144,10691,336835,3.5021538735582705,4.637236198992468,3,4,9004fe2240b9e84c55ae641ba78c0ad5f83398a6,True,/home/aup/yy/workspace/peps/configs/paper/image_repro_smoke.toml,"{""batch_size"":512,""checkpoint_every"":1,""cosine"":true,""encoder_lr"":0.1,""log_every"":1,""loss"":""l2"",""model_lr"":0.001,""seed"":0,""steps"":1,""task"":""image"",""total_steps"":1}","{""flip-evaluator"":""1.7"",""lpips"":""0.1.4"",""torch"":""2.10.0+rocm7.0"",""torchmetrics"":""1.9.0""}",smoke_not_paper_comparable
smoke,smoke,kodim20,768,512,G-P-PEPS-25,0,lpips,0.8858025074005127,326144,10691,336835,3.5021538735582705,4.637236198992468,3,4,9004fe2240b9e84c55ae641ba78c0ad5f83398a6,True,/home/aup/yy/workspace/peps/configs/paper/image_repro_smoke.toml,"{""batch_size"":512,""checkpoint_every"":1,""cosine"":true,""encoder_lr"":0.1,""log_every"":1,""loss"":""l2"",""model_lr"":0.001,""seed"":0,""steps"":1,""task"":""image"",""total_steps"":1}","{""flip-evaluator"":""1.7"",""lpips"":""0.1.4"",""torch"":""2.10.0+rocm7.0"",""torchmetrics"":""1.9.0""}",smoke_not_paper_comparable
smoke,smoke,kodim20,768,512,G-P-PEPS-25,0,lsd,0.08883827861275183,326144,10691,336835,3.5021538735582705,4.637236198992468,3,4,9004fe2240b9e84c55ae641ba78c0ad5f83398a6,True,/home/aup/yy/workspace/peps/configs/paper/image_repro_smoke.toml,"{""batch_size"":512,""checkpoint_every"":1,""cosine"":true,""encoder_lr"":0.1,""log_every"":1,""loss"":""l2"",""model_lr"":0.001,""seed"":0,""steps"":1,""task"":""image"",""total_steps"":1}","{""flip-evaluator"":""1.7"",""lpips"":""0.1.4"",""torch"":""2.10.0+rocm7.0"",""torchmetrics"":""1.9.0""}",smoke_not_paper_comparable
smoke,smoke,kodim20,768,512,G-P-PEPS-25,0,psnr,2.665052608905339,326144,10691,336835,3.5021538735582705,4.637236198992468,3,4,9004fe2240b9e84c55ae641ba78c0ad5f83398a6,True,/home/aup/yy/workspace/peps/configs/paper/image_repro_smoke.toml,"{""batch_size"":512,""checkpoint_every"":1,""cosine"":true,""encoder_lr"":0.1,""log_every"":1,""loss"":""l2"",""model_lr"":0.001,""seed"":0,""steps"":1,""task"":""image"",""total_steps"":1}","{""flip-evaluator"":""1.7"",""lpips"":""0.1.4"",""torch"":""2.10.0+rocm7.0"",""torchmetrics"":""1.9.0""}",smoke_not_paper_comparable
smoke,smoke,kodim20,768,512,G-P-PEPS-25,0,ssim,0.05462010204792023,326144,10691,336835,3.5021538735582705,4.637236198992468,3,4,9004fe2240b9e84c55ae641ba78c0ad5f83398a6,True,/home/aup/yy/workspace/peps/configs/paper/image_repro_smoke.toml,"{""batch_size"":512,""checkpoint_every"":1,""cosine"":true,""encoder_lr"":0.1,""log_every"":1,""loss"":""l2"",""model_lr"":0.001,""seed"":0,""steps"":1,""task"":""image"",""total_steps"":1}","{""flip-evaluator"":""1.7"",""lpips"":""0.1.4"",""torch"":""2.10.0+rocm7.0"",""torchmetrics"":""1.9.0""}",smoke_not_paper_comparable
smoke,smoke,kodim21,768,512,PE,0,flip,0.8759517669677734,0,194403,194403,6.068054505331708,5.326092322007753,0,4,9004fe2240b9e84c55ae641ba78c0ad5f83398a6,True,/home/aup/yy/workspace/peps/configs/paper/image_repro_smoke.toml,"{""batch_size"":512,""checkpoint_every"":1,""cosine"":true,""encoder_lr"":0.1,""log_every"":1,""loss"":""l2"",""model_lr"":0.001,""seed"":0,""steps"":1,""task"":""image"",""total_steps"":1}","{""flip-evaluator"":""1.7"",""lpips"":""0.1.4"",""torch"":""2.10.0+rocm7.0"",""torchmetrics"":""1.9.0""}",smoke_not_paper_comparable
smoke,smoke,kodim21,768,512,PE,0,lpips,1.0107020139694214,0,194403,194403,6.068054505331708,5.326092322007753,0,4,9004fe2240b9e84c55ae641ba78c0ad5f83398a6,True,/home/aup/yy/workspace/peps/configs/paper/image_repro_smoke.toml,"{""batch_size"":512,""checkpoint_every"":1,""cosine"":true,""encoder_lr"":0.1,""log_every"":1,""loss"":""l2"",""model_lr"":0.001,""seed"":0,""steps"":1,""task"":""image"",""total_steps"":1}","{""flip-evaluator"":""1.7"",""lpips"":""0.1.4"",""torch"":""2.10.0+rocm7.0"",""torchmetrics"":""1.9.0""}",smoke_not_paper_comparable
smoke,smoke,kodim21,768,512,PE,0,lsd,0.09086071089116882,0,194403,194403,6.068054505331708,5.326092322007753,0,4,9004fe2240b9e84c55ae641ba78c0ad5f83398a6,True,/home/aup/yy/workspace/peps/configs/paper/image_repro_smoke.toml,"{""batch_size"":512,""checkpoint_every"":1,""cosine"":true,""encoder_lr"":0.1,""log_every"":1,""loss"":""l2"",""model_lr"":0.001,""seed"":0,""steps"":1,""task"":""image"",""total_steps"":1}","{""flip-evaluator"":""1.7"",""lpips"":""0.1.4"",""torch"":""2.10.0+rocm7.0"",""torchmetrics"":""1.9.0""}",smoke_not_paper_comparable
smoke,smoke,kodim21,768,512,PE,0,psnr,6.38763000606305,0,194403,194403,6.068054505331708,5.326092322007753,0,4,9004fe2240b9e84c55ae641ba78c0ad5f83398a6,True,/home/aup/yy/workspace/peps/configs/paper/image_repro_smoke.toml,"{""batch_size"":512,""checkpoint_every"":1,""cosine"":true,""encoder_lr"":0.1,""log_every"":1,""loss"":""l2"",""model_lr"":0.001,""seed"":0,""steps"":1,""task"":""image"",""total_steps"":1}","{""flip-evaluator"":""1.7"",""lpips"":""0.1.4"",""torch"":""2.10.0+rocm7.0"",""torchmetrics"":""1.9.0""}",smoke_not_paper_comparable
smoke,smoke,kodim21,768,512,PE,0,ssim,0.011415483430027962,0,194403,194403,6.068054505331708,5.326092322007753,0,4,9004fe2240b9e84c55ae641ba78c0ad5f83398a6,True,/home/aup/yy/workspace/peps/configs/paper/image_repro_smoke.toml,"{""batch_size"":512,""checkpoint_every"":1,""cosine"":true,""encoder_lr"":0.1,""log_every"":1,""loss"":""l2"",""model_lr"":0.001,""seed"":0,""steps"":1,""task"":""image"",""total_steps"":1}","{""flip-evaluator"":""1.7"",""lpips"":""0.1.4"",""torch"":""2.10.0+rocm7.0"",""torchmetrics"":""1.9.0""}",smoke_not_paper_comparable
smoke,smoke,kodim21,768,512,LPE,0,flip,0.882951557636261,401408,9603,411011,2.870112965346426,4.710170509992167,1,4,9004fe2240b9e84c55ae641ba78c0ad5f83398a6,True,/home/aup/yy/workspace/peps/configs/paper/image_repro_smoke.toml,"{""batch_size"":512,""checkpoint_every"":1,""cosine"":true,""encoder_lr"":0.1,""log_every"":1,""loss"":""l2"",""model_lr"":0.001,""seed"":0,""steps"":1,""task"":""image"",""total_steps"":1}","{""flip-evaluator"":""1.7"",""lpips"":""0.1.4"",""torch"":""2.10.0+rocm7.0"",""torchmetrics"":""1.9.0""}",smoke_not_paper_comparable
smoke,smoke,kodim21,768,512,LPE,0,lpips,0.9876195788383484,401408,9603,411011,2.870112965346426,4.710170509992167,1,4,9004fe2240b9e84c55ae641ba78c0ad5f83398a6,True,/home/aup/yy/workspace/peps/configs/paper/image_repro_smoke.toml,"{""batch_size"":512,""checkpoint_every"":1,""cosine"":true,""encoder_lr"":0.1,""log_every"":1,""loss"":""l2"",""model_lr"":0.001,""seed"":0,""steps"":1,""task"":""image"",""total_steps"":1}","{""flip-evaluator"":""1.7"",""lpips"":""0.1.4"",""torch"":""2.10.0+rocm7.0"",""torchmetrics"":""1.9.0""}",smoke_not_paper_comparable
smoke,smoke,kodim21,768,512,LPE,0,lsd,0.09210539722581135,401408,9603,411011,2.870112965346426,4.710170509992167,1,4,9004fe2240b9e84c55ae641ba78c0ad5f83398a6,True,/home/aup/yy/workspace/peps/configs/paper/image_repro_smoke.toml,"{""batch_size"":512,""checkpoint_every"":1,""cosine"":true,""encoder_lr"":0.1,""log_every"":1,""loss"":""l2"",""model_lr"":0.001,""seed"":0,""steps"":1,""task"":""image"",""total_steps"":1}","{""flip-evaluator"":""1.7"",""lpips"":""0.1.4"",""torch"":""2.10.0+rocm7.0"",""torchmetrics"":""1.9.0""}",smoke_not_paper_comparable
smoke,smoke,kodim21,768,512,LPE,0,psnr,5.4746718363128295,401408,9603,411011,2.870112965346426,4.710170509992167,1,4,9004fe2240b9e84c55ae641ba78c0ad5f83398a6,True,/home/aup/yy/workspace/peps/configs/paper/image_repro_smoke.toml,"{""batch_size"":512,""checkpoint_every"":1,""cosine"":true,""encoder_lr"":0.1,""log_every"":1,""loss"":""l2"",""model_lr"":0.001,""seed"":0,""steps"":1,""task"":""image"",""total_steps"":1}","{""flip-evaluator"":""1.7"",""lpips"":""0.1.4"",""torch"":""2.10.0+rocm7.0"",""torchmetrics"":""1.9.0""}",smoke_not_paper_comparable
smoke,smoke,kodim21,768,512,LPE,0,ssim,-0.12680083513259888,401408,9603,411011,2.870112965346426,4.710170509992167,1,4,9004fe2240b9e84c55ae641ba78c0ad5f83398a6,True,/home/aup/yy/workspace/peps/configs/paper/image_repro_smoke.toml,"{""batch_size"":512,""checkpoint_every"":1,""cosine"":true,""encoder_lr"":0.1,""log_every"":1,""loss"":""l2"",""model_lr"":0.001,""seed"":0,""steps"":1,""task"":""image"",""total_steps"":1}","{""flip-evaluator"":""1.7"",""lpips"":""0.1.4"",""torch"":""2.10.0+rocm7.0"",""torchmetrics"":""1.9.0""}",smoke_not_paper_comparable
smoke,smoke,kodim21,768,512,NTC_N,0,flip,0.8615431189537048,417792,13699,431491,2.733887844705915,5.727626295993105,2,4,9004fe2240b9e84c55ae641ba78c0ad5f83398a6,True,/home/aup/yy/workspace/peps/configs/paper/image_repro_smoke.toml,"{""batch_size"":512,""checkpoint_every"":1,""cosine"":true,""encoder_lr"":0.1,""log_every"":1,""loss"":""l2"",""model_lr"":0.001,""seed"":0,""steps"":1,""task"":""image"",""total_steps"":1}","{""flip-evaluator"":""1.7"",""lpips"":""0.1.4"",""torch"":""2.10.0+rocm7.0"",""torchmetrics"":""1.9.0""}",smoke_not_paper_comparable
smoke,smoke,kodim21,768,512,NTC_N,0,lpips,0.9711123108863831,417792,13699,431491,2.733887844705915,5.727626295993105,2,4,9004fe2240b9e84c55ae641ba78c0ad5f83398a6,True,/home/aup/yy/workspace/peps/configs/paper/image_repro_smoke.toml,"{""batch_size"":512,""checkpoint_every"":1,""cosine"":true,""encoder_lr"":0.1,""log_every"":1,""loss"":""l2"",""model_lr"":0.001,""seed"":0,""steps"":1,""task"":""image"",""total_steps"":1}","{""flip-evaluator"":""1.7"",""lpips"":""0.1.4"",""torch"":""2.10.0+rocm7.0"",""torchmetrics"":""1.9.0""}",smoke_not_paper_comparable
smoke,smoke,kodim21,768,512,NTC_N,0,lsd,0.09165934463666804,417792,13699,431491,2.733887844705915,5.727626295993105,2,4,9004fe2240b9e84c55ae641ba78c0ad5f83398a6,True,/home/aup/yy/workspace/peps/configs/paper/image_repro_smoke.toml,"{""batch_size"":512,""checkpoint_every"":1,""cosine"":true,""encoder_lr"":0.1,""log_every"":1,""loss"":""l2"",""model_lr"":0.001,""seed"":0,""steps"":1,""task"":""image"",""total_steps"":1}","{""flip-evaluator"":""1.7"",""lpips"":""0.1.4"",""torch"":""2.10.0+rocm7.0"",""torchmetrics"":""1.9.0""}",smoke_not_paper_comparable
smoke,smoke,kodim21,768,512,NTC_N,0,psnr,7.05313017651176,417792,13699,431491,2.733887844705915,5.727626295993105,2,4,9004fe2240b9e84c55ae641ba78c0ad5f83398a6,True,/home/aup/yy/workspace/peps/configs/paper/image_repro_smoke.toml,"{""batch_size"":512,""checkpoint_every"":1,""cosine"":true,""encoder_lr"":0.1,""log_every"":1,""loss"":""l2"",""model_lr"":0.001,""seed"":0,""steps"":1,""task"":""image"",""total_steps"":1}","{""flip-evaluator"":""1.7"",""lpips"":""0.1.4"",""torch"":""2.10.0+rocm7.0"",""torchmetrics"":""1.9.0""}",smoke_not_paper_comparable
smoke,smoke,kodim21,768,512,NTC_N,0,ssim,0.10433205217123032,417792,13699,431491,2.733887844705915,5.727626295993105,2,4,9004fe2240b9e84c55ae641ba78c0ad5f83398a6,True,/home/aup/yy/workspace/peps/configs/paper/image_repro_smoke.toml,"{""batch_size"":512,""checkpoint_every"":1,""cosine"":true,""encoder_lr"":0.1,""log_every"":1,""loss"":""l2"",""model_lr"":0.001,""seed"":0,""steps"":1,""task"":""image"",""total_steps"":1}","{""flip-evaluator"":""1.7"",""lpips"":""0.1.4"",""torch"":""2.10.0+rocm7.0"",""torchmetrics"":""1.9.0""}",smoke_not_paper_comparable
smoke,smoke,kodim21,768,512,Grid,0,flip,0.8821722865104675,426496,9667,436163,2.704603554175847,4.841115524992347,3,4,9004fe2240b9e84c55ae641ba78c0ad5f83398a6,True,/home/aup/yy/workspace/peps/configs/paper/image_repro_smoke.toml,"{""batch_size"":512,""checkpoint_every"":1,""cosine"":true,""encoder_lr"":0.1,""log_every"":1,""loss"":""l2"",""model_lr"":0.001,""seed"":0,""steps"":1,""task"":""image"",""total_steps"":1}","{""flip-evaluator"":""1.7"",""lpips"":""0.1.4"",""torch"":""2.10.0+rocm7.0"",""torchmetrics"":""1.9.0""}",smoke_not_paper_comparable
smoke,smoke,kodim21,768,512,Grid,0,lpips,0.9854462146759033,426496,9667,436163,2.704603554175847,4.841115524992347,3,4,9004fe2240b9e84c55ae641ba78c0ad5f83398a6,True,/home/aup/yy/workspace/peps/configs/paper/image_repro_smoke.toml,"{""batch_size"":512,""checkpoint_every"":1,""cosine"":true,""encoder_lr"":0.1,""log_every"":1,""loss"":""l2"",""model_lr"":0.001,""seed"":0,""steps"":1,""task"":""image"",""total_steps"":1}","{""flip-evaluator"":""1.7"",""lpips"":""0.1.4"",""torch"":""2.10.0+rocm7.0"",""torchmetrics"":""1.9.0""}",smoke_not_paper_comparable
smoke,smoke,kodim21,768,512,Grid,0,lsd,0.09185914962361334,426496,9667,436163,2.704603554175847,4.841115524992347,3,4,9004fe2240b9e84c55ae641ba78c0ad5f83398a6,True,/home/aup/yy/workspace/peps/configs/paper/image_repro_smoke.toml,"{""batch_size"":512,""checkpoint_every"":1,""cosine"":true,""encoder_lr"":0.1,""log_every"":1,""loss"":""l2"",""model_lr"":0.001,""seed"":0,""steps"":1,""task"":""image"",""total_steps"":1}","{""flip-evaluator"":""1.7"",""lpips"":""0.1.4"",""torch"":""2.10.0+rocm7.0"",""torchmetrics"":""1.9.0""}",smoke_not_paper_comparable
smoke,smoke,kodim21,768,512,Grid,0,psnr,5.6475632518904595,426496,9667,436163,2.704603554175847,4.841115524992347,3,4,9004fe2240b9e84c55ae641ba78c0ad5f83398a6,True,/home/aup/yy/workspace/peps/configs/paper/image_repro_smoke.toml,"{""batch_size"":512,""checkpoint_every"":1,""cosine"":true,""encoder_lr"":0.1,""log_every"":1,""loss"":""l2"",""model_lr"":0.001,""seed"":0,""steps"":1,""task"":""image"",""total_steps"":1}","{""flip-evaluator"":""1.7"",""lpips"":""0.1.4"",""torch"":""2.10.0+rocm7.0"",""torchmetrics"":""1.9.0""}",smoke_not_paper_comparable
smoke,smoke,kodim21,768,512,Grid,0,ssim,-0.09302309155464172,426496,9667,436163,2.704603554175847,4.841115524992347,3,4,9004fe2240b9e84c55ae641ba78c0ad5f83398a6,True,/home/aup/yy/workspace/peps/configs/paper/image_repro_smoke.toml,"{""batch_size"":512,""checkpoint_every"":1,""cosine"":true,""encoder_lr"":0.1,""log_every"":1,""loss"":""l2"",""model_lr"":0.001,""seed"":0,""steps"":1,""task"":""image"",""total_steps"":1}","{""flip-evaluator"":""1.7"",""lpips"":""0.1.4"",""torch"":""2.10.0+rocm7.0"",""torchmetrics"":""1.9.0""}",smoke_not_paper_comparable
smoke,smoke,kodim21,768,512,G-PEPS,0,flip,0.8405232429504395,426496,16195,442691,2.6647209904877216,5.2370879059890285,0,4,9004fe2240b9e84c55ae641ba78c0ad5f83398a6,True,/home/aup/yy/workspace/peps/configs/paper/image_repro_smoke.toml,"{""batch_size"":512,""checkpoint_every"":1,""cosine"":true,""encoder_lr"":0.1,""log_every"":1,""loss"":""l2"",""model_lr"":0.001,""seed"":0,""steps"":1,""task"":""image"",""total_steps"":1}","{""flip-evaluator"":""1.7"",""lpips"":""0.1.4"",""torch"":""2.10.0+rocm7.0"",""torchmetrics"":""1.9.0""}",smoke_not_paper_comparable
smoke,smoke,kodim21,768,512,G-PEPS,0,lpips,1.0161232948303223,426496,16195,442691,2.6647209904877216,5.2370879059890285,0,4,9004fe2240b9e84c55ae641ba78c0ad5f83398a6,True,/home/aup/yy/workspace/peps/configs/paper/image_repro_smoke.toml,"{""batch_size"":512,""checkpoint_every"":1,""cosine"":true,""encoder_lr"":0.1,""log_every"":1,""loss"":""l2"",""model_lr"":0.001,""seed"":0,""steps"":1,""task"":""image"",""total_steps"":1}","{""flip-evaluator"":""1.7"",""lpips"":""0.1.4"",""torch"":""2.10.0+rocm7.0"",""torchmetrics"":""1.9.0""}",smoke_not_paper_comparable
smoke,smoke,kodim21,768,512,G-PEPS,0,lsd,0.09168429003510796,426496,16195,442691,2.6647209904877216,5.2370879059890285,0,4,9004fe2240b9e84c55ae641ba78c0ad5f83398a6,True,/home/aup/yy/workspace/peps/configs/paper/image_repro_smoke.toml,"{""batch_size"":512,""checkpoint_every"":1,""cosine"":true,""encoder_lr"":0.1,""log_every"":1,""loss"":""l2"",""model_lr"":0.001,""seed"":0,""steps"":1,""task"":""image"",""total_steps"":1}","{""flip-evaluator"":""1.7"",""lpips"":""0.1.4"",""torch"":""2.10.0+rocm7.0"",""torchmetrics"":""1.9.0""}",smoke_not_paper_comparable
smoke,smoke,kodim21,768,512,G-PEPS,0,psnr,6.447888642275296,426496,16195,442691,2.6647209904877216,5.2370879059890285,0,4,9004fe2240b9e84c55ae641ba78c0ad5f83398a6,True,/home/aup/yy/workspace/peps/configs/paper/image_repro_smoke.toml,"{""batch_size"":512,""checkpoint_every"":1,""cosine"":true,""encoder_lr"":0.1,""log_every"":1,""loss"":""l2"",""model_lr"":0.001,""seed"":0,""steps"":1,""task"":""image"",""total_steps"":1}","{""flip-evaluator"":""1.7"",""lpips"":""0.1.4"",""torch"":""2.10.0+rocm7.0"",""torchmetrics"":""1.9.0""}",smoke_not_paper_comparable
smoke,smoke,kodim21,768,512,G-PEPS,0,ssim,0.016913006082177162,426496,16195,442691,2.6647209904877216,5.2370879059890285,0,4,9004fe2240b9e84c55ae641ba78c0ad5f83398a6,True,/home/aup/yy/workspace/peps/configs/paper/image_repro_smoke.toml,"{""batch_size"":512,""checkpoint_every"":1,""cosine"":true,""encoder_lr"":0.1,""log_every"":1,""loss"":""l2"",""model_lr"":0.001,""seed"":0,""steps"":1,""task"":""image"",""total_steps"":1}","{""flip-evaluator"":""1.7"",""lpips"":""0.1.4"",""torch"":""2.10.0+rocm7.0"",""torchmetrics"":""1.9.0""}",smoke_not_paper_comparable
smoke,smoke,kodim21,768,512,G-P-PEPS,0,flip,0.8752023577690125,426496,11459,437955,2.69353700722677,4.818251318996772,1,4,9004fe2240b9e84c55ae641ba78c0ad5f83398a6,True,/home/aup/yy/workspace/peps/configs/paper/image_repro_smoke.toml,"{""batch_size"":512,""checkpoint_every"":1,""cosine"":true,""encoder_lr"":0.1,""log_every"":1,""loss"":""l2"",""model_lr"":0.001,""seed"":0,""steps"":1,""task"":""image"",""total_steps"":1}","{""flip-evaluator"":""1.7"",""lpips"":""0.1.4"",""torch"":""2.10.0+rocm7.0"",""torchmetrics"":""1.9.0""}",smoke_not_paper_comparable
smoke,smoke,kodim21,768,512,G-P-PEPS,0,lpips,0.985940158367157,426496,11459,437955,2.69353700722677,4.818251318996772,1,4,9004fe2240b9e84c55ae641ba78c0ad5f83398a6,True,/home/aup/yy/workspace/peps/configs/paper/image_repro_smoke.toml,"{""batch_size"":512,""checkpoint_every"":1,""cosine"":true,""encoder_lr"":0.1,""log_every"":1,""loss"":""l2"",""model_lr"":0.001,""seed"":0,""steps"":1,""task"":""image"",""total_steps"":1}","{""flip-evaluator"":""1.7"",""lpips"":""0.1.4"",""torch"":""2.10.0+rocm7.0"",""torchmetrics"":""1.9.0""}",smoke_not_paper_comparable
smoke,smoke,kodim21,768,512,G-P-PEPS,0,lsd,0.09178092321676523,426496,11459,437955,2.69353700722677,4.818251318996772,1,4,9004fe2240b9e84c55ae641ba78c0ad5f83398a6,True,/home/aup/yy/workspace/peps/configs/paper/image_repro_smoke.toml,"{""batch_size"":512,""checkpoint_every"":1,""cosine"":true,""encoder_lr"":0.1,""log_every"":1,""loss"":""l2"",""model_lr"":0.001,""seed"":0,""steps"":1,""task"":""image"",""total_steps"":1}","{""flip-evaluator"":""1.7"",""lpips"":""0.1.4"",""torch"":""2.10.0+rocm7.0"",""torchmetrics"":""1.9.0""}",smoke_not_paper_comparable
smoke,smoke,kodim21,768,512,G-P-PEPS,0,psnr,6.560294255289665,426496,11459,437955,2.69353700722677,4.818251318996772,1,4,9004fe2240b9e84c55ae641ba78c0ad5f83398a6,True,/home/aup/yy/workspace/peps/configs/paper/image_repro_smoke.toml,"{""batch_size"":512,""checkpoint_every"":1,""cosine"":true,""encoder_lr"":0.1,""log_every"":1,""loss"":""l2"",""model_lr"":0.001,""seed"":0,""steps"":1,""task"":""image"",""total_steps"":1}","{""flip-evaluator"":""1.7"",""lpips"":""0.1.4"",""torch"":""2.10.0+rocm7.0"",""torchmetrics"":""1.9.0""}",smoke_not_paper_comparable
smoke,smoke,kodim21,768,512,G-P-PEPS,0,ssim,0.0368807315826416,426496,11459,437955,2.69353700722677,4.818251318996772,1,4,9004fe2240b9e84c55ae641ba78c0ad5f83398a6,True,/home/aup/yy/workspace/peps/configs/paper/image_repro_smoke.toml,"{""batch_size"":512,""checkpoint_every"":1,""cosine"":true,""encoder_lr"":0.1,""log_every"":1,""loss"":""l2"",""model_lr"":0.001,""seed"":0,""steps"":1,""task"":""image"",""total_steps"":1}","{""flip-evaluator"":""1.7"",""lpips"":""0.1.4"",""torch"":""2.10.0+rocm7.0"",""torchmetrics"":""1.9.0""}",smoke_not_paper_comparable
smoke,smoke,kodim21,768,512,NTC_PEPS,0,flip,0.8611738085746765,417792,39811,457603,2.577885197430961,5.060968354926445,2,4,9004fe2240b9e84c55ae641ba78c0ad5f83398a6,True,/home/aup/yy/workspace/peps/configs/paper/image_repro_smoke.toml,"{""batch_size"":512,""checkpoint_every"":1,""cosine"":true,""encoder_lr"":0.1,""log_every"":1,""loss"":""l2"",""model_lr"":0.001,""seed"":0,""steps"":1,""task"":""image"",""total_steps"":1}","{""flip-evaluator"":""1.7"",""lpips"":""0.1.4"",""torch"":""2.10.0+rocm7.0"",""torchmetrics"":""1.9.0""}",smoke_not_paper_comparable
smoke,smoke,kodim21,768,512,NTC_PEPS,0,lpips,0.9920763969421387,417792,39811,457603,2.577885197430961,5.060968354926445,2,4,9004fe2240b9e84c55ae641ba78c0ad5f83398a6,True,/home/aup/yy/workspace/peps/configs/paper/image_repro_smoke.toml,"{""batch_size"":512,""checkpoint_every"":1,""cosine"":true,""encoder_lr"":0.1,""log_every"":1,""loss"":""l2"",""model_lr"":0.001,""seed"":0,""steps"":1,""task"":""image"",""total_steps"":1}","{""flip-evaluator"":""1.7"",""lpips"":""0.1.4"",""torch"":""2.10.0+rocm7.0"",""torchmetrics"":""1.9.0""}",smoke_not_paper_comparable
smoke,smoke,kodim21,768,512,NTC_PEPS,0,lsd,0.09112232059240603,417792,39811,457603,2.577885197430961,5.060968354926445,2,4,9004fe2240b9e84c55ae641ba78c0ad5f83398a6,True,/home/aup/yy/workspace/peps/configs/paper/image_repro_smoke.toml,"{""batch_size"":512,""checkpoint_every"":1,""cosine"":true,""encoder_lr"":0.1,""log_every"":1,""loss"":""l2"",""model_lr"":0.001,""seed"":0,""steps"":1,""task"":""image"",""total_steps"":1}","{""flip-evaluator"":""1.7"",""lpips"":""0.1.4"",""torch"":""2.10.0+rocm7.0"",""torchmetrics"":""1.9.0""}",smoke_not_paper_comparable
smoke,smoke,kodim21,768,512,NTC_PEPS,0,psnr,7.841511051589665,417792,39811,457603,2.577885197430961,5.060968354926445,2,4,9004fe2240b9e84c55ae641ba78c0ad5f83398a6,True,/home/aup/yy/workspace/peps/configs/paper/image_repro_smoke.toml,"{""batch_size"":512,""checkpoint_every"":1,""cosine"":true,""encoder_lr"":0.1,""log_every"":1,""loss"":""l2"",""model_lr"":0.001,""seed"":0,""steps"":1,""task"":""image"",""total_steps"":1}","{""flip-evaluator"":""1.7"",""lpips"":""0.1.4"",""torch"":""2.10.0+rocm7.0"",""torchmetrics"":""1.9.0""}",smoke_not_paper_comparable
smoke,smoke,kodim21,768,512,NTC_PEPS,0,ssim,0.20238935947418213,417792,39811,457603,2.577885197430961,5.060968354926445,2,4,9004fe2240b9e84c55ae641ba78c0ad5f83398a6,True,/home/aup/yy/workspace/peps/configs/paper/image_repro_smoke.toml,"{""batch_size"":512,""checkpoint_every"":1,""cosine"":true,""encoder_lr"":0.1,""log_every"":1,""loss"":""l2"",""model_lr"":0.001,""seed"":0,""steps"":1,""task"":""image"",""total_steps"":1}","{""flip-evaluator"":""1.7"",""lpips"":""0.1.4"",""torch"":""2.10.0+rocm7.0"",""torchmetrics"":""1.9.0""}",smoke_not_paper_comparable
smoke,smoke,kodim21,768,512,NTC_PinkPEPS,0,flip,0.8734487891197205,417792,21251,439043,2.6868621069006906,4.812706495984457,3,4,9004fe2240b9e84c55ae641ba78c0ad5f83398a6,True,/home/aup/yy/workspace/peps/configs/paper/image_repro_smoke.toml,"{""batch_size"":512,""checkpoint_every"":1,""cosine"":true,""encoder_lr"":0.1,""log_every"":1,""loss"":""l2"",""model_lr"":0.001,""seed"":0,""steps"":1,""task"":""image"",""total_steps"":1}","{""flip-evaluator"":""1.7"",""lpips"":""0.1.4"",""torch"":""2.10.0+rocm7.0"",""torchmetrics"":""1.9.0""}",smoke_not_paper_comparable
smoke,smoke,kodim21,768,512,NTC_PinkPEPS,0,lpips,0.9696666598320007,417792,21251,439043,2.6868621069006906,4.812706495984457,3,4,9004fe2240b9e84c55ae641ba78c0ad5f83398a6,True,/home/aup/yy/workspace/peps/configs/paper/image_repro_smoke.toml,"{""batch_size"":512,""checkpoint_every"":1,""cosine"":true,""encoder_lr"":0.1,""log_every"":1,""loss"":""l2"",""model_lr"":0.001,""seed"":0,""steps"":1,""task"":""image"",""total_steps"":1}","{""flip-evaluator"":""1.7"",""lpips"":""0.1.4"",""torch"":""2.10.0+rocm7.0"",""torchmetrics"":""1.9.0""}",smoke_not_paper_comparable
smoke,smoke,kodim21,768,512,NTC_PinkPEPS,0,lsd,0.09135304645352611,417792,21251,439043,2.6868621069006906,4.812706495984457,3,4,9004fe2240b9e84c55ae641ba78c0ad5f83398a6,True,/home/aup/yy/workspace/peps/configs/paper/image_repro_smoke.toml,"{""batch_size"":512,""checkpoint_every"":1,""cosine"":true,""encoder_lr"":0.1,""log_every"":1,""loss"":""l2"",""model_lr"":0.001,""seed"":0,""steps"":1,""task"":""image"",""total_steps"":1}","{""flip-evaluator"":""1.7"",""lpips"":""0.1.4"",""torch"":""2.10.0+rocm7.0"",""torchmetrics"":""1.9.0""}",smoke_not_paper_comparable
smoke,smoke,kodim21,768,512,NTC_PinkPEPS,0,psnr,6.347673639693049,417792,21251,439043,2.6868621069006906,4.812706495984457,3,4,9004fe2240b9e84c55ae641ba78c0ad5f83398a6,True,/home/aup/yy/workspace/peps/configs/paper/image_repro_smoke.toml,"{""batch_size"":512,""checkpoint_every"":1,""cosine"":true,""encoder_lr"":0.1,""log_every"":1,""loss"":""l2"",""model_lr"":0.001,""seed"":0,""steps"":1,""task"":""image"",""total_steps"":1}","{""flip-evaluator"":""1.7"",""lpips"":""0.1.4"",""torch"":""2.10.0+rocm7.0"",""torchmetrics"":""1.9.0""}",smoke_not_paper_comparable
smoke,smoke,kodim21,768,512,NTC_PinkPEPS,0,ssim,0.0032224543392658234,417792,21251,439043,2.6868621069006906,4.812706495984457,3,4,9004fe2240b9e84c55ae641ba78c0ad5f83398a6,True,/home/aup/yy/workspace/peps/configs/paper/image_repro_smoke.toml,"{""batch_size"":512,""checkpoint_every"":1,""cosine"":true,""encoder_lr"":0.1,""log_every"":1,""loss"":""l2"",""model_lr"":0.001,""seed"":0,""steps"":1,""task"":""image"",""total_steps"":1}","{""flip-evaluator"":""1.7"",""lpips"":""0.1.4"",""torch"":""2.10.0+rocm7.0"",""torchmetrics"":""1.9.0""}",smoke_not_paper_comparable
smoke,smoke,kodim21,768,512,G-P-PEPS-25,0,flip,0.8769648671150208,326144,10691,336835,3.5021538735582705,3.4889252389548346,0,4,9004fe2240b9e84c55ae641ba78c0ad5f83398a6,True,/home/aup/yy/workspace/peps/configs/paper/image_repro_smoke.toml,"{""batch_size"":512,""checkpoint_every"":1,""cosine"":true,""encoder_lr"":0.1,""log_every"":1,""loss"":""l2"",""model_lr"":0.001,""seed"":0,""steps"":1,""task"":""image"",""total_steps"":1}","{""flip-evaluator"":""1.7"",""lpips"":""0.1.4"",""torch"":""2.10.0+rocm7.0"",""torchmetrics"":""1.9.0""}",smoke_not_paper_comparable
smoke,smoke,kodim21,768,512,G-P-PEPS-25,0,lpips,0.9875116944313049,326144,10691,336835,3.5021538735582705,3.4889252389548346,0,4,9004fe2240b9e84c55ae641ba78c0ad5f83398a6,True,/home/aup/yy/workspace/peps/configs/paper/image_repro_smoke.toml,"{""batch_size"":512,""checkpoint_every"":1,""cosine"":true,""encoder_lr"":0.1,""log_every"":1,""loss"":""l2"",""model_lr"":0.001,""seed"":0,""steps"":1,""task"":""image"",""total_steps"":1}","{""flip-evaluator"":""1.7"",""lpips"":""0.1.4"",""torch"":""2.10.0+rocm7.0"",""torchmetrics"":""1.9.0""}",smoke_not_paper_comparable
smoke,smoke,kodim21,768,512,G-P-PEPS-25,0,lsd,0.09189169136068746,326144,10691,336835,3.5021538735582705,3.4889252389548346,0,4,9004fe2240b9e84c55ae641ba78c0ad5f83398a6,True,/home/aup/yy/workspace/peps/configs/paper/image_repro_smoke.toml,"{""batch_size"":512,""checkpoint_every"":1,""cosine"":true,""encoder_lr"":0.1,""log_every"":1,""loss"":""l2"",""model_lr"":0.001,""seed"":0,""steps"":1,""task"":""image"",""total_steps"":1}","{""flip-evaluator"":""1.7"",""lpips"":""0.1.4"",""torch"":""2.10.0+rocm7.0"",""torchmetrics"":""1.9.0""}",smoke_not_paper_comparable
smoke,smoke,kodim21,768,512,G-P-PEPS-25,0,psnr,6.651738969689502,326144,10691,336835,3.5021538735582705,3.4889252389548346,0,4,9004fe2240b9e84c55ae641ba78c0ad5f83398a6,True,/home/aup/yy/workspace/peps/configs/paper/image_repro_smoke.toml,"{""batch_size"":512,""checkpoint_every"":1,""cosine"":true,""encoder_lr"":0.1,""log_every"":1,""loss"":""l2"",""model_lr"":0.001,""seed"":0,""steps"":1,""task"":""image"",""total_steps"":1}","{""flip-evaluator"":""1.7"",""lpips"":""0.1.4"",""torch"":""2.10.0+rocm7.0"",""torchmetrics"":""1.9.0""}",smoke_not_paper_comparable
smoke,smoke,kodim21,768,512,G-P-PEPS-25,0,ssim,0.05267404764890671,326144,10691,336835,3.5021538735582705,3.4889252389548346,0,4,9004fe2240b9e84c55ae641ba78c0ad5f83398a6,True,/home/aup/yy/workspace/peps/configs/paper/image_repro_smoke.toml,"{""batch_size"":512,""checkpoint_every"":1,""cosine"":true,""encoder_lr"":0.1,""log_every"":1,""loss"":""l2"",""model_lr"":0.001,""seed"":0,""steps"":1,""task"":""image"",""total_steps"":1}","{""flip-evaluator"":""1.7"",""lpips"":""0.1.4"",""torch"":""2.10.0+rocm7.0"",""torchmetrics"":""1.9.0""}",smoke_not_paper_comparable
smoke,smoke,kodim22,768,512,PE,0,flip,0.8815407752990723,0,194403,194403,6.068054505331708,4.5150036660488695,1,4,9004fe2240b9e84c55ae641ba78c0ad5f83398a6,True,/home/aup/yy/workspace/peps/configs/paper/image_repro_smoke.toml,"{""batch_size"":512,""checkpoint_every"":1,""cosine"":true,""encoder_lr"":0.1,""log_every"":1,""loss"":""l2"",""model_lr"":0.001,""seed"":0,""steps"":1,""task"":""image"",""total_steps"":1}","{""flip-evaluator"":""1.7"",""lpips"":""0.1.4"",""torch"":""2.10.0+rocm7.0"",""torchmetrics"":""1.9.0""}",smoke_not_paper_comparable
smoke,smoke,kodim22,768,512,PE,0,lpips,0.9968565702438354,0,194403,194403,6.068054505331708,4.5150036660488695,1,4,9004fe2240b9e84c55ae641ba78c0ad5f83398a6,True,/home/aup/yy/workspace/peps/configs/paper/image_repro_smoke.toml,"{""batch_size"":512,""checkpoint_every"":1,""cosine"":true,""encoder_lr"":0.1,""log_every"":1,""loss"":""l2"",""model_lr"":0.001,""seed"":0,""steps"":1,""task"":""image"",""total_steps"":1}","{""flip-evaluator"":""1.7"",""lpips"":""0.1.4"",""torch"":""2.10.0+rocm7.0"",""torchmetrics"":""1.9.0""}",smoke_not_paper_comparable
smoke,smoke,kodim22,768,512,PE,0,lsd,0.07703951724096636,0,194403,194403,6.068054505331708,4.5150036660488695,1,4,9004fe2240b9e84c55ae641ba78c0ad5f83398a6,True,/home/aup/yy/workspace/peps/configs/paper/image_repro_smoke.toml,"{""batch_size"":512,""checkpoint_every"":1,""cosine"":true,""encoder_lr"":0.1,""log_every"":1,""loss"":""l2"",""model_lr"":0.001,""seed"":0,""steps"":1,""task"":""image"",""total_steps"":1}","{""flip-evaluator"":""1.7"",""lpips"":""0.1.4"",""torch"":""2.10.0+rocm7.0"",""torchmetrics"":""1.9.0""}",smoke_not_paper_comparable
smoke,smoke,kodim22,768,512,PE,0,psnr,6.886303088398686,0,194403,194403,6.068054505331708,4.5150036660488695,1,4,9004fe2240b9e84c55ae641ba78c0ad5f83398a6,True,/home/aup/yy/workspace/peps/configs/paper/image_repro_smoke.toml,"{""batch_size"":512,""checkpoint_every"":1,""cosine"":true,""encoder_lr"":0.1,""log_every"":1,""loss"":""l2"",""model_lr"":0.001,""seed"":0,""steps"":1,""task"":""image"",""total_steps"":1}","{""flip-evaluator"":""1.7"",""lpips"":""0.1.4"",""torch"":""2.10.0+rocm7.0"",""torchmetrics"":""1.9.0""}",smoke_not_paper_comparable
smoke,smoke,kodim22,768,512,PE,0,ssim,-0.0014765202067792416,0,194403,194403,6.068054505331708,4.5150036660488695,1,4,9004fe2240b9e84c55ae641ba78c0ad5f83398a6,True,/home/aup/yy/workspace/peps/configs/paper/image_repro_smoke.toml,"{""batch_size"":512,""checkpoint_every"":1,""cosine"":true,""encoder_lr"":0.1,""log_every"":1,""loss"":""l2"",""model_lr"":0.001,""seed"":0,""steps"":1,""task"":""image"",""total_steps"":1}","{""flip-evaluator"":""1.7"",""lpips"":""0.1.4"",""torch"":""2.10.0+rocm7.0"",""torchmetrics"":""1.9.0""}",smoke_not_paper_comparable
smoke,smoke,kodim22,768,512,LPE,0,flip,0.8918654918670654,401408,9603,411011,2.870112965346426,4.5964708380633965,2,4,9004fe2240b9e84c55ae641ba78c0ad5f83398a6,True,/home/aup/yy/workspace/peps/configs/paper/image_repro_smoke.toml,"{""batch_size"":512,""checkpoint_every"":1,""cosine"":true,""encoder_lr"":0.1,""log_every"":1,""loss"":""l2"",""model_lr"":0.001,""seed"":0,""steps"":1,""task"":""image"",""total_steps"":1}","{""flip-evaluator"":""1.7"",""lpips"":""0.1.4"",""torch"":""2.10.0+rocm7.0"",""torchmetrics"":""1.9.0""}",smoke_not_paper_comparable
smoke,smoke,kodim22,768,512,LPE,0,lpips,0.9943469762802124,401408,9603,411011,2.870112965346426,4.5964708380633965,2,4,9004fe2240b9e84c55ae641ba78c0ad5f83398a6,True,/home/aup/yy/workspace/peps/configs/paper/image_repro_smoke.toml,"{""batch_size"":512,""checkpoint_every"":1,""cosine"":true,""encoder_lr"":0.1,""log_every"":1,""loss"":""l2"",""model_lr"":0.001,""seed"":0,""steps"":1,""task"":""image"",""total_steps"":1}","{""flip-evaluator"":""1.7"",""lpips"":""0.1.4"",""torch"":""2.10.0+rocm7.0"",""torchmetrics"":""1.9.0""}",smoke_not_paper_comparable
smoke,smoke,kodim22,768,512,LPE,0,lsd,0.07869631283150742,401408,9603,411011,2.870112965346426,4.5964708380633965,2,4,9004fe2240b9e84c55ae641ba78c0ad5f83398a6,True,/home/aup/yy/workspace/peps/configs/paper/image_repro_smoke.toml,"{""batch_size"":512,""checkpoint_every"":1,""cosine"":true,""encoder_lr"":0.1,""log_every"":1,""loss"":""l2"",""model_lr"":0.001,""seed"":0,""steps"":1,""task"":""image"",""total_steps"":1}","{""flip-evaluator"":""1.7"",""lpips"":""0.1.4"",""torch"":""2.10.0+rocm7.0"",""torchmetrics"":""1.9.0""}",smoke_not_paper_comparable
smoke,smoke,kodim22,768,512,LPE,0,psnr,5.90345316818949,401408,9603,411011,2.870112965346426,4.5964708380633965,2,4,9004fe2240b9e84c55ae641ba78c0ad5f83398a6,True,/home/aup/yy/workspace/peps/configs/paper/image_repro_smoke.toml,"{""batch_size"":512,""checkpoint_every"":1,""cosine"":true,""encoder_lr"":0.1,""log_every"":1,""loss"":""l2"",""model_lr"":0.001,""seed"":0,""steps"":1,""task"":""image"",""total_steps"":1}","{""flip-evaluator"":""1.7"",""lpips"":""0.1.4"",""torch"":""2.10.0+rocm7.0"",""torchmetrics"":""1.9.0""}",smoke_not_paper_comparable
smoke,smoke,kodim22,768,512,LPE,0,ssim,-0.14656402170658112,401408,9603,411011,2.870112965346426,4.5964708380633965,2,4,9004fe2240b9e84c55ae641ba78c0ad5f83398a6,True,/home/aup/yy/workspace/peps/configs/paper/image_repro_smoke.toml,"{""batch_size"":512,""checkpoint_every"":1,""cosine"":true,""encoder_lr"":0.1,""log_every"":1,""loss"":""l2"",""model_lr"":0.001,""seed"":0,""steps"":1,""task"":""image"",""total_steps"":1}","{""flip-evaluator"":""1.7"",""lpips"":""0.1.4"",""torch"":""2.10.0+rocm7.0"",""torchmetrics"":""1.9.0""}",smoke_not_paper_comparable
smoke,smoke,kodim22,768,512,NTC_N,0,flip,0.8629052042961121,417792,13699,431491,2.733887844705915,1.5250779769849032,3,4,9004fe2240b9e84c55ae641ba78c0ad5f83398a6,True,/home/aup/yy/workspace/peps/configs/paper/image_repro_smoke.toml,"{""batch_size"":512,""checkpoint_every"":1,""cosine"":true,""encoder_lr"":0.1,""log_every"":1,""loss"":""l2"",""model_lr"":0.001,""seed"":0,""steps"":1,""task"":""image"",""total_steps"":1}","{""flip-evaluator"":""1.7"",""lpips"":""0.1.4"",""torch"":""2.10.0+rocm7.0"",""torchmetrics"":""1.9.0""}",smoke_not_paper_comparable
smoke,smoke,kodim22,768,512,NTC_N,0,lpips,0.9916472434997559,417792,13699,431491,2.733887844705915,1.5250779769849032,3,4,9004fe2240b9e84c55ae641ba78c0ad5f83398a6,True,/home/aup/yy/workspace/peps/configs/paper/image_repro_smoke.toml,"{""batch_size"":512,""checkpoint_every"":1,""cosine"":true,""encoder_lr"":0.1,""log_every"":1,""loss"":""l2"",""model_lr"":0.001,""seed"":0,""steps"":1,""task"":""image"",""total_steps"":1}","{""flip-evaluator"":""1.7"",""lpips"":""0.1.4"",""torch"":""2.10.0+rocm7.0"",""torchmetrics"":""1.9.0""}",smoke_not_paper_comparable
smoke,smoke,kodim22,768,512,NTC_N,0,lsd,0.07826114875101296,417792,13699,431491,2.733887844705915,1.5250779769849032,3,4,9004fe2240b9e84c55ae641ba78c0ad5f83398a6,True,/home/aup/yy/workspace/peps/configs/paper/image_repro_smoke.toml,"{""batch_size"":512,""checkpoint_every"":1,""cosine"":true,""encoder_lr"":0.1,""log_every"":1,""loss"":""l2"",""model_lr"":0.001,""seed"":0,""steps"":1,""task"":""image"",""total_steps"":1}","{""flip-evaluator"":""1.7"",""lpips"":""0.1.4"",""torch"":""2.10.0+rocm7.0"",""torchmetrics"":""1.9.0""}",smoke_not_paper_comparable
smoke,smoke,kodim22,768,512,NTC_N,0,psnr,7.551324623205534,417792,13699,431491,2.733887844705915,1.5250779769849032,3,4,9004fe2240b9e84c55ae641ba78c0ad5f83398a6,True,/home/aup/yy/workspace/peps/configs/paper/image_repro_smoke.toml,"{""batch_size"":512,""checkpoint_every"":1,""cosine"":true,""encoder_lr"":0.1,""log_every"":1,""loss"":""l2"",""model_lr"":0.001,""seed"":0,""steps"":1,""task"":""image"",""total_steps"":1}","{""flip-evaluator"":""1.7"",""lpips"":""0.1.4"",""torch"":""2.10.0+rocm7.0"",""torchmetrics"":""1.9.0""}",smoke_not_paper_comparable
smoke,smoke,kodim22,768,512,NTC_N,0,ssim,0.10952404886484146,417792,13699,431491,2.733887844705915,1.5250779769849032,3,4,9004fe2240b9e84c55ae641ba78c0ad5f83398a6,True,/home/aup/yy/workspace/peps/configs/paper/image_repro_smoke.toml,"{""batch_size"":512,""checkpoint_every"":1,""cosine"":true,""encoder_lr"":0.1,""log_every"":1,""loss"":""l2"",""model_lr"":0.001,""seed"":0,""steps"":1,""task"":""image"",""total_steps"":1}","{""flip-evaluator"":""1.7"",""lpips"":""0.1.4"",""torch"":""2.10.0+rocm7.0"",""torchmetrics"":""1.9.0""}",smoke_not_paper_comparable
smoke,smoke,kodim22,768,512,Grid,0,flip,0.8909477591514587,426496,9667,436163,2.704603554175847,2.9401715350104496,0,4,9004fe2240b9e84c55ae641ba78c0ad5f83398a6,True,/home/aup/yy/workspace/peps/configs/paper/image_repro_smoke.toml,"{""batch_size"":512,""checkpoint_every"":1,""cosine"":true,""encoder_lr"":0.1,""log_every"":1,""loss"":""l2"",""model_lr"":0.001,""seed"":0,""steps"":1,""task"":""image"",""total_steps"":1}","{""flip-evaluator"":""1.7"",""lpips"":""0.1.4"",""torch"":""2.10.0+rocm7.0"",""torchmetrics"":""1.9.0""}",smoke_not_paper_comparable
smoke,smoke,kodim22,768,512,Grid,0,lpips,1.0367560386657715,426496,9667,436163,2.704603554175847,2.9401715350104496,0,4,9004fe2240b9e84c55ae641ba78c0ad5f83398a6,True,/home/aup/yy/workspace/peps/configs/paper/image_repro_smoke.toml,"{""batch_size"":512,""checkpoint_every"":1,""cosine"":true,""encoder_lr"":0.1,""log_every"":1,""loss"":""l2"",""model_lr"":0.001,""seed"":0,""steps"":1,""task"":""image"",""total_steps"":1}","{""flip-evaluator"":""1.7"",""lpips"":""0.1.4"",""torch"":""2.10.0+rocm7.0"",""torchmetrics"":""1.9.0""}",smoke_not_paper_comparable
smoke,smoke,kodim22,768,512,Grid,0,lsd,0.07846677509841359,426496,9667,436163,2.704603554175847,2.9401715350104496,0,4,9004fe2240b9e84c55ae641ba78c0ad5f83398a6,True,/home/aup/yy/workspace/peps/configs/paper/image_repro_smoke.toml,"{""batch_size"":512,""checkpoint_every"":1,""cosine"":true,""encoder_lr"":0.1,""log_every"":1,""loss"":""l2"",""model_lr"":0.001,""seed"":0,""steps"":1,""task"":""image"",""total_steps"":1}","{""flip-evaluator"":""1.7"",""lpips"":""0.1.4"",""torch"":""2.10.0+rocm7.0"",""torchmetrics"":""1.9.0""}",smoke_not_paper_comparable
smoke,smoke,kodim22,768,512,Grid,0,psnr,5.969331620688541,426496,9667,436163,2.704603554175847,2.9401715350104496,0,4,9004fe2240b9e84c55ae641ba78c0ad5f83398a6,True,/home/aup/yy/workspace/peps/configs/paper/image_repro_smoke.toml,"{""batch_size"":512,""checkpoint_every"":1,""cosine"":true,""encoder_lr"":0.1,""log_every"":1,""loss"":""l2"",""model_lr"":0.001,""seed"":0,""steps"":1,""task"":""image"",""total_steps"":1}","{""flip-evaluator"":""1.7"",""lpips"":""0.1.4"",""torch"":""2.10.0+rocm7.0"",""torchmetrics"":""1.9.0""}",smoke_not_paper_comparable
smoke,smoke,kodim22,768,512,Grid,0,ssim,-0.0781005322933197,426496,9667,436163,2.704603554175847,2.9401715350104496,0,4,9004fe2240b9e84c55ae641ba78c0ad5f83398a6,True,/home/aup/yy/workspace/peps/configs/paper/image_repro_smoke.toml,"{""batch_size"":512,""checkpoint_every"":1,""cosine"":true,""encoder_lr"":0.1,""log_every"":1,""loss"":""l2"",""model_lr"":0.001,""seed"":0,""steps"":1,""task"":""image"",""total_steps"":1}","{""flip-evaluator"":""1.7"",""lpips"":""0.1.4"",""torch"":""2.10.0+rocm7.0"",""torchmetrics"":""1.9.0""}",smoke_not_paper_comparable
smoke,smoke,kodim22,768,512,G-PEPS,0,flip,0.8338923454284668,426496,16195,442691,2.6647209904877216,5.165426461957395,1,4,9004fe2240b9e84c55ae641ba78c0ad5f83398a6,True,/home/aup/yy/workspace/peps/configs/paper/image_repro_smoke.toml,"{""batch_size"":512,""checkpoint_every"":1,""cosine"":true,""encoder_lr"":0.1,""log_every"":1,""loss"":""l2"",""model_lr"":0.001,""seed"":0,""steps"":1,""task"":""image"",""total_steps"":1}","{""flip-evaluator"":""1.7"",""lpips"":""0.1.4"",""torch"":""2.10.0+rocm7.0"",""torchmetrics"":""1.9.0""}",smoke_not_paper_comparable
smoke,smoke,kodim22,768,512,G-PEPS,0,lpips,1.062140941619873,426496,16195,442691,2.6647209904877216,5.165426461957395,1,4,9004fe2240b9e84c55ae641ba78c0ad5f83398a6,True,/home/aup/yy/workspace/peps/configs/paper/image_repro_smoke.toml,"{""batch_size"":512,""checkpoint_every"":1,""cosine"":true,""encoder_lr"":0.1,""log_every"":1,""loss"":""l2"",""model_lr"":0.001,""seed"":0,""steps"":1,""task"":""image"",""total_steps"":1}","{""flip-evaluator"":""1.7"",""lpips"":""0.1.4"",""torch"":""2.10.0+rocm7.0"",""torchmetrics"":""1.9.0""}",smoke_not_paper_comparable
smoke,smoke,kodim22,768,512,G-PEPS,0,lsd,0.07828627162200599,426496,16195,442691,2.6647209904877216,5.165426461957395,1,4,9004fe2240b9e84c55ae641ba78c0ad5f83398a6,True,/home/aup/yy/workspace/peps/configs/paper/image_repro_smoke.toml,"{""batch_size"":512,""checkpoint_every"":1,""cosine"":true,""encoder_lr"":0.1,""log_every"":1,""loss"":""l2"",""model_lr"":0.001,""seed"":0,""steps"":1,""task"":""image"",""total_steps"":1}","{""flip-evaluator"":""1.7"",""lpips"":""0.1.4"",""torch"":""2.10.0+rocm7.0"",""torchmetrics"":""1.9.0""}",smoke_not_paper_comparable
smoke,smoke,kodim22,768,512,G-PEPS,0,psnr,6.874430632411915,426496,16195,442691,2.6647209904877216,5.165426461957395,1,4,9004fe2240b9e84c55ae641ba78c0ad5f83398a6,True,/home/aup/yy/workspace/peps/configs/paper/image_repro_smoke.toml,"{""batch_size"":512,""checkpoint_every"":1,""cosine"":true,""encoder_lr"":0.1,""log_every"":1,""loss"":""l2"",""model_lr"":0.001,""seed"":0,""steps"":1,""task"":""image"",""total_steps"":1}","{""flip-evaluator"":""1.7"",""lpips"":""0.1.4"",""torch"":""2.10.0+rocm7.0"",""torchmetrics"":""1.9.0""}",smoke_not_paper_comparable
smoke,smoke,kodim22,768,512,G-PEPS,0,ssim,0.01551617868244648,426496,16195,442691,2.6647209904877216,5.165426461957395,1,4,9004fe2240b9e84c55ae641ba78c0ad5f83398a6,True,/home/aup/yy/workspace/peps/configs/paper/image_repro_smoke.toml,"{""batch_size"":512,""checkpoint_every"":1,""cosine"":true,""encoder_lr"":0.1,""log_every"":1,""loss"":""l2"",""model_lr"":0.001,""seed"":0,""steps"":1,""task"":""image"",""total_steps"":1}","{""flip-evaluator"":""1.7"",""lpips"":""0.1.4"",""torch"":""2.10.0+rocm7.0"",""torchmetrics"":""1.9.0""}",smoke_not_paper_comparable
smoke,smoke,kodim22,768,512,G-P-PEPS,0,flip,0.8817601203918457,426496,11459,437955,2.69353700722677,4.199222049093805,2,4,9004fe2240b9e84c55ae641ba78c0ad5f83398a6,True,/home/aup/yy/workspace/peps/configs/paper/image_repro_smoke.toml,"{""batch_size"":512,""checkpoint_every"":1,""cosine"":true,""encoder_lr"":0.1,""log_every"":1,""loss"":""l2"",""model_lr"":0.001,""seed"":0,""steps"":1,""task"":""image"",""total_steps"":1}","{""flip-evaluator"":""1.7"",""lpips"":""0.1.4"",""torch"":""2.10.0+rocm7.0"",""torchmetrics"":""1.9.0""}",smoke_not_paper_comparable
smoke,smoke,kodim22,768,512,G-P-PEPS,0,lpips,1.0020875930786133,426496,11459,437955,2.69353700722677,4.199222049093805,2,4,9004fe2240b9e84c55ae641ba78c0ad5f83398a6,True,/home/aup/yy/workspace/peps/configs/paper/image_repro_smoke.toml,"{""batch_size"":512,""checkpoint_every"":1,""cosine"":true,""encoder_lr"":0.1,""log_every"":1,""loss"":""l2"",""model_lr"":0.001,""seed"":0,""steps"":1,""task"":""image"",""total_steps"":1}","{""flip-evaluator"":""1.7"",""lpips"":""0.1.4"",""torch"":""2.10.0+rocm7.0"",""torchmetrics"":""1.9.0""}",smoke_not_paper_comparable
smoke,smoke,kodim22,768,512,G-P-PEPS,0,lsd,0.07837626066926903,426496,11459,437955,2.69353700722677,4.199222049093805,2,4,9004fe2240b9e84c55ae641ba78c0ad5f83398a6,True,/home/aup/yy/workspace/peps/configs/paper/image_repro_smoke.toml,"{""batch_size"":512,""checkpoint_every"":1,""cosine"":true,""encoder_lr"":0.1,""log_every"":1,""loss"":""l2"",""model_lr"":0.001,""seed"":0,""steps"":1,""task"":""image"",""total_steps"":1}","{""flip-evaluator"":""1.7"",""lpips"":""0.1.4"",""torch"":""2.10.0+rocm7.0"",""torchmetrics"":""1.9.0""}",smoke_not_paper_comparable
smoke,smoke,kodim22,768,512,G-P-PEPS,0,psnr,7.03579751953842,426496,11459,437955,2.69353700722677,4.199222049093805,2,4,9004fe2240b9e84c55ae641ba78c0ad5f83398a6,True,/home/aup/yy/workspace/peps/configs/paper/image_repro_smoke.toml,"{""batch_size"":512,""checkpoint_every"":1,""cosine"":true,""encoder_lr"":0.1,""log_every"":1,""loss"":""l2"",""model_lr"":0.001,""seed"":0,""steps"":1,""task"":""image"",""total_steps"":1}","{""flip-evaluator"":""1.7"",""lpips"":""0.1.4"",""torch"":""2.10.0+rocm7.0"",""torchmetrics"":""1.9.0""}",smoke_not_paper_comparable
smoke,smoke,kodim22,768,512,G-P-PEPS,0,ssim,0.03401466831564903,426496,11459,437955,2.69353700722677,4.199222049093805,2,4,9004fe2240b9e84c55ae641ba78c0ad5f83398a6,True,/home/aup/yy/workspace/peps/configs/paper/image_repro_smoke.toml,"{""batch_size"":512,""checkpoint_every"":1,""cosine"":true,""encoder_lr"":0.1,""log_every"":1,""loss"":""l2"",""model_lr"":0.001,""seed"":0,""steps"":1,""task"":""image"",""total_steps"":1}","{""flip-evaluator"":""1.7"",""lpips"":""0.1.4"",""torch"":""2.10.0+rocm7.0"",""torchmetrics"":""1.9.0""}",smoke_not_paper_comparable
smoke,smoke,kodim22,768,512,NTC_PEPS,0,flip,0.861987292766571,417792,39811,457603,2.577885197430961,7.1536060069920495,3,4,9004fe2240b9e84c55ae641ba78c0ad5f83398a6,True,/home/aup/yy/workspace/peps/configs/paper/image_repro_smoke.toml,"{""batch_size"":512,""checkpoint_every"":1,""cosine"":true,""encoder_lr"":0.1,""log_every"":1,""loss"":""l2"",""model_lr"":0.001,""seed"":0,""steps"":1,""task"":""image"",""total_steps"":1}","{""flip-evaluator"":""1.7"",""lpips"":""0.1.4"",""torch"":""2.10.0+rocm7.0"",""torchmetrics"":""1.9.0""}",smoke_not_paper_comparable
smoke,smoke,kodim22,768,512,NTC_PEPS,0,lpips,1.0195093154907227,417792,39811,457603,2.577885197430961,7.1536060069920495,3,4,9004fe2240b9e84c55ae641ba78c0ad5f83398a6,True,/home/aup/yy/workspace/peps/configs/paper/image_repro_smoke.toml,"{""batch_size"":512,""checkpoint_every"":1,""cosine"":true,""encoder_lr"":0.1,""log_every"":1,""loss"":""l2"",""model_lr"":0.001,""seed"":0,""steps"":1,""task"":""image"",""total_steps"":1}","{""flip-evaluator"":""1.7"",""lpips"":""0.1.4"",""torch"":""2.10.0+rocm7.0"",""torchmetrics"":""1.9.0""}",smoke_not_paper_comparable
smoke,smoke,kodim22,768,512,NTC_PEPS,0,lsd,0.07772986888143706,417792,39811,457603,2.577885197430961,7.1536060069920495,3,4,9004fe2240b9e84c55ae641ba78c0ad5f83398a6,True,/home/aup/yy/workspace/peps/configs/paper/image_repro_smoke.toml,"{""batch_size"":512,""checkpoint_every"":1,""cosine"":true,""encoder_lr"":0.1,""log_every"":1,""loss"":""l2"",""model_lr"":0.001,""seed"":0,""steps"":1,""task"":""image"",""total_steps"":1}","{""flip-evaluator"":""1.7"",""lpips"":""0.1.4"",""torch"":""2.10.0+rocm7.0"",""torchmetrics"":""1.9.0""}",smoke_not_paper_comparable
smoke,smoke,kodim22,768,512,NTC_PEPS,0,psnr,8.341639026730366,417792,39811,457603,2.577885197430961,7.1536060069920495,3,4,9004fe2240b9e84c55ae641ba78c0ad5f83398a6,True,/home/aup/yy/workspace/peps/configs/paper/image_repro_smoke.toml,"{""batch_size"":512,""checkpoint_every"":1,""cosine"":true,""encoder_lr"":0.1,""log_every"":1,""loss"":""l2"",""model_lr"":0.001,""seed"":0,""steps"":1,""task"":""image"",""total_steps"":1}","{""flip-evaluator"":""1.7"",""lpips"":""0.1.4"",""torch"":""2.10.0+rocm7.0"",""torchmetrics"":""1.9.0""}",smoke_not_paper_comparable
smoke,smoke,kodim22,768,512,NTC_PEPS,0,ssim,0.2204785794019699,417792,39811,457603,2.577885197430961,7.1536060069920495,3,4,9004fe2240b9e84c55ae641ba78c0ad5f83398a6,True,/home/aup/yy/workspace/peps/configs/paper/image_repro_smoke.toml,"{""batch_size"":512,""checkpoint_every"":1,""cosine"":true,""encoder_lr"":0.1,""log_every"":1,""loss"":""l2"",""model_lr"":0.001,""seed"":0,""steps"":1,""task"":""image"",""total_steps"":1}","{""flip-evaluator"":""1.7"",""lpips"":""0.1.4"",""torch"":""2.10.0+rocm7.0"",""torchmetrics"":""1.9.0""}",smoke_not_paper_comparable
smoke,smoke,kodim22,768,512,NTC_PinkPEPS,0,flip,0.8795701861381531,417792,21251,439043,2.6868621069006906,5.822813689010218,0,4,9004fe2240b9e84c55ae641ba78c0ad5f83398a6,True,/home/aup/yy/workspace/peps/configs/paper/image_repro_smoke.toml,"{""batch_size"":512,""checkpoint_every"":1,""cosine"":true,""encoder_lr"":0.1,""log_every"":1,""loss"":""l2"",""model_lr"":0.001,""seed"":0,""steps"":1,""task"":""image"",""total_steps"":1}","{""flip-evaluator"":""1.7"",""lpips"":""0.1.4"",""torch"":""2.10.0+rocm7.0"",""torchmetrics"":""1.9.0""}",smoke_not_paper_comparable
smoke,smoke,kodim22,768,512,NTC_PinkPEPS,0,lpips,1.042398452758789,417792,21251,439043,2.6868621069006906,5.822813689010218,0,4,9004fe2240b9e84c55ae641ba78c0ad5f83398a6,True,/home/aup/yy/workspace/peps/configs/paper/image_repro_smoke.toml,"{""batch_size"":512,""checkpoint_every"":1,""cosine"":true,""encoder_lr"":0.1,""log_every"":1,""loss"":""l2"",""model_lr"":0.001,""seed"":0,""steps"":1,""task"":""image"",""total_steps"":1}","{""flip-evaluator"":""1.7"",""lpips"":""0.1.4"",""torch"":""2.10.0+rocm7.0"",""torchmetrics"":""1.9.0""}",smoke_not_paper_comparable
smoke,smoke,kodim22,768,512,NTC_PinkPEPS,0,lsd,0.07794062736111847,417792,21251,439043,2.6868621069006906,5.822813689010218,0,4,9004fe2240b9e84c55ae641ba78c0ad5f83398a6,True,/home/aup/yy/workspace/peps/configs/paper/image_repro_smoke.toml,"{""batch_size"":512,""checkpoint_every"":1,""cosine"":true,""encoder_lr"":0.1,""log_every"":1,""loss"":""l2"",""model_lr"":0.001,""seed"":0,""steps"":1,""task"":""image"",""total_steps"":1}","{""flip-evaluator"":""1.7"",""lpips"":""0.1.4"",""torch"":""2.10.0+rocm7.0"",""torchmetrics"":""1.9.0""}",smoke_not_paper_comparable
smoke,smoke,kodim22,768,512,NTC_PinkPEPS,0,psnr,6.7303503378456595,417792,21251,439043,2.6868621069006906,5.822813689010218,0,4,9004fe2240b9e84c55ae641ba78c0ad5f83398a6,True,/home/aup/yy/workspace/peps/configs/paper/image_repro_smoke.toml,"{""batch_size"":512,""checkpoint_every"":1,""cosine"":true,""encoder_lr"":0.1,""log_every"":1,""loss"":""l2"",""model_lr"":0.001,""seed"":0,""steps"":1,""task"":""image"",""total_steps"":1}","{""flip-evaluator"":""1.7"",""lpips"":""0.1.4"",""torch"":""2.10.0+rocm7.0"",""torchmetrics"":""1.9.0""}",smoke_not_paper_comparable
smoke,smoke,kodim22,768,512,NTC_PinkPEPS,0,ssim,0.015424896962940693,417792,21251,439043,2.6868621069006906,5.822813689010218,0,4,9004fe2240b9e84c55ae641ba78c0ad5f83398a6,True,/home/aup/yy/workspace/peps/configs/paper/image_repro_smoke.toml,"{""batch_size"":512,""checkpoint_every"":1,""cosine"":true,""encoder_lr"":0.1,""log_every"":1,""loss"":""l2"",""model_lr"":0.001,""seed"":0,""steps"":1,""task"":""image"",""total_steps"":1}","{""flip-evaluator"":""1.7"",""lpips"":""0.1.4"",""torch"":""2.10.0+rocm7.0"",""torchmetrics"":""1.9.0""}",smoke_not_paper_comparable
smoke,smoke,kodim22,768,512,G-P-PEPS-25,0,flip,0.8840729594230652,326144,10691,336835,3.5021538735582705,5.661004442023113,1,4,9004fe2240b9e84c55ae641ba78c0ad5f83398a6,True,/home/aup/yy/workspace/peps/configs/paper/image_repro_smoke.toml,"{""batch_size"":512,""checkpoint_every"":1,""cosine"":true,""encoder_lr"":0.1,""log_every"":1,""loss"":""l2"",""model_lr"":0.001,""seed"":0,""steps"":1,""task"":""image"",""total_steps"":1}","{""flip-evaluator"":""1.7"",""lpips"":""0.1.4"",""torch"":""2.10.0+rocm7.0"",""torchmetrics"":""1.9.0""}",smoke_not_paper_comparable
smoke,smoke,kodim22,768,512,G-P-PEPS-25,0,lpips,1.0105500221252441,326144,10691,336835,3.5021538735582705,5.661004442023113,1,4,9004fe2240b9e84c55ae641ba78c0ad5f83398a6,True,/home/aup/yy/workspace/peps/configs/paper/image_repro_smoke.toml,"{""batch_size"":512,""checkpoint_every"":1,""cosine"":true,""encoder_lr"":0.1,""log_every"":1,""loss"":""l2"",""model_lr"":0.001,""seed"":0,""steps"":1,""task"":""image"",""total_steps"":1}","{""flip-evaluator"":""1.7"",""lpips"":""0.1.4"",""torch"":""2.10.0+rocm7.0"",""torchmetrics"":""1.9.0""}",smoke_not_paper_comparable
smoke,smoke,kodim22,768,512,G-P-PEPS-25,0,lsd,0.07851048652653946,326144,10691,336835,3.5021538735582705,5.661004442023113,1,4,9004fe2240b9e84c55ae641ba78c0ad5f83398a6,True,/home/aup/yy/workspace/peps/configs/paper/image_repro_smoke.toml,"{""batch_size"":512,""checkpoint_every"":1,""cosine"":true,""encoder_lr"":0.1,""log_every"":1,""loss"":""l2"",""model_lr"":0.001,""seed"":0,""steps"":1,""task"":""image"",""total_steps"":1}","{""flip-evaluator"":""1.7"",""lpips"":""0.1.4"",""torch"":""2.10.0+rocm7.0"",""torchmetrics"":""1.9.0""}",smoke_not_paper_comparable
smoke,smoke,kodim22,768,512,G-P-PEPS-25,0,psnr,7.143423693717489,326144,10691,336835,3.5021538735582705,5.661004442023113,1,4,9004fe2240b9e84c55ae641ba78c0ad5f83398a6,True,/home/aup/yy/workspace/peps/configs/paper/image_repro_smoke.toml,"{""batch_size"":512,""checkpoint_every"":1,""cosine"":true,""encoder_lr"":0.1,""log_every"":1,""loss"":""l2"",""model_lr"":0.001,""seed"":0,""steps"":1,""task"":""image"",""total_steps"":1}","{""flip-evaluator"":""1.7"",""lpips"":""0.1.4"",""torch"":""2.10.0+rocm7.0"",""torchmetrics"":""1.9.0""}",smoke_not_paper_comparable
smoke,smoke,kodim22,768,512,G-P-PEPS-25,0,ssim,0.050338152796030045,326144,10691,336835,3.5021538735582705,5.661004442023113,1,4,9004fe2240b9e84c55ae641ba78c0ad5f83398a6,True,/home/aup/yy/workspace/peps/configs/paper/image_repro_smoke.toml,"{""batch_size"":512,""checkpoint_every"":1,""cosine"":true,""encoder_lr"":0.1,""log_every"":1,""loss"":""l2"",""model_lr"":0.001,""seed"":0,""steps"":1,""task"":""image"",""total_steps"":1}","{""flip-evaluator"":""1.7"",""lpips"":""0.1.4"",""torch"":""2.10.0+rocm7.0"",""torchmetrics"":""1.9.0""}",smoke_not_paper_comparable
smoke,smoke,kodim23,768,512,PE,0,flip,0.865186870098114,0,194403,194403,6.068054505331708,4.900910667958669,2,4,9004fe2240b9e84c55ae641ba78c0ad5f83398a6,True,/home/aup/yy/workspace/peps/configs/paper/image_repro_smoke.toml,"{""batch_size"":512,""checkpoint_every"":1,""cosine"":true,""encoder_lr"":0.1,""log_every"":1,""loss"":""l2"",""model_lr"":0.001,""seed"":0,""steps"":1,""task"":""image"",""total_steps"":1}","{""flip-evaluator"":""1.7"",""lpips"":""0.1.4"",""torch"":""2.10.0+rocm7.0"",""torchmetrics"":""1.9.0""}",smoke_not_paper_comparable
smoke,smoke,kodim23,768,512,PE,0,lpips,0.954744815826416,0,194403,194403,6.068054505331708,4.900910667958669,2,4,9004fe2240b9e84c55ae641ba78c0ad5f83398a6,True,/home/aup/yy/workspace/peps/configs/paper/image_repro_smoke.toml,"{""batch_size"":512,""checkpoint_every"":1,""cosine"":true,""encoder_lr"":0.1,""log_every"":1,""loss"":""l2"",""model_lr"":0.001,""seed"":0,""steps"":1,""task"":""image"",""total_steps"":1}","{""flip-evaluator"":""1.7"",""lpips"":""0.1.4"",""torch"":""2.10.0+rocm7.0"",""torchmetrics"":""1.9.0""}",smoke_not_paper_comparable
smoke,smoke,kodim23,768,512,PE,0,lsd,0.07616419193191225,0,194403,194403,6.068054505331708,4.900910667958669,2,4,9004fe2240b9e84c55ae641ba78c0ad5f83398a6,True,/home/aup/yy/workspace/peps/configs/paper/image_repro_smoke.toml,"{""batch_size"":512,""checkpoint_every"":1,""cosine"":true,""encoder_lr"":0.1,""log_every"":1,""loss"":""l2"",""model_lr"":0.001,""seed"":0,""steps"":1,""task"":""image"",""total_steps"":1}","{""flip-evaluator"":""1.7"",""lpips"":""0.1.4"",""torch"":""2.10.0+rocm7.0"",""torchmetrics"":""1.9.0""}",smoke_not_paper_comparable
smoke,smoke,kodim23,768,512,PE,0,psnr,6.8922548318152455,0,194403,194403,6.068054505331708,4.900910667958669,2,4,9004fe2240b9e84c55ae641ba78c0ad5f83398a6,True,/home/aup/yy/workspace/peps/configs/paper/image_repro_smoke.toml,"{""batch_size"":512,""checkpoint_every"":1,""cosine"":true,""encoder_lr"":0.1,""log_every"":1,""loss"":""l2"",""model_lr"":0.001,""seed"":0,""steps"":1,""task"":""image"",""total_steps"":1}","{""flip-evaluator"":""1.7"",""lpips"":""0.1.4"",""torch"":""2.10.0+rocm7.0"",""torchmetrics"":""1.9.0""}",smoke_not_paper_comparable
smoke,smoke,kodim23,768,512,PE,0,ssim,-0.01329143438488245,0,194403,194403,6.068054505331708,4.900910667958669,2,4,9004fe2240b9e84c55ae641ba78c0ad5f83398a6,True,/home/aup/yy/workspace/peps/configs/paper/image_repro_smoke.toml,"{""batch_size"":512,""checkpoint_every"":1,""cosine"":true,""encoder_lr"":0.1,""log_every"":1,""loss"":""l2"",""model_lr"":0.001,""seed"":0,""steps"":1,""task"":""image"",""total_steps"":1}","{""flip-evaluator"":""1.7"",""lpips"":""0.1.4"",""torch"":""2.10.0+rocm7.0"",""torchmetrics"":""1.9.0""}",smoke_not_paper_comparable
smoke,smoke,kodim23,768,512,LPE,0,flip,0.8761579394340515,401408,9603,411011,2.870112965346426,5.5362983050290495,3,4,9004fe2240b9e84c55ae641ba78c0ad5f83398a6,True,/home/aup/yy/workspace/peps/configs/paper/image_repro_smoke.toml,"{""batch_size"":512,""checkpoint_every"":1,""cosine"":true,""encoder_lr"":0.1,""log_every"":1,""loss"":""l2"",""model_lr"":0.001,""seed"":0,""steps"":1,""task"":""image"",""total_steps"":1}","{""flip-evaluator"":""1.7"",""lpips"":""0.1.4"",""torch"":""2.10.0+rocm7.0"",""torchmetrics"":""1.9.0""}",smoke_not_paper_comparable
smoke,smoke,kodim23,768,512,LPE,0,lpips,0.9321687817573547,401408,9603,411011,2.870112965346426,5.5362983050290495,3,4,9004fe2240b9e84c55ae641ba78c0ad5f83398a6,True,/home/aup/yy/workspace/peps/configs/paper/image_repro_smoke.toml,"{""batch_size"":512,""checkpoint_every"":1,""cosine"":true,""encoder_lr"":0.1,""log_every"":1,""loss"":""l2"",""model_lr"":0.001,""seed"":0,""steps"":1,""task"":""image"",""total_steps"":1}","{""flip-evaluator"":""1.7"",""lpips"":""0.1.4"",""torch"":""2.10.0+rocm7.0"",""torchmetrics"":""1.9.0""}",smoke_not_paper_comparable
smoke,smoke,kodim23,768,512,LPE,0,lsd,0.0777671920170168,401408,9603,411011,2.870112965346426,5.5362983050290495,3,4,9004fe2240b9e84c55ae641ba78c0ad5f83398a6,True,/home/aup/yy/workspace/peps/configs/paper/image_repro_smoke.toml,"{""batch_size"":512,""checkpoint_every"":1,""cosine"":true,""encoder_lr"":0.1,""log_every"":1,""loss"":""l2"",""model_lr"":0.001,""seed"":0,""steps"":1,""task"":""image"",""total_steps"":1}","{""flip-evaluator"":""1.7"",""lpips"":""0.1.4"",""torch"":""2.10.0+rocm7.0"",""torchmetrics"":""1.9.0""}",smoke_not_paper_comparable
smoke,smoke,kodim23,768,512,LPE,0,psnr,5.939408624160283,401408,9603,411011,2.870112965346426,5.5362983050290495,3,4,9004fe2240b9e84c55ae641ba78c0ad5f83398a6,True,/home/aup/yy/workspace/peps/configs/paper/image_repro_smoke.toml,"{""batch_size"":512,""checkpoint_every"":1,""cosine"":true,""encoder_lr"":0.1,""log_every"":1,""loss"":""l2"",""model_lr"":0.001,""seed"":0,""steps"":1,""task"":""image"",""total_steps"":1}","{""flip-evaluator"":""1.7"",""lpips"":""0.1.4"",""torch"":""2.10.0+rocm7.0"",""torchmetrics"":""1.9.0""}",smoke_not_paper_comparable
smoke,smoke,kodim23,768,512,LPE,0,ssim,-0.2453702837228775,401408,9603,411011,2.870112965346426,5.5362983050290495,3,4,9004fe2240b9e84c55ae641ba78c0ad5f83398a6,True,/home/aup/yy/workspace/peps/configs/paper/image_repro_smoke.toml,"{""batch_size"":512,""checkpoint_every"":1,""cosine"":true,""encoder_lr"":0.1,""log_every"":1,""loss"":""l2"",""model_lr"":0.001,""seed"":0,""steps"":1,""task"":""image"",""total_steps"":1}","{""flip-evaluator"":""1.7"",""lpips"":""0.1.4"",""torch"":""2.10.0+rocm7.0"",""torchmetrics"":""1.9.0""}",smoke_not_paper_comparable
smoke,smoke,kodim23,768,512,NTC_N,0,flip,0.8463217616081238,417792,13699,431491,2.733887844705915,6.196134096011519,0,4,9004fe2240b9e84c55ae641ba78c0ad5f83398a6,True,/home/aup/yy/workspace/peps/configs/paper/image_repro_smoke.toml,"{""batch_size"":512,""checkpoint_every"":1,""cosine"":true,""encoder_lr"":0.1,""log_every"":1,""loss"":""l2"",""model_lr"":0.001,""seed"":0,""steps"":1,""task"":""image"",""total_steps"":1}","{""flip-evaluator"":""1.7"",""lpips"":""0.1.4"",""torch"":""2.10.0+rocm7.0"",""torchmetrics"":""1.9.0""}",smoke_not_paper_comparable
smoke,smoke,kodim23,768,512,NTC_N,0,lpips,0.9081069231033325,417792,13699,431491,2.733887844705915,6.196134096011519,0,4,9004fe2240b9e84c55ae641ba78c0ad5f83398a6,True,/home/aup/yy/workspace/peps/configs/paper/image_repro_smoke.toml,"{""batch_size"":512,""checkpoint_every"":1,""cosine"":true,""encoder_lr"":0.1,""log_every"":1,""loss"":""l2"",""model_lr"":0.001,""seed"":0,""steps"":1,""task"":""image"",""total_steps"":1}","{""flip-evaluator"":""1.7"",""lpips"":""0.1.4"",""torch"":""2.10.0+rocm7.0"",""torchmetrics"":""1.9.0""}",smoke_not_paper_comparable
smoke,smoke,kodim23,768,512,NTC_N,0,lsd,0.07730716376352352,417792,13699,431491,2.733887844705915,6.196134096011519,0,4,9004fe2240b9e84c55ae641ba78c0ad5f83398a6,True,/home/aup/yy/workspace/peps/configs/paper/image_repro_smoke.toml,"{""batch_size"":512,""checkpoint_every"":1,""cosine"":true,""encoder_lr"":0.1,""log_every"":1,""loss"":""l2"",""model_lr"":0.001,""seed"":0,""steps"":1,""task"":""image"",""total_steps"":1}","{""flip-evaluator"":""1.7"",""lpips"":""0.1.4"",""torch"":""2.10.0+rocm7.0"",""torchmetrics"":""1.9.0""}",smoke_not_paper_comparable
smoke,smoke,kodim23,768,512,NTC_N,0,psnr,7.505797493659843,417792,13699,431491,2.733887844705915,6.196134096011519,0,4,9004fe2240b9e84c55ae641ba78c0ad5f83398a6,True,/home/aup/yy/workspace/peps/configs/paper/image_repro_smoke.toml,"{""batch_size"":512,""checkpoint_every"":1,""cosine"":true,""encoder_lr"":0.1,""log_every"":1,""loss"":""l2"",""model_lr"":0.001,""seed"":0,""steps"":1,""task"":""image"",""total_steps"":1}","{""flip-evaluator"":""1.7"",""lpips"":""0.1.4"",""torch"":""2.10.0+rocm7.0"",""torchmetrics"":""1.9.0""}",smoke_not_paper_comparable
smoke,smoke,kodim23,768,512,NTC_N,0,ssim,0.1875613033771515,417792,13699,431491,2.733887844705915,6.196134096011519,0,4,9004fe2240b9e84c55ae641ba78c0ad5f83398a6,True,/home/aup/yy/workspace/peps/configs/paper/image_repro_smoke.toml,"{""batch_size"":512,""checkpoint_every"":1,""cosine"":true,""encoder_lr"":0.1,""log_every"":1,""loss"":""l2"",""model_lr"":0.001,""seed"":0,""steps"":1,""task"":""image"",""total_steps"":1}","{""flip-evaluator"":""1.7"",""lpips"":""0.1.4"",""torch"":""2.10.0+rocm7.0"",""torchmetrics"":""1.9.0""}",smoke_not_paper_comparable
smoke,smoke,kodim23,768,512,Grid,0,flip,0.8752048015594482,426496,9667,436163,2.704603554175847,6.14162565395236,1,4,9004fe2240b9e84c55ae641ba78c0ad5f83398a6,True,/home/aup/yy/workspace/peps/configs/paper/image_repro_smoke.toml,"{""batch_size"":512,""checkpoint_every"":1,""cosine"":true,""encoder_lr"":0.1,""log_every"":1,""loss"":""l2"",""model_lr"":0.001,""seed"":0,""steps"":1,""task"":""image"",""total_steps"":1}","{""flip-evaluator"":""1.7"",""lpips"":""0.1.4"",""torch"":""2.10.0+rocm7.0"",""torchmetrics"":""1.9.0""}",smoke_not_paper_comparable
smoke,smoke,kodim23,768,512,Grid,0,lpips,1.022275447845459,426496,9667,436163,2.704603554175847,6.14162565395236,1,4,9004fe2240b9e84c55ae641ba78c0ad5f83398a6,True,/home/aup/yy/workspace/peps/configs/paper/image_repro_smoke.toml,"{""batch_size"":512,""checkpoint_every"":1,""cosine"":true,""encoder_lr"":0.1,""log_every"":1,""loss"":""l2"",""model_lr"":0.001,""seed"":0,""steps"":1,""task"":""image"",""total_steps"":1}","{""flip-evaluator"":""1.7"",""lpips"":""0.1.4"",""torch"":""2.10.0+rocm7.0"",""torchmetrics"":""1.9.0""}",smoke_not_paper_comparable
smoke,smoke,kodim23,768,512,Grid,0,lsd,0.07742577779740849,426496,9667,436163,2.704603554175847,6.14162565395236,1,4,9004fe2240b9e84c55ae641ba78c0ad5f83398a6,True,/home/aup/yy/workspace/peps/configs/paper/image_repro_smoke.toml,"{""batch_size"":512,""checkpoint_every"":1,""cosine"":true,""encoder_lr"":0.1,""log_every"":1,""loss"":""l2"",""model_lr"":0.001,""seed"":0,""steps"":1,""task"":""image"",""total_steps"":1}","{""flip-evaluator"":""1.7"",""lpips"":""0.1.4"",""torch"":""2.10.0+rocm7.0"",""torchmetrics"":""1.9.0""}",smoke_not_paper_comparable
smoke,smoke,kodim23,768,512,Grid,0,psnr,5.948051372099793,426496,9667,436163,2.704603554175847,6.14162565395236,1,4,9004fe2240b9e84c55ae641ba78c0ad5f83398a6,True,/home/aup/yy/workspace/peps/configs/paper/image_repro_smoke.toml,"{""batch_size"":512,""checkpoint_every"":1,""cosine"":true,""encoder_lr"":0.1,""log_every"":1,""loss"":""l2"",""model_lr"":0.001,""seed"":0,""steps"":1,""task"":""image"",""total_steps"":1}","{""flip-evaluator"":""1.7"",""lpips"":""0.1.4"",""torch"":""2.10.0+rocm7.0"",""torchmetrics"":""1.9.0""}",smoke_not_paper_comparable
smoke,smoke,kodim23,768,512,Grid,0,ssim,-0.11902470141649246,426496,9667,436163,2.704603554175847,6.14162565395236,1,4,9004fe2240b9e84c55ae641ba78c0ad5f83398a6,True,/home/aup/yy/workspace/peps/configs/paper/image_repro_smoke.toml,"{""batch_size"":512,""checkpoint_every"":1,""cosine"":true,""encoder_lr"":0.1,""log_every"":1,""loss"":""l2"",""model_lr"":0.001,""seed"":0,""steps"":1,""task"":""image"",""total_steps"":1}","{""flip-evaluator"":""1.7"",""lpips"":""0.1.4"",""torch"":""2.10.0+rocm7.0"",""torchmetrics"":""1.9.0""}",smoke_not_paper_comparable
smoke,smoke,kodim23,768,512,G-PEPS,0,flip,0.818471372127533,426496,16195,442691,2.6647209904877216,7.4374834849732,2,4,9004fe2240b9e84c55ae641ba78c0ad5f83398a6,True,/home/aup/yy/workspace/peps/configs/paper/image_repro_smoke.toml,"{""batch_size"":512,""checkpoint_every"":1,""cosine"":true,""encoder_lr"":0.1,""log_every"":1,""loss"":""l2"",""model_lr"":0.001,""seed"":0,""steps"":1,""task"":""image"",""total_steps"":1}","{""flip-evaluator"":""1.7"",""lpips"":""0.1.4"",""torch"":""2.10.0+rocm7.0"",""torchmetrics"":""1.9.0""}",smoke_not_paper_comparable
smoke,smoke,kodim23,768,512,G-PEPS,0,lpips,0.9474345445632935,426496,16195,442691,2.6647209904877216,7.4374834849732,2,4,9004fe2240b9e84c55ae641ba78c0ad5f83398a6,True,/home/aup/yy/workspace/peps/configs/paper/image_repro_smoke.toml,"{""batch_size"":512,""checkpoint_every"":1,""cosine"":true,""encoder_lr"":0.1,""log_every"":1,""loss"":""l2"",""model_lr"":0.001,""seed"":0,""steps"":1,""task"":""image"",""total_steps"":1}","{""flip-evaluator"":""1.7"",""lpips"":""0.1.4"",""torch"":""2.10.0+rocm7.0"",""torchmetrics"":""1.9.0""}",smoke_not_paper_comparable
smoke,smoke,kodim23,768,512,G-PEPS,0,lsd,0.07740562097054833,426496,16195,442691,2.6647209904877216,7.4374834849732,2,4,9004fe2240b9e84c55ae641ba78c0ad5f83398a6,True,/home/aup/yy/workspace/peps/configs/paper/image_repro_smoke.toml,"{""batch_size"":512,""checkpoint_every"":1,""cosine"":true,""encoder_lr"":0.1,""log_every"":1,""loss"":""l2"",""model_lr"":0.001,""seed"":0,""steps"":1,""task"":""image"",""total_steps"":1}","{""flip-evaluator"":""1.7"",""lpips"":""0.1.4"",""torch"":""2.10.0+rocm7.0"",""torchmetrics"":""1.9.0""}",smoke_not_paper_comparable
smoke,smoke,kodim23,768,512,G-PEPS,0,psnr,6.859834892477144,426496,16195,442691,2.6647209904877216,7.4374834849732,2,4,9004fe2240b9e84c55ae641ba78c0ad5f83398a6,True,/home/aup/yy/workspace/peps/configs/paper/image_repro_smoke.toml,"{""batch_size"":512,""checkpoint_every"":1,""cosine"":true,""encoder_lr"":0.1,""log_every"":1,""loss"":""l2"",""model_lr"":0.001,""seed"":0,""steps"":1,""task"":""image"",""total_steps"":1}","{""flip-evaluator"":""1.7"",""lpips"":""0.1.4"",""torch"":""2.10.0+rocm7.0"",""torchmetrics"":""1.9.0""}",smoke_not_paper_comparable
smoke,smoke,kodim23,768,512,G-PEPS,0,ssim,0.01593037322163582,426496,16195,442691,2.6647209904877216,7.4374834849732,2,4,9004fe2240b9e84c55ae641ba78c0ad5f83398a6,True,/home/aup/yy/workspace/peps/configs/paper/image_repro_smoke.toml,"{""batch_size"":512,""checkpoint_every"":1,""cosine"":true,""encoder_lr"":0.1,""log_every"":1,""loss"":""l2"",""model_lr"":0.001,""seed"":0,""steps"":1,""task"":""image"",""total_steps"":1}","{""flip-evaluator"":""1.7"",""lpips"":""0.1.4"",""torch"":""2.10.0+rocm7.0"",""torchmetrics"":""1.9.0""}",smoke_not_paper_comparable
smoke,smoke,kodim23,768,512,G-P-PEPS,0,flip,0.865602433681488,426496,11459,437955,2.69353700722677,5.270734085002914,3,4,9004fe2240b9e84c55ae641ba78c0ad5f83398a6,True,/home/aup/yy/workspace/peps/configs/paper/image_repro_smoke.toml,"{""batch_size"":512,""checkpoint_every"":1,""cosine"":true,""encoder_lr"":0.1,""log_every"":1,""loss"":""l2"",""model_lr"":0.001,""seed"":0,""steps"":1,""task"":""image"",""total_steps"":1}","{""flip-evaluator"":""1.7"",""lpips"":""0.1.4"",""torch"":""2.10.0+rocm7.0"",""torchmetrics"":""1.9.0""}",smoke_not_paper_comparable
smoke,smoke,kodim23,768,512,G-P-PEPS,0,lpips,0.9367358088493347,426496,11459,437955,2.69353700722677,5.270734085002914,3,4,9004fe2240b9e84c55ae641ba78c0ad5f83398a6,True,/home/aup/yy/workspace/peps/configs/paper/image_repro_smoke.toml,"{""batch_size"":512,""checkpoint_every"":1,""cosine"":true,""encoder_lr"":0.1,""log_every"":1,""loss"":""l2"",""model_lr"":0.001,""seed"":0,""steps"":1,""task"":""image"",""total_steps"":1}","{""flip-evaluator"":""1.7"",""lpips"":""0.1.4"",""torch"":""2.10.0+rocm7.0"",""torchmetrics"":""1.9.0""}",smoke_not_paper_comparable
smoke,smoke,kodim23,768,512,G-P-PEPS,0,lsd,0.07745107781109907,426496,11459,437955,2.69353700722677,5.270734085002914,3,4,9004fe2240b9e84c55ae641ba78c0ad5f83398a6,True,/home/aup/yy/workspace/peps/configs/paper/image_repro_smoke.toml,"{""batch_size"":512,""checkpoint_every"":1,""cosine"":true,""encoder_lr"":0.1,""log_every"":1,""loss"":""l2"",""model_lr"":0.001,""seed"":0,""steps"":1,""task"":""image"",""total_steps"":1}","{""flip-evaluator"":""1.7"",""lpips"":""0.1.4"",""torch"":""2.10.0+rocm7.0"",""torchmetrics"":""1.9.0""}",smoke_not_paper_comparable
smoke,smoke,kodim23,768,512,G-P-PEPS,0,psnr,7.0179676802707425,426496,11459,437955,2.69353700722677,5.270734085002914,3,4,9004fe2240b9e84c55ae641ba78c0ad5f83398a6,True,/home/aup/yy/workspace/peps/configs/paper/image_repro_smoke.toml,"{""batch_size"":512,""checkpoint_every"":1,""cosine"":true,""encoder_lr"":0.1,""log_every"":1,""loss"":""l2"",""model_lr"":0.001,""seed"":0,""steps"":1,""task"":""image"",""total_steps"":1}","{""flip-evaluator"":""1.7"",""lpips"":""0.1.4"",""torch"":""2.10.0+rocm7.0"",""torchmetrics"":""1.9.0""}",smoke_not_paper_comparable
smoke,smoke,kodim23,768,512,G-P-PEPS,0,ssim,0.058603279292583466,426496,11459,437955,2.69353700722677,5.270734085002914,3,4,9004fe2240b9e84c55ae641ba78c0ad5f83398a6,True,/home/aup/yy/workspace/peps/configs/paper/image_repro_smoke.toml,"{""batch_size"":512,""checkpoint_every"":1,""cosine"":true,""encoder_lr"":0.1,""log_every"":1,""loss"":""l2"",""model_lr"":0.001,""seed"":0,""steps"":1,""task"":""image"",""total_steps"":1}","{""flip-evaluator"":""1.7"",""lpips"":""0.1.4"",""torch"":""2.10.0+rocm7.0"",""torchmetrics"":""1.9.0""}",smoke_not_paper_comparable
smoke,smoke,kodim23,768,512,NTC_PEPS,0,flip,0.8460071682929993,417792,39811,457603,2.577885197430961,6.281668081996031,0,4,9004fe2240b9e84c55ae641ba78c0ad5f83398a6,True,/home/aup/yy/workspace/peps/configs/paper/image_repro_smoke.toml,"{""batch_size"":512,""checkpoint_every"":1,""cosine"":true,""encoder_lr"":0.1,""log_every"":1,""loss"":""l2"",""model_lr"":0.001,""seed"":0,""steps"":1,""task"":""image"",""total_steps"":1}","{""flip-evaluator"":""1.7"",""lpips"":""0.1.4"",""torch"":""2.10.0+rocm7.0"",""torchmetrics"":""1.9.0""}",smoke_not_paper_comparable
smoke,smoke,kodim23,768,512,NTC_PEPS,0,lpips,0.968165934085846,417792,39811,457603,2.577885197430961,6.281668081996031,0,4,9004fe2240b9e84c55ae641ba78c0ad5f83398a6,True,/home/aup/yy/workspace/peps/configs/paper/image_repro_smoke.toml,"{""batch_size"":512,""checkpoint_every"":1,""cosine"":true,""encoder_lr"":0.1,""log_every"":1,""loss"":""l2"",""model_lr"":0.001,""seed"":0,""steps"":1,""task"":""image"",""total_steps"":1}","{""flip-evaluator"":""1.7"",""lpips"":""0.1.4"",""torch"":""2.10.0+rocm7.0"",""torchmetrics"":""1.9.0""}",smoke_not_paper_comparable
smoke,smoke,kodim23,768,512,NTC_PEPS,0,lsd,0.07693367430931584,417792,39811,457603,2.577885197430961,6.281668081996031,0,4,9004fe2240b9e84c55ae641ba78c0ad5f83398a6,True,/home/aup/yy/workspace/peps/configs/paper/image_repro_smoke.toml,"{""batch_size"":512,""checkpoint_every"":1,""cosine"":true,""encoder_lr"":0.1,""log_every"":1,""loss"":""l2"",""model_lr"":0.001,""seed"":0,""steps"":1,""task"":""image"",""total_steps"":1}","{""flip-evaluator"":""1.7"",""lpips"":""0.1.4"",""torch"":""2.10.0+rocm7.0"",""torchmetrics"":""1.9.0""}",smoke_not_paper_comparable
smoke,smoke,kodim23,768,512,NTC_PEPS,0,psnr,8.201210011830879,417792,39811,457603,2.577885197430961,6.281668081996031,0,4,9004fe2240b9e84c55ae641ba78c0ad5f83398a6,True,/home/aup/yy/workspace/peps/configs/paper/image_repro_smoke.toml,"{""batch_size"":512,""checkpoint_every"":1,""cosine"":true,""encoder_lr"":0.1,""log_every"":1,""loss"":""l2"",""model_lr"":0.001,""seed"":0,""steps"":1,""task"":""image"",""total_steps"":1}","{""flip-evaluator"":""1.7"",""lpips"":""0.1.4"",""torch"":""2.10.0+rocm7.0"",""torchmetrics"":""1.9.0""}",smoke_not_paper_comparable
smoke,smoke,kodim23,768,512,NTC_PEPS,0,ssim,0.3550286591053009,417792,39811,457603,2.577885197430961,6.281668081996031,0,4,9004fe2240b9e84c55ae641ba78c0ad5f83398a6,True,/home/aup/yy/workspace/peps/configs/paper/image_repro_smoke.toml,"{""batch_size"":512,""checkpoint_every"":1,""cosine"":true,""encoder_lr"":0.1,""log_every"":1,""loss"":""l2"",""model_lr"":0.001,""seed"":0,""steps"":1,""task"":""image"",""total_steps"":1}","{""flip-evaluator"":""1.7"",""lpips"":""0.1.4"",""torch"":""2.10.0+rocm7.0"",""torchmetrics"":""1.9.0""}",smoke_not_paper_comparable
smoke,smoke,kodim23,768,512,NTC_PinkPEPS,0,flip,0.8635125756263733,417792,21251,439043,2.6868621069006906,5.17507040896453,1,4,9004fe2240b9e84c55ae641ba78c0ad5f83398a6,True,/home/aup/yy/workspace/peps/configs/paper/image_repro_smoke.toml,"{""batch_size"":512,""checkpoint_every"":1,""cosine"":true,""encoder_lr"":0.1,""log_every"":1,""loss"":""l2"",""model_lr"":0.001,""seed"":0,""steps"":1,""task"":""image"",""total_steps"":1}","{""flip-evaluator"":""1.7"",""lpips"":""0.1.4"",""torch"":""2.10.0+rocm7.0"",""torchmetrics"":""1.9.0""}",smoke_not_paper_comparable
smoke,smoke,kodim23,768,512,NTC_PinkPEPS,0,lpips,0.9784277677536011,417792,21251,439043,2.6868621069006906,5.17507040896453,1,4,9004fe2240b9e84c55ae641ba78c0ad5f83398a6,True,/home/aup/yy/workspace/peps/configs/paper/image_repro_smoke.toml,"{""batch_size"":512,""checkpoint_every"":1,""cosine"":true,""encoder_lr"":0.1,""log_every"":1,""loss"":""l2"",""model_lr"":0.001,""seed"":0,""steps"":1,""task"":""image"",""total_steps"":1}","{""flip-evaluator"":""1.7"",""lpips"":""0.1.4"",""torch"":""2.10.0+rocm7.0"",""torchmetrics"":""1.9.0""}",smoke_not_paper_comparable
smoke,smoke,kodim23,768,512,NTC_PinkPEPS,0,lsd,0.07703915579878981,417792,21251,439043,2.6868621069006906,5.17507040896453,1,4,9004fe2240b9e84c55ae641ba78c0ad5f83398a6,True,/home/aup/yy/workspace/peps/configs/paper/image_repro_smoke.toml,"{""batch_size"":512,""checkpoint_every"":1,""cosine"":true,""encoder_lr"":0.1,""log_every"":1,""loss"":""l2"",""model_lr"":0.001,""seed"":0,""steps"":1,""task"":""image"",""total_steps"":1}","{""flip-evaluator"":""1.7"",""lpips"":""0.1.4"",""torch"":""2.10.0+rocm7.0"",""torchmetrics"":""1.9.0""}",smoke_not_paper_comparable
smoke,smoke,kodim23,768,512,NTC_PinkPEPS,0,psnr,6.698881297762444,417792,21251,439043,2.6868621069006906,5.17507040896453,1,4,9004fe2240b9e84c55ae641ba78c0ad5f83398a6,True,/home/aup/yy/workspace/peps/configs/paper/image_repro_smoke.toml,"{""batch_size"":512,""checkpoint_every"":1,""cosine"":true,""encoder_lr"":0.1,""log_every"":1,""loss"":""l2"",""model_lr"":0.001,""seed"":0,""steps"":1,""task"":""image"",""total_steps"":1}","{""flip-evaluator"":""1.7"",""lpips"":""0.1.4"",""torch"":""2.10.0+rocm7.0"",""torchmetrics"":""1.9.0""}",smoke_not_paper_comparable
smoke,smoke,kodim23,768,512,NTC_PinkPEPS,0,ssim,0.03348645940423012,417792,21251,439043,2.6868621069006906,5.17507040896453,1,4,9004fe2240b9e84c55ae641ba78c0ad5f83398a6,True,/home/aup/yy/workspace/peps/configs/paper/image_repro_smoke.toml,"{""batch_size"":512,""checkpoint_every"":1,""cosine"":true,""encoder_lr"":0.1,""log_every"":1,""loss"":""l2"",""model_lr"":0.001,""seed"":0,""steps"":1,""task"":""image"",""total_steps"":1}","{""flip-evaluator"":""1.7"",""lpips"":""0.1.4"",""torch"":""2.10.0+rocm7.0"",""torchmetrics"":""1.9.0""}",smoke_not_paper_comparable
smoke,smoke,kodim23,768,512,G-P-PEPS-25,0,flip,0.8680204749107361,326144,10691,336835,3.5021538735582705,5.418195997015573,2,4,9004fe2240b9e84c55ae641ba78c0ad5f83398a6,True,/home/aup/yy/workspace/peps/configs/paper/image_repro_smoke.toml,"{""batch_size"":512,""checkpoint_every"":1,""cosine"":true,""encoder_lr"":0.1,""log_every"":1,""loss"":""l2"",""model_lr"":0.001,""seed"":0,""steps"":1,""task"":""image"",""total_steps"":1}","{""flip-evaluator"":""1.7"",""lpips"":""0.1.4"",""torch"":""2.10.0+rocm7.0"",""torchmetrics"":""1.9.0""}",smoke_not_paper_comparable
smoke,smoke,kodim23,768,512,G-P-PEPS-25,0,lpips,0.9599685668945312,326144,10691,336835,3.5021538735582705,5.418195997015573,2,4,9004fe2240b9e84c55ae641ba78c0ad5f83398a6,True,/home/aup/yy/workspace/peps/configs/paper/image_repro_smoke.toml,"{""batch_size"":512,""checkpoint_every"":1,""cosine"":true,""encoder_lr"":0.1,""log_every"":1,""loss"":""l2"",""model_lr"":0.001,""seed"":0,""steps"":1,""task"":""image"",""total_steps"":1}","{""flip-evaluator"":""1.7"",""lpips"":""0.1.4"",""torch"":""2.10.0+rocm7.0"",""torchmetrics"":""1.9.0""}",smoke_not_paper_comparable
smoke,smoke,kodim23,768,512,G-P-PEPS-25,0,lsd,0.07760027609409327,326144,10691,336835,3.5021538735582705,5.418195997015573,2,4,9004fe2240b9e84c55ae641ba78c0ad5f83398a6,True,/home/aup/yy/workspace/peps/configs/paper/image_repro_smoke.toml,"{""batch_size"":512,""checkpoint_every"":1,""cosine"":true,""encoder_lr"":0.1,""log_every"":1,""loss"":""l2"",""model_lr"":0.001,""seed"":0,""steps"":1,""task"":""image"",""total_steps"":1}","{""flip-evaluator"":""1.7"",""lpips"":""0.1.4"",""torch"":""2.10.0+rocm7.0"",""torchmetrics"":""1.9.0""}",smoke_not_paper_comparable
smoke,smoke,kodim23,768,512,G-P-PEPS-25,0,psnr,7.12026729886113,326144,10691,336835,3.5021538735582705,5.418195997015573,2,4,9004fe2240b9e84c55ae641ba78c0ad5f83398a6,True,/home/aup/yy/workspace/peps/configs/paper/image_repro_smoke.toml,"{""batch_size"":512,""checkpoint_every"":1,""cosine"":true,""encoder_lr"":0.1,""log_every"":1,""loss"":""l2"",""model_lr"":0.001,""seed"":0,""steps"":1,""task"":""image"",""total_steps"":1}","{""flip-evaluator"":""1.7"",""lpips"":""0.1.4"",""torch"":""2.10.0+rocm7.0"",""torchmetrics"":""1.9.0""}",smoke_not_paper_comparable
smoke,smoke,kodim23,768,512,G-P-PEPS-25,0,ssim,0.09018280357122421,326144,10691,336835,3.5021538735582705,5.418195997015573,2,4,9004fe2240b9e84c55ae641ba78c0ad5f83398a6,True,/home/aup/yy/workspace/peps/configs/paper/image_repro_smoke.toml,"{""batch_size"":512,""checkpoint_every"":1,""cosine"":true,""encoder_lr"":0.1,""log_every"":1,""loss"":""l2"",""model_lr"":0.001,""seed"":0,""steps"":1,""task"":""image"",""total_steps"":1}","{""flip-evaluator"":""1.7"",""lpips"":""0.1.4"",""torch"":""2.10.0+rocm7.0"",""torchmetrics"":""1.9.0""}",smoke_not_paper_comparable
smoke,smoke,kodim24,768,512,PE,0,flip,0.8217897415161133,0,194403,194403,6.068054505331708,5.388203309033997,3,4,9004fe2240b9e84c55ae641ba78c0ad5f83398a6,True,/home/aup/yy/workspace/peps/configs/paper/image_repro_smoke.toml,"{""batch_size"":512,""checkpoint_every"":1,""cosine"":true,""encoder_lr"":0.1,""log_every"":1,""loss"":""l2"",""model_lr"":0.001,""seed"":0,""steps"":1,""task"":""image"",""total_steps"":1}","{""flip-evaluator"":""1.7"",""lpips"":""0.1.4"",""torch"":""2.10.0+rocm7.0"",""torchmetrics"":""1.9.0""}",smoke_not_paper_comparable
smoke,smoke,kodim24,768,512,PE,0,lpips,1.0190227031707764,0,194403,194403,6.068054505331708,5.388203309033997,3,4,9004fe2240b9e84c55ae641ba78c0ad5f83398a6,True,/home/aup/yy/workspace/peps/configs/paper/image_repro_smoke.toml,"{""batch_size"":512,""checkpoint_every"":1,""cosine"":true,""encoder_lr"":0.1,""log_every"":1,""loss"":""l2"",""model_lr"":0.001,""seed"":0,""steps"":1,""task"":""image"",""total_steps"":1}","{""flip-evaluator"":""1.7"",""lpips"":""0.1.4"",""torch"":""2.10.0+rocm7.0"",""torchmetrics"":""1.9.0""}",smoke_not_paper_comparable
smoke,smoke,kodim24,768,512,PE,0,lsd,0.10266952407944992,0,194403,194403,6.068054505331708,5.388203309033997,3,4,9004fe2240b9e84c55ae641ba78c0ad5f83398a6,True,/home/aup/yy/workspace/peps/configs/paper/image_repro_smoke.toml,"{""batch_size"":512,""checkpoint_every"":1,""cosine"":true,""encoder_lr"":0.1,""log_every"":1,""loss"":""l2"",""model_lr"":0.001,""seed"":0,""steps"":1,""task"":""image"",""total_steps"":1}","{""flip-evaluator"":""1.7"",""lpips"":""0.1.4"",""torch"":""2.10.0+rocm7.0"",""torchmetrics"":""1.9.0""}",smoke_not_paper_comparable
smoke,smoke,kodim24,768,512,PE,0,psnr,6.724975166236412,0,194403,194403,6.068054505331708,5.388203309033997,3,4,9004fe2240b9e84c55ae641ba78c0ad5f83398a6,True,/home/aup/yy/workspace/peps/configs/paper/image_repro_smoke.toml,"{""batch_size"":512,""checkpoint_every"":1,""cosine"":true,""encoder_lr"":0.1,""log_every"":1,""loss"":""l2"",""model_lr"":0.001,""seed"":0,""steps"":1,""task"":""image"",""total_steps"":1}","{""flip-evaluator"":""1.7"",""lpips"":""0.1.4"",""torch"":""2.10.0+rocm7.0"",""torchmetrics"":""1.9.0""}",smoke_not_paper_comparable
smoke,smoke,kodim24,768,512,PE,0,ssim,0.005398980807512999,0,194403,194403,6.068054505331708,5.388203309033997,3,4,9004fe2240b9e84c55ae641ba78c0ad5f83398a6,True,/home/aup/yy/workspace/peps/configs/paper/image_repro_smoke.toml,"{""batch_size"":512,""checkpoint_every"":1,""cosine"":true,""encoder_lr"":0.1,""log_every"":1,""loss"":""l2"",""model_lr"":0.001,""seed"":0,""steps"":1,""task"":""image"",""total_steps"":1}","{""flip-evaluator"":""1.7"",""lpips"":""0.1.4"",""torch"":""2.10.0+rocm7.0"",""torchmetrics"":""1.9.0""}",smoke_not_paper_comparable
smoke,smoke,kodim24,768,512,LPE,0,flip,0.8349192142486572,401408,9603,411011,2.870112965346426,4.203814505948685,0,4,9004fe2240b9e84c55ae641ba78c0ad5f83398a6,True,/home/aup/yy/workspace/peps/configs/paper/image_repro_smoke.toml,"{""batch_size"":512,""checkpoint_every"":1,""cosine"":true,""encoder_lr"":0.1,""log_every"":1,""loss"":""l2"",""model_lr"":0.001,""seed"":0,""steps"":1,""task"":""image"",""total_steps"":1}","{""flip-evaluator"":""1.7"",""lpips"":""0.1.4"",""torch"":""2.10.0+rocm7.0"",""torchmetrics"":""1.9.0""}",smoke_not_paper_comparable
smoke,smoke,kodim24,768,512,LPE,0,lpips,1.0071860551834106,401408,9603,411011,2.870112965346426,4.203814505948685,0,4,9004fe2240b9e84c55ae641ba78c0ad5f83398a6,True,/home/aup/yy/workspace/peps/configs/paper/image_repro_smoke.toml,"{""batch_size"":512,""checkpoint_every"":1,""cosine"":true,""encoder_lr"":0.1,""log_every"":1,""loss"":""l2"",""model_lr"":0.001,""seed"":0,""steps"":1,""task"":""image"",""total_steps"":1}","{""flip-evaluator"":""1.7"",""lpips"":""0.1.4"",""torch"":""2.10.0+rocm7.0"",""torchmetrics"":""1.9.0""}",smoke_not_paper_comparable
smoke,smoke,kodim24,768,512,LPE,0,lsd,0.10410235438490119,401408,9603,411011,2.870112965346426,4.203814505948685,0,4,9004fe2240b9e84c55ae641ba78c0ad5f83398a6,True,/home/aup/yy/workspace/peps/configs/paper/image_repro_smoke.toml,"{""batch_size"":512,""checkpoint_every"":1,""cosine"":true,""encoder_lr"":0.1,""log_every"":1,""loss"":""l2"",""model_lr"":0.001,""seed"":0,""steps"":1,""task"":""image"",""total_steps"":1}","{""flip-evaluator"":""1.7"",""lpips"":""0.1.4"",""torch"":""2.10.0+rocm7.0"",""torchmetrics"":""1.9.0""}",smoke_not_paper_comparable
smoke,smoke,kodim24,768,512,LPE,0,psnr,5.800067832366226,401408,9603,411011,2.870112965346426,4.203814505948685,0,4,9004fe2240b9e84c55ae641ba78c0ad5f83398a6,True,/home/aup/yy/workspace/peps/configs/paper/image_repro_smoke.toml,"{""batch_size"":512,""checkpoint_every"":1,""cosine"":true,""encoder_lr"":0.1,""log_every"":1,""loss"":""l2"",""model_lr"":0.001,""seed"":0,""steps"":1,""task"":""image"",""total_steps"":1}","{""flip-evaluator"":""1.7"",""lpips"":""0.1.4"",""torch"":""2.10.0+rocm7.0"",""torchmetrics"":""1.9.0""}",smoke_not_paper_comparable
smoke,smoke,kodim24,768,512,LPE,0,ssim,-0.13640804588794708,401408,9603,411011,2.870112965346426,4.203814505948685,0,4,9004fe2240b9e84c55ae641ba78c0ad5f83398a6,True,/home/aup/yy/workspace/peps/configs/paper/image_repro_smoke.toml,"{""batch_size"":512,""checkpoint_every"":1,""cosine"":true,""encoder_lr"":0.1,""log_every"":1,""loss"":""l2"",""model_lr"":0.001,""seed"":0,""steps"":1,""task"":""image"",""total_steps"":1}","{""flip-evaluator"":""1.7"",""lpips"":""0.1.4"",""torch"":""2.10.0+rocm7.0"",""torchmetrics"":""1.9.0""}",smoke_not_paper_comparable
smoke,smoke,kodim24,768,512,NTC_N,0,flip,0.7971077561378479,417792,13699,431491,2.733887844705915,5.408491639071144,1,4,9004fe2240b9e84c55ae641ba78c0ad5f83398a6,True,/home/aup/yy/workspace/peps/configs/paper/image_repro_smoke.toml,"{""batch_size"":512,""checkpoint_every"":1,""cosine"":true,""encoder_lr"":0.1,""log_every"":1,""loss"":""l2"",""model_lr"":0.001,""seed"":0,""steps"":1,""task"":""image"",""total_steps"":1}","{""flip-evaluator"":""1.7"",""lpips"":""0.1.4"",""torch"":""2.10.0+rocm7.0"",""torchmetrics"":""1.9.0""}",smoke_not_paper_comparable
smoke,smoke,kodim24,768,512,NTC_N,0,lpips,1.0046378374099731,417792,13699,431491,2.733887844705915,5.408491639071144,1,4,9004fe2240b9e84c55ae641ba78c0ad5f83398a6,True,/home/aup/yy/workspace/peps/configs/paper/image_repro_smoke.toml,"{""batch_size"":512,""checkpoint_every"":1,""cosine"":true,""encoder_lr"":0.1,""log_every"":1,""loss"":""l2"",""model_lr"":0.001,""seed"":0,""steps"":1,""task"":""image"",""total_steps"":1}","{""flip-evaluator"":""1.7"",""lpips"":""0.1.4"",""torch"":""2.10.0+rocm7.0"",""torchmetrics"":""1.9.0""}",smoke_not_paper_comparable
smoke,smoke,kodim24,768,512,NTC_N,0,lsd,0.1036655187627502,417792,13699,431491,2.733887844705915,5.408491639071144,1,4,9004fe2240b9e84c55ae641ba78c0ad5f83398a6,True,/home/aup/yy/workspace/peps/configs/paper/image_repro_smoke.toml,"{""batch_size"":512,""checkpoint_every"":1,""cosine"":true,""encoder_lr"":0.1,""log_every"":1,""loss"":""l2"",""model_lr"":0.001,""seed"":0,""steps"":1,""task"":""image"",""total_steps"":1}","{""flip-evaluator"":""1.7"",""lpips"":""0.1.4"",""torch"":""2.10.0+rocm7.0"",""torchmetrics"":""1.9.0""}",smoke_not_paper_comparable
smoke,smoke,kodim24,768,512,NTC_N,0,psnr,7.368822965985531,417792,13699,431491,2.733887844705915,5.408491639071144,1,4,9004fe2240b9e84c55ae641ba78c0ad5f83398a6,True,/home/aup/yy/workspace/peps/configs/paper/image_repro_smoke.toml,"{""batch_size"":512,""checkpoint_every"":1,""cosine"":true,""encoder_lr"":0.1,""log_every"":1,""loss"":""l2"",""model_lr"":0.001,""seed"":0,""steps"":1,""task"":""image"",""total_steps"":1}","{""flip-evaluator"":""1.7"",""lpips"":""0.1.4"",""torch"":""2.10.0+rocm7.0"",""torchmetrics"":""1.9.0""}",smoke_not_paper_comparable
smoke,smoke,kodim24,768,512,NTC_N,0,ssim,0.10772209614515305,417792,13699,431491,2.733887844705915,5.408491639071144,1,4,9004fe2240b9e84c55ae641ba78c0ad5f83398a6,True,/home/aup/yy/workspace/peps/configs/paper/image_repro_smoke.toml,"{""batch_size"":512,""checkpoint_every"":1,""cosine"":true,""encoder_lr"":0.1,""log_every"":1,""loss"":""l2"",""model_lr"":0.001,""seed"":0,""steps"":1,""task"":""image"",""total_steps"":1}","{""flip-evaluator"":""1.7"",""lpips"":""0.1.4"",""torch"":""2.10.0+rocm7.0"",""torchmetrics"":""1.9.0""}",smoke_not_paper_comparable
smoke,smoke,kodim24,768,512,Grid,0,flip,0.8336839079856873,426496,9667,436163,2.704603554175847,5.100334886927158,2,4,9004fe2240b9e84c55ae641ba78c0ad5f83398a6,True,/home/aup/yy/workspace/peps/configs/paper/image_repro_smoke.toml,"{""batch_size"":512,""checkpoint_every"":1,""cosine"":true,""encoder_lr"":0.1,""log_every"":1,""loss"":""l2"",""model_lr"":0.001,""seed"":0,""steps"":1,""task"":""image"",""total_steps"":1}","{""flip-evaluator"":""1.7"",""lpips"":""0.1.4"",""torch"":""2.10.0+rocm7.0"",""torchmetrics"":""1.9.0""}",smoke_not_paper_comparable
smoke,smoke,kodim24,768,512,Grid,0,lpips,1.0427873134613037,426496,9667,436163,2.704603554175847,5.100334886927158,2,4,9004fe2240b9e84c55ae641ba78c0ad5f83398a6,True,/home/aup/yy/workspace/peps/configs/paper/image_repro_smoke.toml,"{""batch_size"":512,""checkpoint_every"":1,""cosine"":true,""encoder_lr"":0.1,""log_every"":1,""loss"":""l2"",""model_lr"":0.001,""seed"":0,""steps"":1,""task"":""image"",""total_steps"":1}","{""flip-evaluator"":""1.7"",""lpips"":""0.1.4"",""torch"":""2.10.0+rocm7.0"",""torchmetrics"":""1.9.0""}",smoke_not_paper_comparable
smoke,smoke,kodim24,768,512,Grid,0,lsd,0.10389988681720431,426496,9667,436163,2.704603554175847,5.100334886927158,2,4,9004fe2240b9e84c55ae641ba78c0ad5f83398a6,True,/home/aup/yy/workspace/peps/configs/paper/image_repro_smoke.toml,"{""batch_size"":512,""checkpoint_every"":1,""cosine"":true,""encoder_lr"":0.1,""log_every"":1,""loss"":""l2"",""model_lr"":0.001,""seed"":0,""steps"":1,""task"":""image"",""total_steps"":1}","{""flip-evaluator"":""1.7"",""lpips"":""0.1.4"",""torch"":""2.10.0+rocm7.0"",""torchmetrics"":""1.9.0""}",smoke_not_paper_comparable
smoke,smoke,kodim24,768,512,Grid,0,psnr,5.904940048787266,426496,9667,436163,2.704603554175847,5.100334886927158,2,4,9004fe2240b9e84c55ae641ba78c0ad5f83398a6,True,/home/aup/yy/workspace/peps/configs/paper/image_repro_smoke.toml,"{""batch_size"":512,""checkpoint_every"":1,""cosine"":true,""encoder_lr"":0.1,""log_every"":1,""loss"":""l2"",""model_lr"":0.001,""seed"":0,""steps"":1,""task"":""image"",""total_steps"":1}","{""flip-evaluator"":""1.7"",""lpips"":""0.1.4"",""torch"":""2.10.0+rocm7.0"",""torchmetrics"":""1.9.0""}",smoke_not_paper_comparable
smoke,smoke,kodim24,768,512,Grid,0,ssim,-0.08345524221658707,426496,9667,436163,2.704603554175847,5.100334886927158,2,4,9004fe2240b9e84c55ae641ba78c0ad5f83398a6,True,/home/aup/yy/workspace/peps/configs/paper/image_repro_smoke.toml,"{""batch_size"":512,""checkpoint_every"":1,""cosine"":true,""encoder_lr"":0.1,""log_every"":1,""loss"":""l2"",""model_lr"":0.001,""seed"":0,""steps"":1,""task"":""image"",""total_steps"":1}","{""flip-evaluator"":""1.7"",""lpips"":""0.1.4"",""torch"":""2.10.0+rocm7.0"",""torchmetrics"":""1.9.0""}",smoke_not_paper_comparable
smoke,smoke,kodim24,768,512,G-PEPS,0,flip,0.7628780007362366,426496,16195,442691,2.6647209904877216,4.316807164112106,3,4,9004fe2240b9e84c55ae641ba78c0ad5f83398a6,True,/home/aup/yy/workspace/peps/configs/paper/image_repro_smoke.toml,"{""batch_size"":512,""checkpoint_every"":1,""cosine"":true,""encoder_lr"":0.1,""log_every"":1,""loss"":""l2"",""model_lr"":0.001,""seed"":0,""steps"":1,""task"":""image"",""total_steps"":1}","{""flip-evaluator"":""1.7"",""lpips"":""0.1.4"",""torch"":""2.10.0+rocm7.0"",""torchmetrics"":""1.9.0""}",smoke_not_paper_comparable
smoke,smoke,kodim24,768,512,G-PEPS,0,lpips,1.0866318941116333,426496,16195,442691,2.6647209904877216,4.316807164112106,3,4,9004fe2240b9e84c55ae641ba78c0ad5f83398a6,True,/home/aup/yy/workspace/peps/configs/paper/image_repro_smoke.toml,"{""batch_size"":512,""checkpoint_every"":1,""cosine"":true,""encoder_lr"":0.1,""log_every"":1,""loss"":""l2"",""model_lr"":0.001,""seed"":0,""steps"":1,""task"":""image"",""total_steps"":1}","{""flip-evaluator"":""1.7"",""lpips"":""0.1.4"",""torch"":""2.10.0+rocm7.0"",""torchmetrics"":""1.9.0""}",smoke_not_paper_comparable
smoke,smoke,kodim24,768,512,G-PEPS,0,lsd,0.10367030629228759,426496,16195,442691,2.6647209904877216,4.316807164112106,3,4,9004fe2240b9e84c55ae641ba78c0ad5f83398a6,True,/home/aup/yy/workspace/peps/configs/paper/image_repro_smoke.toml,"{""batch_size"":512,""checkpoint_every"":1,""cosine"":true,""encoder_lr"":0.1,""log_every"":1,""loss"":""l2"",""model_lr"":0.001,""seed"":0,""steps"":1,""task"":""image"",""total_steps"":1}","{""flip-evaluator"":""1.7"",""lpips"":""0.1.4"",""torch"":""2.10.0+rocm7.0"",""torchmetrics"":""1.9.0""}",smoke_not_paper_comparable
smoke,smoke,kodim24,768,512,G-PEPS,0,psnr,6.738734497166173,426496,16195,442691,2.6647209904877216,4.316807164112106,3,4,9004fe2240b9e84c55ae641ba78c0ad5f83398a6,True,/home/aup/yy/workspace/peps/configs/paper/image_repro_smoke.toml,"{""batch_size"":512,""checkpoint_every"":1,""cosine"":true,""encoder_lr"":0.1,""log_every"":1,""loss"":""l2"",""model_lr"":0.001,""seed"":0,""steps"":1,""task"":""image"",""total_steps"":1}","{""flip-evaluator"":""1.7"",""lpips"":""0.1.4"",""torch"":""2.10.0+rocm7.0"",""torchmetrics"":""1.9.0""}",smoke_not_paper_comparable
smoke,smoke,kodim24,768,512,G-PEPS,0,ssim,0.01529783383011818,426496,16195,442691,2.6647209904877216,4.316807164112106,3,4,9004fe2240b9e84c55ae641ba78c0ad5f83398a6,True,/home/aup/yy/workspace/peps/configs/paper/image_repro_smoke.toml,"{""batch_size"":512,""checkpoint_every"":1,""cosine"":true,""encoder_lr"":0.1,""log_every"":1,""loss"":""l2"",""model_lr"":0.001,""seed"":0,""steps"":1,""task"":""image"",""total_steps"":1}","{""flip-evaluator"":""1.7"",""lpips"":""0.1.4"",""torch"":""2.10.0+rocm7.0"",""torchmetrics"":""1.9.0""}",smoke_not_paper_comparable
smoke,smoke,kodim24,768,512,G-P-PEPS,0,flip,0.8215653896331787,426496,11459,437955,2.69353700722677,5.565812119049951,0,4,9004fe2240b9e84c55ae641ba78c0ad5f83398a6,True,/home/aup/yy/workspace/peps/configs/paper/image_repro_smoke.toml,"{""batch_size"":512,""checkpoint_every"":1,""cosine"":true,""encoder_lr"":0.1,""log_every"":1,""loss"":""l2"",""model_lr"":0.001,""seed"":0,""steps"":1,""task"":""image"",""total_steps"":1}","{""flip-evaluator"":""1.7"",""lpips"":""0.1.4"",""torch"":""2.10.0+rocm7.0"",""torchmetrics"":""1.9.0""}",smoke_not_paper_comparable
smoke,smoke,kodim24,768,512,G-P-PEPS,0,lpips,1.01334547996521,426496,11459,437955,2.69353700722677,5.565812119049951,0,4,9004fe2240b9e84c55ae641ba78c0ad5f83398a6,True,/home/aup/yy/workspace/peps/configs/paper/image_repro_smoke.toml,"{""batch_size"":512,""checkpoint_every"":1,""cosine"":true,""encoder_lr"":0.1,""log_every"":1,""loss"":""l2"",""model_lr"":0.001,""seed"":0,""steps"":1,""task"":""image"",""total_steps"":1}","{""flip-evaluator"":""1.7"",""lpips"":""0.1.4"",""torch"":""2.10.0+rocm7.0"",""torchmetrics"":""1.9.0""}",smoke_not_paper_comparable
smoke,smoke,kodim24,768,512,G-P-PEPS,0,lsd,0.10376121931840164,426496,11459,437955,2.69353700722677,5.565812119049951,0,4,9004fe2240b9e84c55ae641ba78c0ad5f83398a6,True,/home/aup/yy/workspace/peps/configs/paper/image_repro_smoke.toml,"{""batch_size"":512,""checkpoint_every"":1,""cosine"":true,""encoder_lr"":0.1,""log_every"":1,""loss"":""l2"",""model_lr"":0.001,""seed"":0,""steps"":1,""task"":""image"",""total_steps"":1}","{""flip-evaluator"":""1.7"",""lpips"":""0.1.4"",""torch"":""2.10.0+rocm7.0"",""torchmetrics"":""1.9.0""}",smoke_not_paper_comparable
smoke,smoke,kodim24,768,512,G-P-PEPS,0,psnr,6.88241881039012,426496,11459,437955,2.69353700722677,5.565812119049951,0,4,9004fe2240b9e84c55ae641ba78c0ad5f83398a6,True,/home/aup/yy/workspace/peps/configs/paper/image_repro_smoke.toml,"{""batch_size"":512,""checkpoint_every"":1,""cosine"":true,""encoder_lr"":0.1,""log_every"":1,""loss"":""l2"",""model_lr"":0.001,""seed"":0,""steps"":1,""task"":""image"",""total_steps"":1}","{""flip-evaluator"":""1.7"",""lpips"":""0.1.4"",""torch"":""2.10.0+rocm7.0"",""torchmetrics"":""1.9.0""}",smoke_not_paper_comparable
smoke,smoke,kodim24,768,512,G-P-PEPS,0,ssim,0.03615562245249748,426496,11459,437955,2.69353700722677,5.565812119049951,0,4,9004fe2240b9e84c55ae641ba78c0ad5f83398a6,True,/home/aup/yy/workspace/peps/configs/paper/image_repro_smoke.toml,"{""batch_size"":512,""checkpoint_every"":1,""cosine"":true,""encoder_lr"":0.1,""log_every"":1,""loss"":""l2"",""model_lr"":0.001,""seed"":0,""steps"":1,""task"":""image"",""total_steps"":1}","{""flip-evaluator"":""1.7"",""lpips"":""0.1.4"",""torch"":""2.10.0+rocm7.0"",""torchmetrics"":""1.9.0""}",smoke_not_paper_comparable
smoke,smoke,kodim24,768,512,NTC_PEPS,0,flip,0.7973557114601135,417792,39811,457603,2.577885197430961,5.527513863053173,1,4,9004fe2240b9e84c55ae641ba78c0ad5f83398a6,True,/home/aup/yy/workspace/peps/configs/paper/image_repro_smoke.toml,"{""batch_size"":512,""checkpoint_every"":1,""cosine"":true,""encoder_lr"":0.1,""log_every"":1,""loss"":""l2"",""model_lr"":0.001,""seed"":0,""steps"":1,""task"":""image"",""total_steps"":1}","{""flip-evaluator"":""1.7"",""lpips"":""0.1.4"",""torch"":""2.10.0+rocm7.0"",""torchmetrics"":""1.9.0""}",smoke_not_paper_comparable
smoke,smoke,kodim24,768,512,NTC_PEPS,0,lpips,1.0370233058929443,417792,39811,457603,2.577885197430961,5.527513863053173,1,4,9004fe2240b9e84c55ae641ba78c0ad5f83398a6,True,/home/aup/yy/workspace/peps/configs/paper/image_repro_smoke.toml,"{""batch_size"":512,""checkpoint_every"":1,""cosine"":true,""encoder_lr"":0.1,""log_every"":1,""loss"":""l2"",""model_lr"":0.001,""seed"":0,""steps"":1,""task"":""image"",""total_steps"":1}","{""flip-evaluator"":""1.7"",""lpips"":""0.1.4"",""torch"":""2.10.0+rocm7.0"",""torchmetrics"":""1.9.0""}",smoke_not_paper_comparable
smoke,smoke,kodim24,768,512,NTC_PEPS,0,lsd,0.1031096856929538,417792,39811,457603,2.577885197430961,5.527513863053173,1,4,9004fe2240b9e84c55ae641ba78c0ad5f83398a6,True,/home/aup/yy/workspace/peps/configs/paper/image_repro_smoke.toml,"{""batch_size"":512,""checkpoint_every"":1,""cosine"":true,""encoder_lr"":0.1,""log_every"":1,""loss"":""l2"",""model_lr"":0.001,""seed"":0,""steps"":1,""task"":""image"",""total_steps"":1}","{""flip-evaluator"":""1.7"",""lpips"":""0.1.4"",""torch"":""2.10.0+rocm7.0"",""torchmetrics"":""1.9.0""}",smoke_not_paper_comparable
smoke,smoke,kodim24,768,512,NTC_PEPS,0,psnr,8.117689651064383,417792,39811,457603,2.577885197430961,5.527513863053173,1,4,9004fe2240b9e84c55ae641ba78c0ad5f83398a6,True,/home/aup/yy/workspace/peps/configs/paper/image_repro_smoke.toml,"{""batch_size"":512,""checkpoint_every"":1,""cosine"":true,""encoder_lr"":0.1,""log_every"":1,""loss"":""l2"",""model_lr"":0.001,""seed"":0,""steps"":1,""task"":""image"",""total_steps"":1}","{""flip-evaluator"":""1.7"",""lpips"":""0.1.4"",""torch"":""2.10.0+rocm7.0"",""torchmetrics"":""1.9.0""}",smoke_not_paper_comparable
smoke,smoke,kodim24,768,512,NTC_PEPS,0,ssim,0.20523661375045776,417792,39811,457603,2.577885197430961,5.527513863053173,1,4,9004fe2240b9e84c55ae641ba78c0ad5f83398a6,True,/home/aup/yy/workspace/peps/configs/paper/image_repro_smoke.toml,"{""batch_size"":512,""checkpoint_every"":1,""cosine"":true,""encoder_lr"":0.1,""log_every"":1,""loss"":""l2"",""model_lr"":0.001,""seed"":0,""steps"":1,""task"":""image"",""total_steps"":1}","{""flip-evaluator"":""1.7"",""lpips"":""0.1.4"",""torch"":""2.10.0+rocm7.0"",""torchmetrics"":""1.9.0""}",smoke_not_paper_comparable
smoke,smoke,kodim24,768,512,NTC_PinkPEPS,0,flip,0.8185717463493347,417792,21251,439043,2.6868621069006906,4.31799457105808,2,4,9004fe2240b9e84c55ae641ba78c0ad5f83398a6,True,/home/aup/yy/workspace/peps/configs/paper/image_repro_smoke.toml,"{""batch_size"":512,""checkpoint_every"":1,""cosine"":true,""encoder_lr"":0.1,""log_every"":1,""loss"":""l2"",""model_lr"":0.001,""seed"":0,""steps"":1,""task"":""image"",""total_steps"":1}","{""flip-evaluator"":""1.7"",""lpips"":""0.1.4"",""torch"":""2.10.0+rocm7.0"",""torchmetrics"":""1.9.0""}",smoke_not_paper_comparable
smoke,smoke,kodim24,768,512,NTC_PinkPEPS,0,lpips,1.0633994340896606,417792,21251,439043,2.6868621069006906,4.31799457105808,2,4,9004fe2240b9e84c55ae641ba78c0ad5f83398a6,True,/home/aup/yy/workspace/peps/configs/paper/image_repro_smoke.toml,"{""batch_size"":512,""checkpoint_every"":1,""cosine"":true,""encoder_lr"":0.1,""log_every"":1,""loss"":""l2"",""model_lr"":0.001,""seed"":0,""steps"":1,""task"":""image"",""total_steps"":1}","{""flip-evaluator"":""1.7"",""lpips"":""0.1.4"",""torch"":""2.10.0+rocm7.0"",""torchmetrics"":""1.9.0""}",smoke_not_paper_comparable
smoke,smoke,kodim24,768,512,NTC_PinkPEPS,0,lsd,0.10333514350591329,417792,21251,439043,2.6868621069006906,4.31799457105808,2,4,9004fe2240b9e84c55ae641ba78c0ad5f83398a6,True,/home/aup/yy/workspace/peps/configs/paper/image_repro_smoke.toml,"{""batch_size"":512,""checkpoint_every"":1,""cosine"":true,""encoder_lr"":0.1,""log_every"":1,""loss"":""l2"",""model_lr"":0.001,""seed"":0,""steps"":1,""task"":""image"",""total_steps"":1}","{""flip-evaluator"":""1.7"",""lpips"":""0.1.4"",""torch"":""2.10.0+rocm7.0"",""torchmetrics"":""1.9.0""}",smoke_not_paper_comparable
smoke,smoke,kodim24,768,512,NTC_PinkPEPS,0,psnr,6.621060993800045,417792,21251,439043,2.6868621069006906,4.31799457105808,2,4,9004fe2240b9e84c55ae641ba78c0ad5f83398a6,True,/home/aup/yy/workspace/peps/configs/paper/image_repro_smoke.toml,"{""batch_size"":512,""checkpoint_every"":1,""cosine"":true,""encoder_lr"":0.1,""log_every"":1,""loss"":""l2"",""model_lr"":0.001,""seed"":0,""steps"":1,""task"":""image"",""total_steps"":1}","{""flip-evaluator"":""1.7"",""lpips"":""0.1.4"",""torch"":""2.10.0+rocm7.0"",""torchmetrics"":""1.9.0""}",smoke_not_paper_comparable
smoke,smoke,kodim24,768,512,NTC_PinkPEPS,0,ssim,0.01188422366976738,417792,21251,439043,2.6868621069006906,4.31799457105808,2,4,9004fe2240b9e84c55ae641ba78c0ad5f83398a6,True,/home/aup/yy/workspace/peps/configs/paper/image_repro_smoke.toml,"{""batch_size"":512,""checkpoint_every"":1,""cosine"":true,""encoder_lr"":0.1,""log_every"":1,""loss"":""l2"",""model_lr"":0.001,""seed"":0,""steps"":1,""task"":""image"",""total_steps"":1}","{""flip-evaluator"":""1.7"",""lpips"":""0.1.4"",""torch"":""2.10.0+rocm7.0"",""torchmetrics"":""1.9.0""}",smoke_not_paper_comparable
smoke,smoke,kodim24,768,512,G-P-PEPS-25,0,flip,0.8246966004371643,326144,10691,336835,3.5021538735582705,0.20915548701304942,3,4,9004fe2240b9e84c55ae641ba78c0ad5f83398a6,True,/home/aup/yy/workspace/peps/configs/paper/image_repro_smoke.toml,"{""batch_size"":512,""checkpoint_every"":1,""cosine"":true,""encoder_lr"":0.1,""log_every"":1,""loss"":""l2"",""model_lr"":0.001,""seed"":0,""steps"":1,""task"":""image"",""total_steps"":1}","{""flip-evaluator"":""1.7"",""lpips"":""0.1.4"",""torch"":""2.10.0+rocm7.0"",""torchmetrics"":""1.9.0""}",smoke_not_paper_comparable
smoke,smoke,kodim24,768,512,G-P-PEPS-25,0,lpips,1.0145336389541626,326144,10691,336835,3.5021538735582705,0.20915548701304942,3,4,9004fe2240b9e84c55ae641ba78c0ad5f83398a6,True,/home/aup/yy/workspace/peps/configs/paper/image_repro_smoke.toml,"{""batch_size"":512,""checkpoint_every"":1,""cosine"":true,""encoder_lr"":0.1,""log_every"":1,""loss"":""l2"",""model_lr"":0.001,""seed"":0,""steps"":1,""task"":""image"",""total_steps"":1}","{""flip-evaluator"":""1.7"",""lpips"":""0.1.4"",""torch"":""2.10.0+rocm7.0"",""torchmetrics"":""1.9.0""}",smoke_not_paper_comparable
smoke,smoke,kodim24,768,512,G-P-PEPS-25,0,lsd,0.10387687666802133,326144,10691,336835,3.5021538735582705,0.20915548701304942,3,4,9004fe2240b9e84c55ae641ba78c0ad5f83398a6,True,/home/aup/yy/workspace/peps/configs/paper/image_repro_smoke.toml,"{""batch_size"":512,""checkpoint_every"":1,""cosine"":true,""encoder_lr"":0.1,""log_every"":1,""loss"":""l2"",""model_lr"":0.001,""seed"":0,""steps"":1,""task"":""image"",""total_steps"":1}","{""flip-evaluator"":""1.7"",""lpips"":""0.1.4"",""torch"":""2.10.0+rocm7.0"",""torchmetrics"":""1.9.0""}",smoke_not_paper_comparable
smoke,smoke,kodim24,768,512,G-P-PEPS-25,0,psnr,6.980806905688365,326144,10691,336835,3.5021538735582705,0.20915548701304942,3,4,9004fe2240b9e84c55ae641ba78c0ad5f83398a6,True,/home/aup/yy/workspace/peps/configs/paper/image_repro_smoke.toml,"{""batch_size"":512,""checkpoint_every"":1,""cosine"":true,""encoder_lr"":0.1,""log_every"":1,""loss"":""l2"",""model_lr"":0.001,""seed"":0,""steps"":1,""task"":""image"",""total_steps"":1}","{""flip-evaluator"":""1.7"",""lpips"":""0.1.4"",""torch"":""2.10.0+rocm7.0"",""torchmetrics"":""1.9.0""}",smoke_not_paper_comparable
smoke,smoke,kodim24,768,512,G-P-PEPS-25,0,ssim,0.05134418234229088,326144,10691,336835,3.5021538735582705,0.20915548701304942,3,4,9004fe2240b9e84c55ae641ba78c0ad5f83398a6,True,/home/aup/yy/workspace/peps/configs/paper/image_repro_smoke.toml,"{""batch_size"":512,""checkpoint_every"":1,""cosine"":true,""encoder_lr"":0.1,""log_every"":1,""loss"":""l2"",""model_lr"":0.001,""seed"":0,""steps"":1,""task"":""image"",""total_steps"":1}","{""flip-evaluator"":""1.7"",""lpips"":""0.1.4"",""torch"":""2.10.0+rocm7.0"",""torchmetrics"":""1.9.0""}",smoke_not_paper_comparable
appendix-smoke,smoke,kodim01,768,512,Grid-L1,0,psnr,8.088219427829632,426496,9667,436163,2.704603554175847,2.009717392968014,0,4,9004fe2240b9e84c55ae641ba78c0ad5f83398a6,True,/home/aup/yy/workspace/peps/configs/paper/image_appendix_smoke.toml,"{""batch_size"":512,""checkpoint_every"":1,""cosine"":false,""encoder_lr"":0.01,""log_every"":1,""loss"":""l1"",""model_lr"":0.01,""seed"":0,""steps"":1,""task"":""image"",""total_steps"":1}","{""flip-evaluator"":""1.7"",""lpips"":""0.1.4"",""torch"":""2.10.0+rocm7.0"",""torchmetrics"":""1.9.0""}",smoke_not_paper_comparable
appendix-smoke,smoke,kodim01,768,512,Grid-L1,0,ssim,0.11581987887620926,426496,9667,436163,2.704603554175847,2.009717392968014,0,4,9004fe2240b9e84c55ae641ba78c0ad5f83398a6,True,/home/aup/yy/workspace/peps/configs/paper/image_appendix_smoke.toml,"{""batch_size"":512,""checkpoint_every"":1,""cosine"":false,""encoder_lr"":0.01,""log_every"":1,""loss"":""l1"",""model_lr"":0.01,""seed"":0,""steps"":1,""task"":""image"",""total_steps"":1}","{""flip-evaluator"":""1.7"",""lpips"":""0.1.4"",""torch"":""2.10.0+rocm7.0"",""torchmetrics"":""1.9.0""}",smoke_not_paper_comparable
appendix-smoke,smoke,kodim01,768,512,G-P-PEPS-L1,0,psnr,8.254032732250392,426496,11459,437955,2.69353700722677,2.529073794023134,1,4,9004fe2240b9e84c55ae641ba78c0ad5f83398a6,True,/home/aup/yy/workspace/peps/configs/paper/image_appendix_smoke.toml,"{""batch_size"":512,""checkpoint_every"":1,""cosine"":false,""encoder_lr"":0.01,""log_every"":1,""loss"":""l1"",""model_lr"":0.01,""seed"":0,""steps"":1,""task"":""image"",""total_steps"":1}","{""flip-evaluator"":""1.7"",""lpips"":""0.1.4"",""torch"":""2.10.0+rocm7.0"",""torchmetrics"":""1.9.0""}",smoke_not_paper_comparable
appendix-smoke,smoke,kodim01,768,512,G-P-PEPS-L1,0,ssim,0.10657931864261627,426496,11459,437955,2.69353700722677,2.529073794023134,1,4,9004fe2240b9e84c55ae641ba78c0ad5f83398a6,True,/home/aup/yy/workspace/peps/configs/paper/image_appendix_smoke.toml,"{""batch_size"":512,""checkpoint_every"":1,""cosine"":false,""encoder_lr"":0.01,""log_every"":1,""loss"":""l1"",""model_lr"":0.01,""seed"":0,""steps"":1,""task"":""image"",""total_steps"":1}","{""flip-evaluator"":""1.7"",""lpips"":""0.1.4"",""torch"":""2.10.0+rocm7.0"",""torchmetrics"":""1.9.0""}",smoke_not_paper_comparable
appendix-smoke,smoke,kodim01,768,512,NTC_N-L1,0,psnr,10.251047079921767,417792,13699,431491,2.733887844705915,2.817750900052488,2,4,9004fe2240b9e84c55ae641ba78c0ad5f83398a6,True,/home/aup/yy/workspace/peps/configs/paper/image_appendix_smoke.toml,"{""batch_size"":512,""checkpoint_every"":1,""cosine"":false,""encoder_lr"":0.01,""log_every"":1,""loss"":""l1"",""model_lr"":0.01,""seed"":0,""steps"":1,""task"":""image"",""total_steps"":1}","{""flip-evaluator"":""1.7"",""lpips"":""0.1.4"",""torch"":""2.10.0+rocm7.0"",""torchmetrics"":""1.9.0""}",smoke_not_paper_comparable
appendix-smoke,smoke,kodim01,768,512,NTC_N-L1,0,ssim,0.1937267780303955,417792,13699,431491,2.733887844705915,2.817750900052488,2,4,9004fe2240b9e84c55ae641ba78c0ad5f83398a6,True,/home/aup/yy/workspace/peps/configs/paper/image_appendix_smoke.toml,"{""batch_size"":512,""checkpoint_every"":1,""cosine"":false,""encoder_lr"":0.01,""log_every"":1,""loss"":""l1"",""model_lr"":0.01,""seed"":0,""steps"":1,""task"":""image"",""total_steps"":1}","{""flip-evaluator"":""1.7"",""lpips"":""0.1.4"",""torch"":""2.10.0+rocm7.0"",""torchmetrics"":""1.9.0""}",smoke_not_paper_comparable
appendix-smoke,smoke,kodim01,768,512,G-PEPS-no-sharing,0,psnr,7.432079721757132,422688,16195,438883,2.68784163433079,2.6644664640771225,3,4,9004fe2240b9e84c55ae641ba78c0ad5f83398a6,True,/home/aup/yy/workspace/peps/configs/paper/image_appendix_smoke.toml,"{""batch_size"":512,""checkpoint_every"":1,""cosine"":true,""encoder_lr"":0.1,""log_every"":1,""loss"":""l2"",""model_lr"":0.001,""seed"":0,""steps"":1,""task"":""image"",""total_steps"":1}","{""flip-evaluator"":""1.7"",""lpips"":""0.1.4"",""torch"":""2.10.0+rocm7.0"",""torchmetrics"":""1.9.0""}",smoke_not_paper_comparable
appendix-smoke,smoke,kodim01,768,512,G-PEPS-no-sharing,0,ssim,0.059208743274211884,422688,16195,438883,2.68784163433079,2.6644664640771225,3,4,9004fe2240b9e84c55ae641ba78c0ad5f83398a6,True,/home/aup/yy/workspace/peps/configs/paper/image_appendix_smoke.toml,"{""batch_size"":512,""checkpoint_every"":1,""cosine"":true,""encoder_lr"":0.1,""log_every"":1,""loss"":""l2"",""model_lr"":0.001,""seed"":0,""steps"":1,""task"":""image"",""total_steps"":1}","{""flip-evaluator"":""1.7"",""lpips"":""0.1.4"",""torch"":""2.10.0+rocm7.0"",""torchmetrics"":""1.9.0""}",smoke_not_paper_comparable
appendix-smoke,smoke,kodim01,768,512,G-PEPS-no-original-point,0,psnr,7.00758318096698,426496,15107,441603,2.6712862005013553,0.8273838619934395,0,4,9004fe2240b9e84c55ae641ba78c0ad5f83398a6,True,/home/aup/yy/workspace/peps/configs/paper/image_appendix_smoke.toml,"{""batch_size"":512,""checkpoint_every"":1,""cosine"":true,""encoder_lr"":0.1,""log_every"":1,""loss"":""l2"",""model_lr"":0.001,""seed"":0,""steps"":1,""task"":""image"",""total_steps"":1}","{""flip-evaluator"":""1.7"",""lpips"":""0.1.4"",""torch"":""2.10.0+rocm7.0"",""torchmetrics"":""1.9.0""}",smoke_not_paper_comparable
appendix-smoke,smoke,kodim01,768,512,G-PEPS-no-original-point,0,ssim,0.05750933662056923,426496,15107,441603,2.6712862005013553,0.8273838619934395,0,4,9004fe2240b9e84c55ae641ba78c0ad5f83398a6,True,/home/aup/yy/workspace/peps/configs/paper/image_appendix_smoke.toml,"{""batch_size"":512,""checkpoint_every"":1,""cosine"":true,""encoder_lr"":0.1,""log_every"":1,""loss"":""l2"",""model_lr"":0.001,""seed"":0,""steps"":1,""task"":""image"",""total_steps"":1}","{""flip-evaluator"":""1.7"",""lpips"":""0.1.4"",""torch"":""2.10.0+rocm7.0"",""torchmetrics"":""1.9.0""}",smoke_not_paper_comparable
appendix-smoke,smoke,kodim01,768,512,G-PEPS-full-sum,0,psnr,6.336807905388754,426496,9667,436163,2.704603554175847,0.3697815160267055,1,4,9004fe2240b9e84c55ae641ba78c0ad5f83398a6,True,/home/aup/yy/workspace/peps/configs/paper/image_appendix_smoke.toml,"{""batch_size"":512,""checkpoint_every"":1,""cosine"":true,""encoder_lr"":0.1,""log_every"":1,""loss"":""l2"",""model_lr"":0.001,""seed"":0,""steps"":1,""task"":""image"",""total_steps"":1}","{""flip-evaluator"":""1.7"",""lpips"":""0.1.4"",""torch"":""2.10.0+rocm7.0"",""torchmetrics"":""1.9.0""}",smoke_not_paper_comparable
appendix-smoke,smoke,kodim01,768,512,G-PEPS-full-sum,0,ssim,-0.03798156604170799,426496,9667,436163,2.704603554175847,0.3697815160267055,1,4,9004fe2240b9e84c55ae641ba78c0ad5f83398a6,True,/home/aup/yy/workspace/peps/configs/paper/image_appendix_smoke.toml,"{""batch_size"":512,""checkpoint_every"":1,""cosine"":true,""encoder_lr"":0.1,""log_every"":1,""loss"":""l2"",""model_lr"":0.001,""seed"":0,""steps"":1,""task"":""image"",""total_steps"":1}","{""flip-evaluator"":""1.7"",""lpips"":""0.1.4"",""torch"":""2.10.0+rocm7.0"",""torchmetrics"":""1.9.0""}",smoke_not_paper_comparable
appendix-smoke,smoke,kodim01,768,512,G-PEPS-frequency-pair-sum,0,psnr,6.827902067029683,426496,12931,439427,2.6845141513835062,0.7999328199075535,2,4,9004fe2240b9e84c55ae641ba78c0ad5f83398a6,True,/home/aup/yy/workspace/peps/configs/paper/image_appendix_smoke.toml,"{""batch_size"":512,""checkpoint_every"":1,""cosine"":true,""encoder_lr"":0.1,""log_every"":1,""loss"":""l2"",""model_lr"":0.001,""seed"":0,""steps"":1,""task"":""image"",""total_steps"":1}","{""flip-evaluator"":""1.7"",""lpips"":""0.1.4"",""torch"":""2.10.0+rocm7.0"",""torchmetrics"":""1.9.0""}",smoke_not_paper_comparable
appendix-smoke,smoke,kodim01,768,512,G-PEPS-frequency-pair-sum,0,ssim,0.038363151252269745,426496,12931,439427,2.6845141513835062,0.7999328199075535,2,4,9004fe2240b9e84c55ae641ba78c0ad5f83398a6,True,/home/aup/yy/workspace/peps/configs/paper/image_appendix_smoke.toml,"{""batch_size"":512,""checkpoint_every"":1,""cosine"":true,""encoder_lr"":0.1,""log_every"":1,""loss"":""l2"",""model_lr"":0.001,""seed"":0,""steps"":1,""task"":""image"",""total_steps"":1}","{""flip-evaluator"":""1.7"",""lpips"":""0.1.4"",""torch"":""2.10.0+rocm7.0"",""torchmetrics"":""1.9.0""}",smoke_not_paper_comparable
appendix-smoke,smoke,kodim01,768,512,G-Brownian-PEPS,0,psnr,8.08640714904393,426496,10435,436931,2.6998496330084154,0.2927332210820168,3,4,9004fe2240b9e84c55ae641ba78c0ad5f83398a6,True,/home/aup/yy/workspace/peps/configs/paper/image_appendix_smoke.toml,"{""batch_size"":512,""checkpoint_every"":1,""cosine"":true,""encoder_lr"":0.1,""log_every"":1,""loss"":""l2"",""model_lr"":0.001,""seed"":0,""steps"":1,""task"":""image"",""total_steps"":1}","{""flip-evaluator"":""1.7"",""lpips"":""0.1.4"",""torch"":""2.10.0+rocm7.0"",""torchmetrics"":""1.9.0""}",smoke_not_paper_comparable
appendix-smoke,smoke,kodim01,768,512,G-Brownian-PEPS,0,ssim,0.09394235163927078,426496,10435,436931,2.6998496330084154,0.2927332210820168,3,4,9004fe2240b9e84c55ae641ba78c0ad5f83398a6,True,/home/aup/yy/workspace/peps/configs/paper/image_appendix_smoke.toml,"{""batch_size"":512,""checkpoint_every"":1,""cosine"":true,""encoder_lr"":0.1,""log_every"":1,""loss"":""l2"",""model_lr"":0.001,""seed"":0,""steps"":1,""task"":""image"",""total_steps"":1}","{""flip-evaluator"":""1.7"",""lpips"":""0.1.4"",""torch"":""2.10.0+rocm7.0"",""torchmetrics"":""1.9.0""}",smoke_not_paper_comparable
appendix-smoke,smoke,kodim01,768,512,G-P-PEPS-L2-fixed-LeakyReLU,0,psnr,8.239985572838908,426496,11459,437955,2.69353700722677,0.8461256329901516,0,4,9004fe2240b9e84c55ae641ba78c0ad5f83398a6,True,/home/aup/yy/workspace/peps/configs/paper/image_appendix_smoke.toml,"{""batch_size"":512,""checkpoint_every"":1,""cosine"":false,""encoder_lr"":0.01,""log_every"":1,""loss"":""l2"",""model_lr"":0.01,""seed"":0,""steps"":1,""task"":""image"",""total_steps"":1}","{""flip-evaluator"":""1.7"",""lpips"":""0.1.4"",""torch"":""2.10.0+rocm7.0"",""torchmetrics"":""1.9.0""}",smoke_not_paper_comparable
appendix-smoke,smoke,kodim01,768,512,G-P-PEPS-L2-fixed-LeakyReLU,0,ssim,0.10045447200536728,426496,11459,437955,2.69353700722677,0.8461256329901516,0,4,9004fe2240b9e84c55ae641ba78c0ad5f83398a6,True,/home/aup/yy/workspace/peps/configs/paper/image_appendix_smoke.toml,"{""batch_size"":512,""checkpoint_every"":1,""cosine"":false,""encoder_lr"":0.01,""log_every"":1,""loss"":""l2"",""model_lr"":0.01,""seed"":0,""steps"":1,""task"":""image"",""total_steps"":1}","{""flip-evaluator"":""1.7"",""lpips"":""0.1.4"",""torch"":""2.10.0+rocm7.0"",""torchmetrics"":""1.9.0""}",smoke_not_paper_comparable
appendix-smoke,smoke,kodim01,768,512,G-P-PEPS-L1-fixed-GELU,0,psnr,8.511906123640758,426496,11459,437955,2.69353700722677,0.41140157310292125,1,4,9004fe2240b9e84c55ae641ba78c0ad5f83398a6,True,/home/aup/yy/workspace/peps/configs/paper/image_appendix_smoke.toml,"{""batch_size"":512,""checkpoint_every"":1,""cosine"":false,""encoder_lr"":0.01,""log_every"":1,""loss"":""l1"",""model_lr"":0.01,""seed"":0,""steps"":1,""task"":""image"",""total_steps"":1}","{""flip-evaluator"":""1.7"",""lpips"":""0.1.4"",""torch"":""2.10.0+rocm7.0"",""torchmetrics"":""1.9.0""}",smoke_not_paper_comparable
appendix-smoke,smoke,kodim01,768,512,G-P-PEPS-L1-fixed-GELU,0,ssim,0.13191771507263184,426496,11459,437955,2.69353700722677,0.41140157310292125,1,4,9004fe2240b9e84c55ae641ba78c0ad5f83398a6,True,/home/aup/yy/workspace/peps/configs/paper/image_appendix_smoke.toml,"{""batch_size"":512,""checkpoint_every"":1,""cosine"":false,""encoder_lr"":0.01,""log_every"":1,""loss"":""l1"",""model_lr"":0.01,""seed"":0,""steps"":1,""task"":""image"",""total_steps"":1}","{""flip-evaluator"":""1.7"",""lpips"":""0.1.4"",""torch"":""2.10.0+rocm7.0"",""torchmetrics"":""1.9.0""}",smoke_not_paper_comparable
appendix-smoke,smoke,kodim01,768,512,G-P-PEPS-L1-fixed-SiLU,0,psnr,8.528162209555848,426496,11459,437955,2.69353700722677,0.2072530360892415,2,4,9004fe2240b9e84c55ae641ba78c0ad5f83398a6,True,/home/aup/yy/workspace/peps/configs/paper/image_appendix_smoke.toml,"{""batch_size"":512,""checkpoint_every"":1,""cosine"":false,""encoder_lr"":0.01,""log_every"":1,""loss"":""l1"",""model_lr"":0.01,""seed"":0,""steps"":1,""task"":""image"",""total_steps"":1}","{""flip-evaluator"":""1.7"",""lpips"":""0.1.4"",""torch"":""2.10.0+rocm7.0"",""torchmetrics"":""1.9.0""}",smoke_not_paper_comparable
appendix-smoke,smoke,kodim01,768,512,G-P-PEPS-L1-fixed-SiLU,0,ssim,0.13321582973003387,426496,11459,437955,2.69353700722677,0.2072530360892415,2,4,9004fe2240b9e84c55ae641ba78c0ad5f83398a6,True,/home/aup/yy/workspace/peps/configs/paper/image_appendix_smoke.toml,"{""batch_size"":512,""checkpoint_every"":1,""cosine"":false,""encoder_lr"":0.01,""log_every"":1,""loss"":""l1"",""model_lr"":0.01,""seed"":0,""steps"":1,""task"":""image"",""total_steps"":1}","{""flip-evaluator"":""1.7"",""lpips"":""0.1.4"",""torch"":""2.10.0+rocm7.0"",""torchmetrics"":""1.9.0""}",smoke_not_paper_comparable
appendix-smoke,smoke,kodim01,768,512,G-P-PEPS-L1-dual-cosine-LeakyReLU,0,psnr,7.085450302831876,426496,11459,437955,2.69353700722677,0.6925038249464706,3,4,9004fe2240b9e84c55ae641ba78c0ad5f83398a6,True,/home/aup/yy/workspace/peps/configs/paper/image_appendix_smoke.toml,"{""batch_size"":512,""checkpoint_every"":1,""cosine"":true,""encoder_lr"":0.1,""log_every"":1,""loss"":""l1"",""model_lr"":0.001,""seed"":0,""steps"":1,""task"":""image"",""total_steps"":1}","{""flip-evaluator"":""1.7"",""lpips"":""0.1.4"",""torch"":""2.10.0+rocm7.0"",""torchmetrics"":""1.9.0""}",smoke_not_paper_comparable
appendix-smoke,smoke,kodim01,768,512,G-P-PEPS-L1-dual-cosine-LeakyReLU,0,ssim,-0.007468822877854109,426496,11459,437955,2.69353700722677,0.6925038249464706,3,4,9004fe2240b9e84c55ae641ba78c0ad5f83398a6,True,/home/aup/yy/workspace/peps/configs/paper/image_appendix_smoke.toml,"{""batch_size"":512,""checkpoint_every"":1,""cosine"":true,""encoder_lr"":0.1,""log_every"":1,""loss"":""l1"",""model_lr"":0.001,""seed"":0,""steps"":1,""task"":""image"",""total_steps"":1}","{""flip-evaluator"":""1.7"",""lpips"":""0.1.4"",""torch"":""2.10.0+rocm7.0"",""torchmetrics"":""1.9.0""}",smoke_not_paper_comparable
appendix-smoke,smoke,kodim01,768,512,G-PEPS-WIRE-sensitivity,0,psnr,5.7198401640713055,426496,16195,442691,2.6647209904877216,0.25396794092375785,0,4,9004fe2240b9e84c55ae641ba78c0ad5f83398a6,True,/home/aup/yy/workspace/peps/configs/paper/image_appendix_smoke.toml,"{""batch_size"":512,""checkpoint_every"":1,""cosine"":false,""encoder_lr"":0.01,""log_every"":1,""loss"":""l1"",""model_lr"":0.01,""seed"":0,""steps"":1,""task"":""image"",""total_steps"":1}","{""flip-evaluator"":""1.7"",""lpips"":""0.1.4"",""torch"":""2.10.0+rocm7.0"",""torchmetrics"":""1.9.0""}",smoke_not_paper_comparable
appendix-smoke,smoke,kodim01,768,512,G-PEPS-WIRE-sensitivity,0,ssim,-0.0014658634318038821,426496,16195,442691,2.6647209904877216,0.25396794092375785,0,4,9004fe2240b9e84c55ae641ba78c0ad5f83398a6,True,/home/aup/yy/workspace/peps/configs/paper/image_appendix_smoke.toml,"{""batch_size"":512,""checkpoint_every"":1,""cosine"":false,""encoder_lr"":0.01,""log_every"":1,""loss"":""l1"",""model_lr"":0.01,""seed"":0,""steps"":1,""task"":""image"",""total_steps"":1}","{""flip-evaluator"":""1.7"",""lpips"":""0.1.4"",""torch"":""2.10.0+rocm7.0"",""torchmetrics"":""1.9.0""}",smoke_not_paper_comparable
